0.8500891327857971,0.6807714104652405,-5.509473339770921e-07,0.7782502174377441,0.658521831035614,-0.03127480298280716,0.7341121435165405,0.5748404264450073,-0.03954776003956795,0.7246696949005127,0.49056774377822876,-0.04585547372698784,0.7124673128128052,0.43062448501586914,-0.04455044865608215,0.7661253213882446,0.48781663179397583,-0.004672618582844734,0.7672776579856873,0.43535342812538147,-0.03175900876522064,0.7773003578186035,0.508765459060669,-0.03895397111773491,0.7801795601844788,0.5338106751441956,-0.03937466815114021,0.812698245048523,0.4825948178768158,-0.0016857543960213661,0.8148910999298096,0.43727123737335205,-0.029907159507274628,0.815618634223938,0.5229538083076477,-0.029822248965501785,0.8129850029945374,0.5281853079795837,-0.022514542564749718,0.8563557267189026,0.4873691201210022,-0.0061048660427331924,0.8605947494506836,0.44485539197921753,-0.038368772715330124,0.8551421165466309,0.5219863653182983,-0.023697786033153534,0.8515045642852783,0.5322502255439758,-0.005871541798114777,0.897864818572998,0.4979056119918823,-0.013494942337274551,0.901811957359314,0.4568417966365814,-0.031070491299033165,0.8924751281738281,0.5110188722610474,-0.017955362796783447,0.8869011998176575,0.5290012359619141,-0.003261149162426591,A
0.8299664855003357,0.6619807481765747,-5.372507416723238e-07,0.7580236196517944,0.6404602527618408,-0.03125679865479469,0.7122048735618591,0.5601813197135925,-0.0402347631752491,0.6996356248855591,0.47679731249809265,-0.04743942990899086,0.6851111054420471,0.41629740595817566,-0.04744148254394531,0.7396212220191956,0.47436773777008057,-0.00506135169416666,0.739701509475708,0.4190842807292938,-0.032588403671979904,0.7537273168563843,0.4898149073123932,-0.04105186462402344,0.758448600769043,0.5203413367271423,-0.04228243604302406,0.7863624691963196,0.46552425622940063,-0.0021478261332958937,0.7859482169151306,0.4181555211544037,-0.030345741659402847,0.7917497158050537,0.5027784109115601,-0.0317310132086277,0.7901564836502075,0.5144931077957153,-0.025821784511208534,0.8305783271789551,0.46763697266578674,-0.0064422073774039745,0.8335660696029663,0.4211592972278595,-0.03923990949988365,0.8317161798477173,0.5007789731025696,-0.025146309286355972,0.8280110955238342,0.5186729431152344,-0.007590182591229677,0.8720526099205017,0.4774320125579834,-0.013593696989119053,0.8754096031188965,0.4338071048259735,-0.032812535762786865,0.8682914972305298,0.4890556335449219,-0.020377539098262787,0.8619897365570068,0.5112437009811401,-0.005918672773987055,A
0.8291463255882263,0.6598315834999084,-5.301932333168224e-07,0.7587968707084656,0.6389948129653931,-0.03392002359032631,0.7128655910491943,0.5599548816680908,-0.044188469648361206,0.6996897459030151,0.4769170880317688,-0.052361663430929184,0.6843714714050293,0.4158596396446228,-0.05319715663790703,0.7390961647033691,0.47077688574790955,-0.005636213812977076,0.7393986582756042,0.4173819422721863,-0.03496455401182175,0.7525648474693298,0.48886480927467346,-0.044357702136039734,0.7567125558853149,0.5180668234825134,-0.04576561599969864,0.7855845093727112,0.4631246030330658,-0.0015805509174242616,0.785540759563446,0.4168025851249695,-0.03150378167629242,0.7903091907501221,0.502628743648529,-0.0331832692027092,0.7880769371986389,0.5118532180786133,-0.026844481006264687,0.8294044733047485,0.46527308225631714,-0.005261835176497698,0.8324878811836243,0.4196195602416992,-0.03955868259072304,0.8300208449363708,0.4996855854988098,-0.02539326250553131,0.8264548182487488,0.5156795978546143,-0.007215073332190514,0.8705556392669678,0.47443369030952454,-0.012053271755576134,0.8731691241264343,0.4310423731803894,-0.031710434705019,0.8662734031677246,0.48674795031547546,-0.019109832122921944,0.8610947728157043,0.5082097053527832,-0.004206008743494749,A
0.8123018741607666,0.7209900617599487,-5.915120482313796e-07,0.7457334399223328,0.697603166103363,-0.029864056035876274,0.7018367648124695,0.6031498908996582,-0.03765014186501503,0.6812448501586914,0.5183467864990234,-0.04412315785884857,0.6546862721443176,0.46985265612602234,-0.04363498464226723,0.7340219020843506,0.5276275873184204,-0.006553740706294775,0.7278157472610474,0.46708738803863525,-0.03855182230472565,0.7414688467979431,0.5449302792549133,-0.0491359569132328,0.7496501207351685,0.5688714981079102,-0.05150222033262253,0.7813473343849182,0.5252289772033691,-0.004781363066285849,0.7753002047538757,0.4722120761871338,-0.0370810367166996,0.7773393988609314,0.5632153749465942,-0.0369911715388298,0.7797607183456421,0.5687759518623352,-0.028863755986094475,0.8252149224281311,0.5325061678886414,-0.010584414936602116,0.8223700523376465,0.4826743006706238,-0.045724350959062576,0.8171567916870117,0.5662009119987488,-0.027637116611003876,0.8193215131759644,0.5746052861213684,-0.0065752724185585976,0.8663695454597473,0.5438619256019592,-0.019367028027772903,0.867055356502533,0.5016728639602661,-0.037169698625802994,0.8587031364440918,0.5579188466072083,-0.02164066955447197,0.8585056662559509,0.5728474259376526,-0.00523775490000844,A
0.7800624370574951,0.6753549575805664,-6.671548931080906e-07,0.7072322368621826,0.6511958837509155,-0.022814512252807617,0.6604968309402466,0.5561946630477905,-0.028314149007201195,0.6447679996490479,0.46810412406921387,-0.03472055494785309,0.6210907101631165,0.4100978970527649,-0.03531673923134804,0.6927793622016907,0.4749567210674286,0.000801698537543416,0.6836413145065308,0.4080768823623657,-0.03336577117443085,0.6984626650810242,0.48371511697769165,-0.04746271297335625,0.7102208137512207,0.5274145007133484,-0.050068069249391556,0.7389905452728271,0.4674411118030548,-0.0010855317814275622,0.7309111952781677,0.4060106575489044,-0.03610360994935036,0.739439070224762,0.49783170223236084,-0.03994954004883766,0.746039628982544,0.5265669226646423,-0.032672472298145294,0.7847035527229309,0.4709850251674652,-0.00997982919216156,0.7781479954719543,0.41261664032936096,-0.04584367945790291,0.7794265747070312,0.4994913637638092,-0.029718583449721336,0.7830210328102112,0.5291449427604675,-0.008352921344339848,0.8300692439079285,0.48102641105651855,-0.021192070096731186,0.8237680196762085,0.4290250241756439,-0.03917272761464119,0.8179439306259155,0.4884736239910126,-0.023351985961198807,0.8182296752929688,0.5146018266677856,-0.005650785751640797,A
0.7619587182998657,0.6620659828186035,-6.747538350282412e-07,0.6880557537078857,0.6416372656822205,-0.0210544615983963,0.6406824588775635,0.5525937676429749,-0.026451436802744865,0.6264863610267639,0.4654669463634491,-0.033064790070056915,0.6058259606361389,0.4064432978630066,-0.03428981453180313,0.6754069328308105,0.47157424688339233,3.8747784856241196e-05,0.6628147959709167,0.4054294228553772,-0.033646389842033386,0.6765590310096741,0.4794783294200897,-0.04723317176103592,0.6892627477645874,0.521750271320343,-0.04947219416499138,0.7197034955024719,0.464105486869812,-0.0025423255283385515,0.7081490755081177,0.4040249288082123,-0.036391302943229675,0.7169449329376221,0.493004709482193,-0.03944764286279678,0.7257027626037598,0.5209625959396362,-0.03187031298875809,0.7637705206871033,0.4658782184123993,-0.01189437136054039,0.7532931566238403,0.40959402918815613,-0.04647461697459221,0.7560338377952576,0.49548855423927307,-0.030154084786772728,0.7619268894195557,0.524872362613678,-0.008979424834251404,0.808937132358551,0.473452627658844,-0.023479729890823364,0.7985816597938538,0.4224308729171753,-0.040414802730083466,0.7940203547477722,0.48144733905792236,-0.02450675144791603,0.7963563799858093,0.5079811215400696,-0.007001431658864021,A
0.8253605961799622,0.7521185278892517,-5.864775403097156e-07,0.7619795203208923,0.7180770635604858,-0.029515812173485756,0.7131485939025879,0.6202850937843323,-0.03681126609444618,0.6824743151664734,0.5407419204711914,-0.04376545548439026,0.6505076289176941,0.491324245929718,-0.04423730447888374,0.7336505055427551,0.5390896797180176,0.0031006664503365755,0.7270172834396362,0.4760136604309082,-0.03067682683467865,0.7466233372688293,0.5501953959465027,-0.04579772427678108,0.7574753761291504,0.5836844444274902,-0.050384532660245895,0.7799427509307861,0.5338189601898193,0.004226196091622114,0.7772080302238464,0.47889620065689087,-0.03128638118505478,0.7861232161521912,0.573097825050354,-0.036442119628190994,0.7867739200592041,0.5931926965713501,-0.030171630904078484,0.8246440887451172,0.541996955871582,-0.0026855729520320892,0.8256257772445679,0.4900946617126465,-0.041405655443668365,0.8246042728424072,0.5787152647972107,-0.0278455913066864,0.8222483992576599,0.6004500389099121,-0.007699195761233568,0.867466926574707,0.5567086935043335,-0.012207765132188797,0.8684654831886292,0.515328049659729,-0.03284008055925369,0.8612605929374695,0.5766223073005676,-0.018835384398698807,0.8566844463348389,0.5978495478630066,-0.002032920718193054,A
0.8209612369537354,0.7508066892623901,-6.087646511332423e-07,0.7568418383598328,0.7170333862304688,-0.0288353580981493,0.7086482644081116,0.6183639168739319,-0.03563188388943672,0.6786816120147705,0.5363904237747192,-0.04226600378751755,0.6466833353042603,0.4858163595199585,-0.04228948801755905,0.729050874710083,0.537298858165741,0.00437823636457324,0.7217054963111877,0.47345036268234253,-0.029246225953102112,0.741176426410675,0.5484181642532349,-0.04409078508615494,0.7513074278831482,0.5790493488311768,-0.048754334449768066,0.7752050757408142,0.5324372053146362,0.005229469854384661,0.7713667750358582,0.47807738184928894,-0.029672330245375633,0.779562771320343,0.5726045966148376,-0.03446822986006737,0.7799686789512634,0.5888711214065552,-0.02830536477267742,0.8198801279067993,0.5402567982673645,-0.0020560319535434246,0.8195486664772034,0.4877389669418335,-0.04081784933805466,0.8181498050689697,0.5783272981643677,-0.026859518140554428,0.8164608478546143,0.5981682538986206,-0.006578087341040373,0.8628767728805542,0.5539156794548035,-0.011958274058997631,0.8631598949432373,0.5126923322677612,-0.03282918781042099,0.8552256226539612,0.5759587287902832,-0.01878637820482254,0.8512531518936157,0.596892237663269,-0.0020059451926499605,A
0.8273176550865173,0.7684453725814819,-6.821587135164009e-07,0.7513408660888672,0.7202587127685547,-0.018709806725382805,0.7102290987968445,0.6138824820518494,-0.021414371207356453,0.6891273260116577,0.5300581455230713,-0.02625267393887043,0.659715473651886,0.47765758633613586,-0.025251038372516632,0.7483463883399963,0.5359584093093872,0.014825189486145973,0.7265293598175049,0.4761727452278137,-0.015224192291498184,0.7388688921928406,0.554095983505249,-0.029048578813672066,0.7532662153244019,0.5910632610321045,-0.033073101192712784,0.7929620146751404,0.5348061919212341,0.011712055653333664,0.7694237232208252,0.4838966131210327,-0.018814194947481155,0.774040699005127,0.5766883492469788,-0.021388186141848564,0.7882819771766663,0.597267746925354,-0.014065640978515148,0.8364389538764954,0.5495906472206116,0.001113216974772513,0.8142624497413635,0.5026106834411621,-0.0323861688375473,0.8129771947860718,0.5928685665130615,-0.01628176122903824,0.8257678151130676,0.6145361065864563,0.004552882164716721,0.8780049681663513,0.5710880160331726,-0.011772128753364086,0.8581689596176147,0.5352140069007874,-0.028222279623150826,0.8473126292228699,0.596505880355835,-0.012907669879496098,0.8548718094825745,0.6160847544670105,0.0039774770848453045,A
0.8233270049095154,0.7468911409378052,-4.3651229475472064e-07,0.7655591368675232,0.7262619733810425,-0.03333002328872681,0.7124127149581909,0.639557957649231,-0.04475072771310806,0.6809498071670532,0.5619205832481384,-0.055442847311496735,0.6443084478378296,0.5141540765762329,-0.05976814404129982,0.710516095161438,0.5459550023078918,0.0028706598095595837,0.7077108025550842,0.4906271696090698,-0.034047119319438934,0.734795093536377,0.5436168909072876,-0.05201512575149536,0.7500411868095398,0.5786471962928772,-0.05688096210360527,0.7538318634033203,0.5322796702384949,0.004643910564482212,0.7542551159858704,0.4789085388183594,-0.0329381562769413,0.7745290994644165,0.5638226866722107,-0.03972996026277542,0.7754908204078674,0.5868062376976013,-0.03283468633890152,0.798224151134491,0.5321310758590698,-0.0022633804474025965,0.8017866015434265,0.4849877655506134,-0.04209967330098152,0.8108580112457275,0.5652081370353699,-0.02960352972149849,0.80750972032547,0.5891757011413574,-0.009188268333673477,0.8407664895057678,0.5413406491279602,-0.012254828587174416,0.841220498085022,0.5012038350105286,-0.03412668779492378,0.8418717980384827,0.558563768863678,-0.020122289657592773,0.837128221988678,0.5810742378234863,-0.002144112018868327,A
0.774118959903717,0.6742231845855713,-4.576567960157263e-07,0.7186270952224731,0.6484645009040833,-0.03212202340364456,0.6800462603569031,0.5655020475387573,-0.042665816843509674,0.6592853665351868,0.49186277389526367,-0.05141718313097954,0.6321756839752197,0.447127103805542,-0.05355754867196083,0.6969330906867981,0.48891082406044006,-0.005541717167943716,0.6966400742530823,0.4434071183204651,-0.03401771932840347,0.7117809653282166,0.5094491243362427,-0.04270956292748451,0.7172998189926147,0.5292201638221741,-0.04442264139652252,0.7411025166511536,0.48391085863113403,-0.002417805604636669,0.740980327129364,0.44500091671943665,-0.03336134925484657,0.7435038685798645,0.528942346572876,-0.034781478345394135,0.7402858734130859,0.5288530588150024,-0.027608726173639297,0.7832281589508057,0.4896014928817749,-0.006664486601948738,0.7865432500839233,0.45410430431365967,-0.04093341529369354,0.7805691361427307,0.5301303863525391,-0.02697308547794819,0.7755345106124878,0.5334516167640686,-0.009015937335789204,0.8213782906532288,0.500688910484314,-0.013881588354706764,0.8253985643386841,0.47449690103530884,-0.033292800188064575,0.8160114884376526,0.5275592803955078,-0.021505847573280334,0.8097862601280212,0.5382020473480225,-0.007560569792985916,A
0.8325240612030029,0.8148293495178223,-5.712485631192976e-07,0.7724388837814331,0.7900133728981018,-0.020286325365304947,0.7260769009590149,0.702113926410675,-0.023868907243013382,0.7008761167526245,0.6264384984970093,-0.028726663440465927,0.6730594038963318,0.5791462063789368,-0.02853383868932724,0.739393949508667,0.6282011270523071,0.01126593817025423,0.7314478754997253,0.5706201195716858,-0.018103312700986862,0.7500179409980774,0.630854070186615,-0.03168660029768944,0.7607854008674622,0.6636006832122803,-0.03495297580957413,0.7784008383750916,0.6215620636940002,0.009067690931260586,0.7733844518661499,0.5700570344924927,-0.02060696855187416,0.7856862545013428,0.6496583223342896,-0.025159751996397972,0.7892834544181824,0.6721026301383972,-0.01933116838335991,0.8173020482063293,0.6257632970809937,-0.0002596160920802504,0.8143137097358704,0.5758025646209717,-0.033420391380786896,0.819253146648407,0.6543893218040466,-0.021487079560756683,0.8199930787086487,0.6813150644302368,-0.003537274431437254,0.8554678559303284,0.6364303827285767,-0.01154992263764143,0.8528512716293335,0.5951929092407227,-0.02900325134396553,0.850534975528717,0.652324914932251,-0.015808381140232086,0.8489341735839844,0.6778205037117004,-0.00022596500639338046,A
0.7673524618148804,0.6593139171600342,-8.41612404656189e-07,0.6711440086364746,0.6234989166259766,-0.03437960147857666,0.605195939540863,0.4967378079891205,-0.0412273183465004,0.5727813839912415,0.3835529088973999,-0.048686541616916656,0.5349100232124329,0.31481343507766724,-0.04772629216313362,0.6373984813690186,0.38920214772224426,0.009339715354144573,0.6254501938819885,0.30254730582237244,-0.03338799625635147,0.6510095596313477,0.4027010500431061,-0.05104241147637367,0.6655707955360413,0.4510272145271301,-0.05506608635187149,0.6990251541137695,0.37933704257011414,0.008991933427751064,0.6881422996520996,0.30509480834007263,-0.03540029004216194,0.7030438780784607,0.42981743812561035,-0.04046415910124779,0.7080857157707214,0.45785242319107056,-0.031065233051776886,0.7589253783226013,0.3849697411060333,-0.001798736397176981,0.7516087889671326,0.31545281410217285,-0.05107054486870766,0.7555742263793945,0.4359625279903412,-0.03115730546414852,0.7576805949211121,0.46848931908607483,-0.003359920810908079,0.8176833987236023,0.39809226989746094,-0.015914445742964745,0.8118316531181335,0.3423185348510742,-0.04111641272902489,0.8054856657981873,0.4260287284851074,-0.021062219515442848,0.8043845891952515,0.45747485756874084,0.0019226466538384557,A
0.7008850574493408,0.7482978105545044,-5.346777243175893e-07,0.6431569457054138,0.7269973754882812,-0.022977149114012718,0.6026573777198792,0.6430482268333435,-0.027316704392433167,0.5840386748313904,0.5690582990646362,-0.03154798597097397,0.5619456768035889,0.5236809849739075,-0.030251843854784966,0.6233910322189331,0.5747873187065125,0.0041197557002305984,0.6196718215942383,0.5219764113426208,-0.023929042741656303,0.6331204771995544,0.5851575136184692,-0.03551918640732765,0.6400777101516724,0.6128179430961609,-0.038372673094272614,0.6623350977897644,0.5717647671699524,0.003970695659518242,0.6606038212776184,0.527031660079956,-0.024005284532904625,0.6653403043746948,0.6043014526367188,-0.026733821257948875,0.6652846932411194,0.617633044719696,-0.020797517150640488,0.6996757388114929,0.5776503682136536,-0.003195427590981126,0.7000182271003723,0.5344478487968445,-0.03459281474351883,0.6983172297477722,0.6086658239364624,-0.02243894524872303,0.6964726448059082,0.6238142848014832,-0.005560414865612984,0.7362331748008728,0.587851345539093,-0.012622104026377201,0.7376046180725098,0.5530616044998169,-0.029382089152932167,0.7311984300613403,0.6056780815124512,-0.017525769770145416,0.7273837924003601,0.623176634311676,-0.003700525499880314,A
0.7285332083702087,0.48021000623703003,-5.32336173364456e-07,0.6678609251976013,0.45185741782188416,-0.01760145090520382,0.6270480155944824,0.36726149916648865,-0.02000371366739273,0.6092014908790588,0.2922004163265228,-0.02378266490995884,0.5866312384605408,0.245717853307724,-0.02307853288948536,0.6486759185791016,0.2998531758785248,0.011789834126830101,0.6463868021965027,0.24257107079029083,-0.014380495063960552,0.6593768000602722,0.302505224943161,-0.027115516364574432,0.6659738421440125,0.336921364068985,-0.030520569533109665,0.6874901056289673,0.2957608997821808,0.009594984352588654,0.6861591339111328,0.24378901720046997,-0.017403392121195793,0.6930703520774841,0.32062408328056335,-0.022345928475260735,0.6943098902702332,0.3464624285697937,-0.01750994473695755,0.7252441644668579,0.30091413855552673,0.0010850602993741632,0.7255069017410278,0.2510617673397064,-0.028412507846951485,0.726071298122406,0.32423287630081177,-0.01770521141588688,0.725171685218811,0.3520737290382385,-0.0014550514752045274,0.7625743746757507,0.3123335540294647,-0.00912889838218689,0.7620640397071838,0.270752489566803,-0.024409545585513115,0.7571828365325928,0.32249581813812256,-0.012126555666327477,0.7538490891456604,0.3475765287876129,0.0022334700915962458,A
0.7879536747932434,0.7980265617370605,-4.3396974547249556e-07,0.7394158244132996,0.7765567302703857,-0.023925401270389557,0.7019393444061279,0.7032472491264343,-0.03019256517291069,0.6818734407424927,0.6380026340484619,-0.03593185544013977,0.6598494052886963,0.5938783288002014,-0.03654058650135994,0.7144630551338196,0.6381194591522217,0.002405946608632803,0.7118381857872009,0.5936392545700073,-0.022334109991788864,0.7262322306632996,0.6490038633346558,-0.03203880786895752,0.7324796319007874,0.6728174090385437,-0.03410547226667404,0.7491156458854675,0.6332578659057617,0.004055755212903023,0.7473931312561035,0.5956666469573975,-0.021229403093457222,0.7540693879127502,0.6657926440238953,-0.023366907611489296,0.7534241080284119,0.6766575574874878,-0.01760145090520382,0.783204197883606,0.6375278234481812,-0.0007466013776138425,0.7844588756561279,0.6007055640220642,-0.029542069882154465,0.7841845750808716,0.6665779948234558,-0.018667036667466164,0.7818508744239807,0.680972158908844,-0.0032518787775188684,0.8157120943069458,0.6467602849006653,-0.0076795113272964954,0.8162941932678223,0.6154448390007019,-0.023569848388433456,0.811456024646759,0.6620537638664246,-0.013003120198845863,0.8079855442047119,0.6784235239028931,-0.00019659525423776358,A
0.8469421863555908,0.7010731101036072,-6.574856001861917e-07,0.7673903107643127,0.6772396564483643,-0.026874393224716187,0.7063414454460144,0.5824490785598755,-0.02935037389397621,0.6755129098892212,0.4953184127807617,-0.032002341002225876,0.644631564617157,0.4443434476852417,-0.027382919564843178,0.7277361750602722,0.49802690744400024,0.013432675041258335,0.7192537188529968,0.43341687321662903,-0.016516828909516335,0.7435473203659058,0.5116984248161316,-0.02835388109087944,0.752937912940979,0.5371499061584473,-0.0313633568584919,0.776508629322052,0.48731106519699097,0.01424559485167265,0.770339846611023,0.43239885568618774,-0.017348958179354668,0.7833364009857178,0.5286084413528442,-0.02080489881336689,0.7816216349601746,0.5384908318519592,-0.014409929513931274,0.8234246969223022,0.4881388247013092,0.006447282619774342,0.8200560808181763,0.433379203081131,-0.03039107844233513,0.8246313333511353,0.5257183313369751,-0.016841916367411613,0.8231372833251953,0.5416829586029053,0.0023970878683030605,0.8687692284584045,0.4938739836215973,-0.003951073158532381,0.867652952671051,0.4495542049407959,-0.02313854545354843,0.8646283149719238,0.5157501101493835,-0.009270832873880863,0.8624222278594971,0.5381022095680237,0.0068539949133992195,A
0.7404720187187195,0.8841339945793152,-5.643902909469034e-07,0.6769352555274963,0.8776960372924805,-0.02171964757144451,0.6203204393386841,0.8077899813652039,-0.023765821009874344,0.5924150347709656,0.7365245819091797,-0.025966590270400047,0.5692113041877747,0.6910443305969238,-0.02191345766186714,0.6319031119346619,0.727344810962677,0.011319775134325027,0.6217035055160522,0.6778304576873779,-0.013443353585898876,0.64425128698349,0.7402054071426392,-0.02300245873630047,0.6524714827537537,0.7579045295715332,-0.025487272068858147,0.6690168976783752,0.7131779789924622,0.011412120424211025,0.6605264544487,0.6716593503952026,-0.013895970769226551,0.6767100095748901,0.7482652068138123,-0.015455770306289196,0.6763390302658081,0.7537857890129089,-0.009160480462014675,0.7071171402931213,0.7078509330749512,0.004280300810933113,0.6989128589630127,0.6665486693382263,-0.024990199133753777,0.711246907711029,0.7408095598220825,-0.01184019073843956,0.7129043936729431,0.7505468130111694,0.005042353179305792,0.7454425692558289,0.7059378027915955,-0.0051977364346385,0.7381038665771484,0.6755349040031433,-0.020267007872462273,0.7419449090957642,0.730587363243103,-0.007872205227613449,0.7440659999847412,0.7439519762992859,0.006003888323903084,A
0.8711999654769897,0.7320496439933777,-7.351858357651508e-07,0.7869646549224854,0.69655841588974,-0.03742397204041481,0.7270817160606384,0.5793769359588623,-0.044713765382766724,0.7024309635162354,0.47185471653938293,-0.05078329145908356,0.6730009317398071,0.4049164652824402,-0.04749920219182968,0.7591509222984314,0.4809466004371643,0.004416624549776316,0.7587976455688477,0.4065762162208557,-0.03215007483959198,0.7795780897140503,0.49979087710380554,-0.043579958379268646,0.7845342755317688,0.5277008414268494,-0.04549059271812439,0.8166336417198181,0.4769483506679535,0.006717403884977102,0.8183613419532776,0.413720041513443,-0.03240993246436119,0.8230387568473816,0.5264546275138855,-0.03542829304933548,0.8141286969184875,0.5292120575904846,-0.027154559269547462,0.8710015416145325,0.4840664863586426,-0.0010505535174161196,0.8761422634124756,0.4235405921936035,-0.04589409753680229,0.8722217082977295,0.5294976234436035,-0.028672412037849426,0.8645268678665161,0.5386624336242676,-0.005568252876400948,0.9227845072746277,0.496847003698349,-0.012347545474767685,0.9285698533058167,0.44866684079170227,-0.03684037923812866,0.9200699329376221,0.5235180854797363,-0.02051514945924282,0.9135398268699646,0.5439849495887756,-0.001489198999479413,A
0.7360284328460693,0.7949513792991638,-6.876643965370022e-07,0.6461412310600281,0.7579648494720459,-0.04507375508546829,0.5882724523544312,0.6349411606788635,-0.055296141654253006,0.5613998770713806,0.5260836482048035,-0.06267410516738892,0.5283879041671753,0.45573556423187256,-0.05944853276014328,0.6199427843093872,0.5249126553535461,-0.00039682164788246155,0.6146969199180603,0.47028952836990356,-0.039239879697561264,0.6370466947555542,0.5707351565361023,-0.05200294777750969,0.6464154124259949,0.5848447680473328,-0.056025534868240356,0.6829952597618103,0.5173400044441223,0.00582109484821558,0.6750081181526184,0.4733291566371918,-0.03684370964765549,0.6784020066261292,0.5909773707389832,-0.0393531508743763,0.6783646941184998,0.5767523050308228,-0.03048919513821602,0.7431241273880005,0.5281314253807068,0.0010067321127280593,0.7397099137306213,0.4847215712070465,-0.04549082741141319,0.731116533279419,0.5923489928245544,-0.026174716651439667,0.731471598148346,0.5851567387580872,-0.0017695736605674028,0.7960547804832458,0.5435993075370789,-0.008419671095907688,0.7964729070663452,0.5158146023750305,-0.032176900655031204,0.7804698944091797,0.5887228846549988,-0.016943154856562614,0.7793814539909363,0.5946611762046814,0.0006661092047579587,A
0.719308078289032,0.6950355768203735,-6.061417821001669e-07,0.6502184271812439,0.66551673412323,-0.02552039548754692,0.6047600507736206,0.5734763741493225,-0.0293068066239357,0.5835378170013428,0.4901074171066284,-0.03335947543382645,0.5588447451591492,0.4371856153011322,-0.031069502234458923,0.6306331157684326,0.4967358708381653,0.010579608380794525,0.6236880421638489,0.4379003643989563,-0.017428873106837273,0.6381626129150391,0.5118065476417542,-0.0285814106464386,0.6469393968582153,0.5362451672554016,-0.031547751277685165,0.6742070913314819,0.49185529351234436,0.011600778438150883,0.6673881411552429,0.44183018803596497,-0.017088163644075394,0.6718973517417908,0.5310083031654358,-0.019248496741056442,0.6750420331954956,0.5406780242919922,-0.012401060201227665,0.7164786458015442,0.4975863993167877,0.004667481407523155,0.7114629149436951,0.4466664791107178,-0.028535116463899612,0.7097707390785217,0.5321721434593201,-0.01384203415364027,0.712751567363739,0.5476530194282532,0.005695297382771969,0.7580085396766663,0.5073809623718262,-0.0049126907251775265,0.7537873983383179,0.4661259353160858,-0.02157190814614296,0.7456095814704895,0.5257216095924377,-0.0073225111700594425,0.7459444999694824,0.5451849102973938,0.008737471885979176,A
0.6692817807197571,0.6345003843307495,-5.431241447695356e-07,0.6040134429931641,0.6248073577880859,-0.021562810987234116,0.5474710464477539,0.558642566204071,-0.024439098313450813,0.5197887420654297,0.48953884840011597,-0.027914535254240036,0.49685367941856384,0.44315460324287415,-0.02587498351931572,0.5606767535209656,0.48052912950515747,0.009449813514947891,0.550796627998352,0.4263334274291992,-0.018225466832518578,0.5756167769432068,0.48559749126434326,-0.029860446229577065,0.5882245302200317,0.5135167241096497,-0.03213838115334511,0.6000863313674927,0.46381011605262756,0.009241870604455471,0.59245765209198,0.4152449369430542,-0.02121089957654476,0.613445520401001,0.4916357398033142,-0.026574917137622833,0.6162142753601074,0.5123562812805176,-0.02097180113196373,0.6390823721885681,0.45512592792510986,0.0022377760615199804,0.6326862573623657,0.4086951017379761,-0.03143274411559105,0.6469756364822388,0.4844873547554016,-0.02081606723368168,0.6482987999916077,0.5082060694694519,-0.003262751968577504,0.6788812875747681,0.45180830359458923,-0.006614620331674814,0.6729841232299805,0.4090302288532257,-0.024229981005191803,0.6786977052688599,0.46354299783706665,-0.01218512561172247,0.6794286966323853,0.48692643642425537,0.0028674749191850424,A
0.6160058975219727,0.6713733077049255,-5.817410624331387e-07,0.5506811738014221,0.6472000479698181,-0.017134590074419975,0.5027637481689453,0.5738367438316345,-0.0184127539396286,0.4822518229484558,0.5012414455413818,-0.02153012715280056,0.4640052616596222,0.4520336091518402,-0.019492564722895622,0.526313066482544,0.5018154382705688,0.01498174574226141,0.5170102715492249,0.4452815651893616,-0.010288123041391373,0.5336639881134033,0.5089311599731445,-0.02126823551952839,0.5440894365310669,0.5372414588928223,-0.023538555949926376,0.5652685165405273,0.49200183153152466,0.013254248537123203,0.5571500062942505,0.44203242659568787,-0.013480286113917828,0.5689055323600769,0.5191060900688171,-0.01761285774409771,0.5733873248100281,0.5381411910057068,-0.011976398527622223,0.6037995219230652,0.48982852697372437,0.004931726027280092,0.5963757038116455,0.44369563460350037,-0.024652093648910522,0.602647066116333,0.518225908279419,-0.01329198107123375,0.6061416268348694,0.5403643846511841,0.003812049049884081,0.6437342762947083,0.49299710988998413,-0.005148768424987793,0.6352642774581909,0.4480421841144562,-0.01903841271996498,0.6349380016326904,0.5002515316009521,-0.0059018684551119804,0.6378862261772156,0.5234559178352356,0.009159684181213379,A
0.6098618507385254,0.7410156726837158,-6.348516308207763e-07,0.5447582602500916,0.6916789412498474,-0.010713313706219196,0.5177731513977051,0.5992868542671204,-0.008641279302537441,0.5221023559570312,0.5217748284339905,-0.009542942978441715,0.5193309783935547,0.4704403579235077,-0.006218829657882452,0.5634176135063171,0.5427880883216858,0.016379885375499725,0.5657592415809631,0.48513686656951904,-0.007955444976687431,0.5630665421485901,0.5513352751731873,-0.0179103035479784,0.5672265291213989,0.5850691199302673,-0.019263731315732002,0.602994978427887,0.5508165955543518,0.011950747109949589,0.6047934293746948,0.49769577383995056,-0.014296235516667366,0.594912052154541,0.5761411786079407,-0.01713687926530838,0.5992288589477539,0.6012847423553467,-0.010433908551931381,0.641226589679718,0.5654929876327515,0.0017283839406445622,0.6424450874328613,0.5136823654174805,-0.027521831914782524,0.6282749176025391,0.5895403027534485,-0.015124375000596046,0.6300545334815979,0.619183361530304,0.002890698378905654,0.6802862286567688,0.5860193371772766,-0.009669570252299309,0.6799339056015015,0.5351828336715698,-0.02372780814766884,0.6655972003936768,0.5853112936019897,-0.010398810729384422,0.6652666330337524,0.6128134727478027,0.004900108557194471,A
0.6360899209976196,0.766331136226654,-6.144113626760372e-07,0.5662108659744263,0.7615852355957031,-0.026770928874611855,0.5047106146812439,0.6865756511688232,-0.03071829304099083,0.4742598533630371,0.6079159379005432,-0.03432628884911537,0.4466381072998047,0.559063732624054,-0.030734194442629814,0.517351508140564,0.6010396480560303,0.007654734421521425,0.5041016340255737,0.5451549291610718,-0.021894507110118866,0.5318544507026672,0.6108473539352417,-0.03186650946736336,0.544470489025116,0.6364477872848511,-0.03274928405880928,0.5591170787811279,0.5827127695083618,0.00911475159227848,0.5493051409721375,0.5358741879463196,-0.021511249244213104,0.5710446834564209,0.6177862882614136,-0.023803379386663437,0.5717530250549316,0.6287686228752136,-0.016139091923832893,0.6010788083076477,0.5721601843833923,0.0024447839241474867,0.5918917655944824,0.5273004174232483,-0.031966909766197205,0.6073793172836304,0.6068714261054993,-0.01802036166191101,0.6086317300796509,0.6201024651527405,0.001437830156646669,0.6436538100242615,0.5655743479728699,-0.0069368756376206875,0.6356728672981262,0.5259042978286743,-0.02423531375825405,0.6416118741035461,0.5830040574073792,-0.010698963887989521,0.6434658765792847,0.600128710269928,0.005190858617424965,A
0.7881240248680115,0.8102849721908569,-5.900770929656574e-07,0.7198559641838074,0.7739731669425964,-0.023131148889660835,0.6772500872612,0.6910699605941772,-0.0260310061275959,0.6638639569282532,0.6105895042419434,-0.029642943292856216,0.6486310362815857,0.5545462965965271,-0.026741456240415573,0.7100057005882263,0.6159690618515015,0.014770625159144402,0.6980663537979126,0.5639841556549072,-0.012544222176074982,0.7101889252662659,0.6349433660507202,-0.02312985435128212,0.7208179235458374,0.6591745018959045,-0.025073597207665443,0.751706600189209,0.6124625205993652,0.015503709204494953,0.7390852570533752,0.5703142881393433,-0.012878748588263988,0.743869960308075,0.6518429517745972,-0.014697853475809097,0.7520654797554016,0.6595689654350281,-0.006974841468036175,0.7922914624214172,0.617843508720398,0.00811817217618227,0.7797686457633972,0.5767761468887329,-0.024637261405587196,0.7797822952270508,0.6553269028663635,-0.010840115137398243,0.7885318994522095,0.6656036376953125,0.008615857921540737,0.8337985873222351,0.6272588968276978,-0.0018344848649576306,0.821874737739563,0.5911880135536194,-0.018213417381048203,0.8151281476020813,0.6466125845909119,-0.005189708899706602,0.8213834166526794,0.6619186401367188,0.010419241152703762,A
0.7763268947601318,0.8052210807800293,-5.705365424546471e-07,0.7112290859222412,0.7997806668281555,-0.02601601928472519,0.6596381068229675,0.726357102394104,-0.031346745789051056,0.6444048881530762,0.6450748443603516,-0.03554460033774376,0.6379055976867676,0.5893970727920532,-0.03294533118605614,0.6854022741317749,0.635701596736908,0.003908106125891209,0.6824485063552856,0.5837649703025818,-0.026114284992218018,0.6949256062507629,0.6494895219802856,-0.037851400673389435,0.6978349089622498,0.6683369278907776,-0.04117138311266899,0.7254763841629028,0.6299502849578857,0.004208466038107872,0.720719039440155,0.5836910605430603,-0.026712829247117043,0.7284187078475952,0.6640895009040833,-0.029872873798012733,0.7257220149040222,0.6684370040893555,-0.02342926152050495,0.7641711235046387,0.63087397813797,-0.003217065241187811,0.7616010308265686,0.5882593989372253,-0.03806823864579201,0.7655684947967529,0.6653478145599365,-0.025925811380147934,0.762813150882721,0.6707135438919067,-0.008483695797622204,0.8046256303787231,0.6331278085708618,-0.013157240115106106,0.8016377687454224,0.6009795665740967,-0.031410809606313705,0.8020572662353516,0.6576534509658813,-0.01962532103061676,0.8012276887893677,0.6685750484466553,-0.005610218737274408,A
0.8038275241851807,0.809856653213501,-5.3439975999936e-07,0.7476162910461426,0.7832552790641785,-0.032292772084474564,0.7000323534011841,0.7021362781524658,-0.04279439151287079,0.6738648414611816,0.6268325448036194,-0.052137330174446106,0.6471186280250549,0.5735615491867065,-0.053988028317689896,0.7079287171363831,0.611994206905365,-0.00047268730122596025,0.7049398422241211,0.5508763790130615,-0.0339803472161293,0.7232150435447693,0.6184011101722717,-0.0470314547419548,0.7274253368377686,0.6482226848602295,-0.04962967336177826,0.7499865889549255,0.6055223941802979,0.0021218517795205116,0.7481919527053833,0.5518296957015991,-0.03272387385368347,0.7593619227409363,0.6380947828292847,-0.03696037083864212,0.7522701621055603,0.6488643884658813,-0.02978621795773506,0.7916772961616516,0.6089134216308594,-0.0033815614879131317,0.7933984398841858,0.561800479888916,-0.041428640484809875,0.7977527976036072,0.6428524255752563,-0.028357798233628273,0.7904738187789917,0.6567650437355042,-0.00889634806662798,0.8312128782272339,0.6175383925437927,-0.011747448705136776,0.8321008682250977,0.5784620046615601,-0.032331857830286026,0.8309832215309143,0.6357452273368835,-0.019277269020676613,0.8256638050079346,0.6532421112060547,-0.0030468699987977743,A
0.7776414155960083,0.7812318205833435,-5.596101573246415e-07,0.7114322781562805,0.7498348355293274,-0.03051995299756527,0.6706213355064392,0.6648044586181641,-0.03833434730768204,0.6631126403808594,0.5820279121398926,-0.04422370716929436,0.6543698310852051,0.5241416692733765,-0.04182414337992668,0.7031176686286926,0.5765737891197205,0.0004734956892207265,0.7093998789787292,0.5277498364448547,-0.026242727413773537,0.715209424495697,0.5971081852912903,-0.03345904499292374,0.7116764783859253,0.6104440689086914,-0.0344553180038929,0.7460171580314636,0.578235387802124,0.003374919295310974,0.7511847019195557,0.5370572805404663,-0.025945909321308136,0.7479300498962402,0.6204604506492615,-0.0281729307025671,0.7378156781196594,0.6122832298278809,-0.021945711225271225,0.7878416776657104,0.5866565108299255,-0.0011518329847604036,0.7944654822349548,0.547284722328186,-0.03447873890399933,0.7868907451629639,0.6248320937156677,-0.02154785953462124,0.7783405780792236,0.6236879229545593,-0.004648554138839245,0.8289806246757507,0.5984891057014465,-0.008499786257743835,0.832984983921051,0.5657274127006531,-0.026471005752682686,0.8250202536582947,0.6206197142601013,-0.014458127319812775,0.8200957179069519,0.6292566657066345,-0.00030005472945049405,A
0.6940728425979614,0.624098002910614,-5.563807690123213e-07,0.6296883225440979,0.6019030213356018,-0.02162819355726242,0.5798943042755127,0.5256298184394836,-0.02596704475581646,0.5630515217781067,0.44894540309906006,-0.030810607597231865,0.5528522729873657,0.39495131373405457,-0.029735568910837173,0.6027853488922119,0.44279205799102783,0.007702136877924204,0.5995016694068909,0.38585934042930603,-0.021514302119612694,0.6140543818473816,0.4500645101070404,-0.033888690173625946,0.6199594140052795,0.47957706451416016,-0.03675497695803642,0.6431253552436829,0.43732142448425293,0.006004279013723135,0.6389551162719727,0.3829885721206665,-0.024733392521739006,0.6488945484161377,0.46388596296310425,-0.02906952239573002,0.6479010581970215,0.48320916295051575,-0.02268621139228344,0.6828708052635193,0.43986600637435913,-0.0026602346915751696,0.6816093325614929,0.3903707265853882,-0.03685787320137024,0.6866598129272461,0.4692458212375641,-0.02506149373948574,0.6847765445709229,0.49099960923194885,-0.006795246619731188,0.7234906554222107,0.44798070192337036,-0.013298084028065205,0.7214836478233337,0.40580615401268005,-0.03159225359559059,0.7206168174743652,0.46137118339538574,-0.019147055223584175,0.7185087203979492,0.48258185386657715,-0.0038190046325325966,A
0.7333846688270569,0.7068567276000977,-5.940857477071404e-07,0.6632039546966553,0.6926414370536804,-0.033059246838092804,0.6105994582176208,0.6122744679450989,-0.04068804904818535,0.5938752889633179,0.5259760022163391,-0.04591910168528557,0.5846975445747375,0.46525922417640686,-0.042448338121175766,0.6383062601089478,0.5184611082077026,0.0003846847976092249,0.6378054618835449,0.46505996584892273,-0.02943621203303337,0.649356484413147,0.5376216769218445,-0.03748553618788719,0.6495419144630432,0.5518309473991394,-0.03854075074195862,0.68300861120224,0.514831006526947,0.0035038075875490904,0.6810629367828369,0.4680497646331787,-0.02843152917921543,0.6844253540039062,0.5561357140541077,-0.02947872318327427,0.6775802969932556,0.5489694476127625,-0.021281015127897263,0.726133406162262,0.5167790651321411,-0.001935154083184898,0.724936306476593,0.47429579496383667,-0.03805738687515259,0.7244146466255188,0.5573946833610535,-0.02373829111456871,0.7202224731445312,0.553595781326294,-0.004900498315691948,0.769898533821106,0.5199915170669556,-0.010632398538291454,0.7680334448814392,0.48980557918548584,-0.029689369723200798,0.7647322416305542,0.5506541132926941,-0.017384635284543037,0.7642006874084473,0.5579139590263367,-0.0028597787022590637,A
0.7508215308189392,0.7845922112464905,-5.783856522612041e-07,0.6805406808853149,0.7677822709083557,-0.03670220077037811,0.6249924898147583,0.6865425705909729,-0.04587123915553093,0.6051065921783447,0.6007665991783142,-0.052491601556539536,0.594356894493103,0.5396720767021179,-0.04962980002164841,0.6496495008468628,0.5877733826637268,0.0007544067339040339,0.6500744223594666,0.5420772433280945,-0.02833515591919422,0.6631712913513184,0.6129116415977478,-0.034116197377443314,0.6626909375190735,0.6206709146499634,-0.033785201609134674,0.6961796879768372,0.5828238129615784,0.005018237046897411,0.6956369876861572,0.5432137250900269,-0.027147838845849037,0.7004830837249756,0.6336312294006348,-0.0259428508579731,0.6926373243331909,0.6169725656509399,-0.01562957651913166,0.7417932748794556,0.5832197666168213,-6.561444024555385e-05,0.7412100434303284,0.5474909543991089,-0.03649716451764107,0.7406086325645447,0.6303396821022034,-0.020722828805446625,0.735369861125946,0.619834303855896,-0.0008235911373049021,0.7872860431671143,0.5852020382881165,-0.00900635402649641,0.7863585352897644,0.5575530529022217,-0.028448423370718956,0.7821760773658752,0.6185915470123291,-0.01614476926624775,0.7814270257949829,0.6232940554618835,-0.0014695590361952782,A
0.7245926856994629,0.7675262689590454,-6.084097208258754e-07,0.66353839635849,0.7380886673927307,-0.02533789351582527,0.6158812046051025,0.6473600268363953,-0.028699737042188644,0.5941196084022522,0.5677776336669922,-0.03194765746593475,0.5708446502685547,0.5215094685554504,-0.02829333208501339,0.641228973865509,0.5732381343841553,0.0064048669300973415,0.6405996680259705,0.5133124589920044,-0.023736078292131424,0.6544564962387085,0.5850425362586975,-0.03431135043501854,0.6578559279441833,0.6040608286857605,-0.036706581711769104,0.6853123307228088,0.5736825466156006,0.006218015216290951,0.6845197081565857,0.520107626914978,-0.026248864829540253,0.6878685355186462,0.6086592078208923,-0.028682474046945572,0.6838502883911133,0.611248791217804,-0.021254850551486015,0.7272604703903198,0.5808506011962891,-0.0019234871724620461,0.7288821339607239,0.5331141948699951,-0.0385003499686718,0.7258619666099548,0.6165928840637207,-0.025078872218728065,0.7229790091514587,0.6231620907783508,-0.005986523814499378,0.7686008810997009,0.5904101133346558,-0.012554360553622246,0.7707738876342773,0.5526348948478699,-0.03144916146993637,0.7641562819480896,0.6111620664596558,-0.018576769158244133,0.7618647217750549,0.6268479824066162,-0.003447064431384206,A
0.6566528677940369,0.777501106262207,-5.069425697001861e-07,0.5939772725105286,0.7571099996566772,-0.015244239941239357,0.5406798124313354,0.6910627484321594,-0.014803395606577396,0.5114303827285767,0.6329823136329651,-0.016122978180646896,0.48900485038757324,0.5953921675682068,-0.012542352080345154,0.5513179302215576,0.6210927367210388,0.01822880655527115,0.5392569899559021,0.5688794255256653,-0.0059242527931928635,0.5598810315132141,0.6193383932113647,-0.016921138390898705,0.5713931322097778,0.6452285647392273,-0.019188666716217995,0.5883878469467163,0.6090490818023682,0.015539192594587803,0.578753650188446,0.5590307712554932,-0.01118667796254158,0.5976086258888245,0.6289864778518677,-0.015575115568935871,0.6025058627128601,0.6488770842552185,-0.009233124554157257,0.6264153122901917,0.605711817741394,0.006392693147063255,0.6180641651153564,0.5611611604690552,-0.02346816100180149,0.6311796307563782,0.6301742792129517,-0.013419752940535545,0.634423553943634,0.6512616872787476,0.0032924620900303125,0.665856122970581,0.6084527373313904,-0.004261533264070749,0.6570151448249817,0.5694001913070679,-0.01996002532541752,0.6611840128898621,0.6202569603919983,-0.008348681963980198,0.6636239290237427,0.6420233845710754,0.006079507526010275,A
0.6683939695358276,0.7401856184005737,-5.251781090009899e-07,0.6071312427520752,0.7215460538864136,-0.02992604859173298,0.5534670352935791,0.6478957533836365,-0.035968899726867676,0.5274783372879028,0.5737414956092834,-0.04082481935620308,0.5067358016967773,0.5228594541549683,-0.03810059651732445,0.5727109909057617,0.5680235624313354,0.004108521621674299,0.5615836381912231,0.5206447839736938,-0.0247024018317461,0.5794636607170105,0.5867123007774353,-0.032893214374780655,0.5871201157569885,0.5956642627716064,-0.03378913551568985,0.6152440905570984,0.5603389143943787,0.007049938198179007,0.6052541136741638,0.5187132358551025,-0.024241968989372253,0.614041805267334,0.6010214686393738,-0.02380167506635189,0.6148948669433594,0.5932662487030029,-0.014088757336139679,0.6560346484184265,0.5599943995475769,0.001451255171559751,0.6481269001960754,0.524425208568573,-0.033871639519929886,0.6508990526199341,0.6025102138519287,-0.019138216972351074,0.6542721390724182,0.597929835319519,0.0008367879199795425,0.696186363697052,0.5611577033996582,-0.007205838803201914,0.6890840530395508,0.5340344309806824,-0.024726562201976776,0.6868912577629089,0.5894277095794678,-0.01243509165942669,0.6918773651123047,0.5959265828132629,0.0022592751774936914,A
0.6848724484443665,0.7354890704154968,-4.942233999827295e-07,0.6150750517845154,0.7158516645431519,-0.0310576930642128,0.56147700548172,0.6391049027442932,-0.036685239523649216,0.534759521484375,0.5682621002197266,-0.039279092103242874,0.5129051208496094,0.5170632600784302,-0.03354265168309212,0.5827785730361938,0.5497105717658997,-0.004980906378477812,0.5693676471710205,0.5317875146865845,-0.028868714347481728,0.5930092930793762,0.598412036895752,-0.034374039620161057,0.6000535488128662,0.5944636464118958,-0.03654290363192558,0.6298482418060303,0.5356936454772949,-0.0002648489607963711,0.6150524616241455,0.5241017937660217,-0.02960875630378723,0.6274295449256897,0.6024563908576965,-0.029691586270928383,0.6300584077835083,0.5866969227790833,-0.02319764904677868,0.6756983995437622,0.5362491607666016,-0.002432536333799362,0.663442075252533,0.5266625881195068,-0.03331967815756798,0.6670036315917969,0.5990164279937744,-0.01843629777431488,0.6714545488357544,0.5852581858634949,-0.0016582453390583396,0.7163358926773071,0.5405568480491638,-0.007764644920825958,0.7090957760810852,0.5343533754348755,-0.022998308762907982,0.7058252692222595,0.5839166641235352,-0.012470374815165997,0.7116886377334595,0.577784538269043,-0.001045242534019053,A
0.6996636390686035,0.7258566617965698,-5.453405265143374e-07,0.6364781260490417,0.7119346857070923,-0.03022400289773941,0.580219566822052,0.6396427154541016,-0.03648686781525612,0.5541790723800659,0.5648981928825378,-0.04156123101711273,0.5328329801559448,0.5125037431716919,-0.03917206451296806,0.5971012711524963,0.5556380152702332,0.004307389259338379,0.5919636487960815,0.5027374029159546,-0.027123400941491127,0.6113706827163696,0.5689430236816406,-0.0380561538040638,0.6150197982788086,0.5864554047584534,-0.040297895669937134,0.6396698951721191,0.5474579334259033,0.006297261454164982,0.6353673338890076,0.5001970529556274,-0.0279348473995924,0.6468538045883179,0.5846407413482666,-0.031314916908741,0.6405803561210632,0.5858986377716064,-0.023928556591272354,0.6806186437606812,0.5453799962997437,-0.0002742748474702239,0.679050624370575,0.5035593509674072,-0.03948615863919258,0.6847488284111023,0.5850566029548645,-0.027707088738679886,0.679636538028717,0.5888189077377319,-0.009030366316437721,0.7215356230735779,0.5450594425201416,-0.009595587849617004,0.7213379144668579,0.5140039920806885,-0.031271956861019135,0.7215402126312256,0.5731416344642639,-0.020404981449246407,0.7184757590293884,0.5847448110580444,-0.006082848180085421,A
0.7283556461334229,0.7353348135948181,-6.919224802004464e-07,0.6635779738426208,0.6779500842094421,-0.005269984714686871,0.6365344524383545,0.5928398370742798,-0.0003535867726895958,0.6377702951431274,0.5274173021316528,0.0005805683322250843,0.6355664730072021,0.48374468088150024,0.006732006091624498,0.6855597496032715,0.528903603553772,0.027338575571775436,0.6681715250015259,0.48161745071411133,0.00474286125972867,0.6675466299057007,0.5481369495391846,-0.005026133265346289,0.6787574887275696,0.5687878727912903,-0.006858254782855511,0.7195889949798584,0.5366021394729614,0.021635383367538452,0.7017506957054138,0.49155592918395996,-0.002451207721605897,0.6952015161514282,0.5688877105712891,-0.003127015894278884,0.7091631889343262,0.5812467336654663,0.005358112044632435,0.7548109292984009,0.5486060380935669,0.009749800898134708,0.7340981364250183,0.5047572255134583,-0.016606736928224564,0.725784957408905,0.582501232624054,-0.003099449211731553,0.740760862827301,0.5986548662185669,0.01516768243163824,0.793381929397583,0.5661277174949646,-0.003314607311040163,0.7720692157745361,0.5213459730148315,-0.0157959945499897,0.7590503692626953,0.574478030204773,-0.0021105792839080095,0.7707586288452148,0.5958544015884399,0.013708485290408134,A
0.7458706498146057,0.7284538745880127,-5.765666628576582e-07,0.6853453516960144,0.7096829414367676,-0.027137842029333115,0.6315944194793701,0.6306264996528625,-0.030713381245732307,0.6068599224090576,0.5554095506668091,-0.033540934324264526,0.583151638507843,0.5085774660110474,-0.029189113527536392,0.648322582244873,0.5522447228431702,0.008878466673195362,0.6510404944419861,0.49747171998023987,-0.021461164578795433,0.668140172958374,0.5616030693054199,-0.03270389512181282,0.6658704280853271,0.5808694958686829,-0.03504303842782974,0.6901663541793823,0.5473592281341553,0.009888584725558758,0.6928972601890564,0.4977942705154419,-0.02201475389301777,0.7032158970832825,0.5802444815635681,-0.025412578135728836,0.691442608833313,0.5828221440315247,-0.018543019890785217,0.7298440933227539,0.5476914048194885,0.002524992451071739,0.7338479161262512,0.5031279921531677,-0.034105803817510605,0.7390567064285278,0.5810856819152832,-0.022934630513191223,0.7287387847900391,0.5873331427574158,-0.0055117071606218815,0.7691821455955505,0.5501630306243896,-0.007428957149386406,0.7738486528396606,0.5152401328086853,-0.02778458222746849,0.7749009728431702,0.5722343921661377,-0.01684841699898243,0.7685369849205017,0.5868234634399414,-0.0028274741489440203,A
0.8070337772369385,0.9875679016113281,-6.376791361617506e-07,0.7363569140434265,0.980280876159668,-0.0336441807448864,0.6804397106170654,0.9007337689399719,-0.039258040487766266,0.6585255861282349,0.8144075274467468,-0.04211563616991043,0.6424832940101624,0.7565157413482666,-0.03645706549286842,0.7032617330551147,0.8160907030105591,-0.0018322893884032965,0.7046656608581543,0.7576116323471069,-0.0363740548491478,0.7194535732269287,0.8294418454170227,-0.0467861071228981,0.7165830731391907,0.8457819819450378,-0.04805181547999382,0.7528120875358582,0.8154664039611816,0.0014253798872232437,0.756611168384552,0.7666577100753784,-0.036167968064546585,0.7619097828865051,0.8561630845069885,-0.0393398180603981,0.7497921586036682,0.8517415523529053,-0.031264349818229675,0.798297643661499,0.8175451755523682,-0.004228211008012295,0.8023524284362793,0.7782630324363708,-0.046454381197690964,0.8019254803657532,0.8624086380004883,-0.03569483757019043,0.7902547121047974,0.8574488162994385,-0.01753210462629795,0.8423498868942261,0.8177952170372009,-0.01264236681163311,0.845301628112793,0.789333701133728,-0.035627637058496475,0.8438208699226379,0.8514725565910339,-0.025209004059433937,0.8391139507293701,0.8595872521400452,-0.011246247217059135,A
0.696364164352417,0.5659802556037903,-5.426851430456736e-07,0.6351339221000671,0.5477840900421143,-0.028247414156794548,0.5895378589630127,0.4695926904678345,-0.03353708237409592,0.574553906917572,0.3910595774650574,-0.037299852818250656,0.5634872317314148,0.3373909294605255,-0.0338888093829155,0.6171981692314148,0.39057525992393494,0.0019268946489319205,0.6151424646377563,0.3453252911567688,-0.024365486577153206,0.6240127086639404,0.41091275215148926,-0.030864542350172997,0.6265055537223816,0.41960713267326355,-0.03142465278506279,0.6584112644195557,0.38983967900276184,0.004123675171285868,0.6551605463027954,0.35105186700820923,-0.024781933054327965,0.654894232749939,0.4301155209541321,-0.024484137073159218,0.6531995534896851,0.42068397998809814,-0.016069559380412102,0.6976287364959717,0.39406508207321167,-0.0014865371631458402,0.6949571371078491,0.358232319355011,-0.03485164791345596,0.6905998587608337,0.43270573019981384,-0.02128087729215622,0.6907743215560913,0.4277633726596832,-0.0033934516832232475,0.7369007468223572,0.3986473083496094,-0.009934395551681519,0.7343793511390686,0.3703007102012634,-0.027353931218385696,0.7281943559646606,0.4249260127544403,-0.01592075265944004,0.730476438999176,0.43229952454566956,-0.0024176575243473053,A
0.5671137571334839,0.7496712803840637,-5.619075409413199e-07,0.5060821175575256,0.7390919923782349,-0.027126329019665718,0.45435693860054016,0.6639007925987244,-0.03204666078090668,0.4348890781402588,0.5875121355056763,-0.03580387309193611,0.4189419448375702,0.5367059707641602,-0.03265780955553055,0.47519880533218384,0.5853143930435181,-0.000498939014505595,0.4688318967819214,0.5361841320991516,-0.02817665785551071,0.48517870903015137,0.6017096042633057,-0.0348617248237133,0.49073854088783264,0.6158394813537598,-0.03485727682709694,0.5153259634971619,0.5789768099784851,0.0006306341383606195,0.5099022388458252,0.5363947749137878,-0.02958144061267376,0.5184240341186523,0.6181243062019348,-0.02876720391213894,0.5176756381988525,0.6157586574554443,-0.019426334649324417,0.5542174577713013,0.5785777568817139,-0.005884007550776005,0.550513505935669,0.5397387742996216,-0.04012132063508034,0.5539066791534424,0.6174324750900269,-0.02548469416797161,0.5541444420814514,0.6186424493789673,-0.006337887607514858,0.5937711000442505,0.5800781846046448,-0.015137623995542526,0.5905225276947021,0.5471409559249878,-0.03352817893028259,0.5890604853630066,0.6037135124206543,-0.02131298929452896,0.5906549692153931,0.6159365177154541,-0.006815638858824968,A
0.7693786025047302,0.7350472211837769,-5.175512001187599e-07,0.71304851770401,0.7206995487213135,-0.030459977686405182,0.6642742156982422,0.6454752683639526,-0.03656594455242157,0.6396852731704712,0.573466420173645,-0.041039466857910156,0.6167761087417603,0.527551531791687,-0.038173094391822815,0.6766579747200012,0.5749954581260681,0.0011007300345227122,0.6744329929351807,0.5202058553695679,-0.028019580990076065,0.6926062107086182,0.5829809308052063,-0.036769457161426544,0.6953961253166199,0.6002903580665588,-0.03753892332315445,0.7161243557929993,0.5700750946998596,0.004624484106898308,0.7166190147399902,0.5219980478286743,-0.026148119941353798,0.7257025241851807,0.6024148464202881,-0.027621177956461906,0.7169278264045715,0.6007887125015259,-0.01958487555384636,0.7538501620292664,0.5690121054649353,1.92798106581904e-05,0.7568185925483704,0.5284154415130615,-0.03489984571933746,0.7594749927520752,0.6044982671737671,-0.023461535573005676,0.752159595489502,0.6058091521263123,-0.006195329129695892,0.7910315990447998,0.5687046051025391,-0.007466679438948631,0.7950655221939087,0.538821816444397,-0.026583213359117508,0.7936751246452332,0.593203067779541,-0.016694514080882072,0.7892841100692749,0.6048281192779541,-0.003739398904144764,A
0.7454735040664673,0.6068403720855713,-5.602571491181152e-07,0.6838861107826233,0.5853744745254517,-0.027940699830651283,0.6358051896095276,0.5091595649719238,-0.03476200997829437,0.6108971238136292,0.43223464488983154,-0.041418079286813736,0.5869611501693726,0.38069164752960205,-0.041336845606565475,0.6516686081886292,0.4288274347782135,0.006018097512423992,0.6449141502380371,0.36881428956985474,-0.025020811706781387,0.6626216173171997,0.435899019241333,-0.03705969080328941,0.6694037318229675,0.4617193043231964,-0.039206381887197495,0.6931238174438477,0.4229818880558014,0.008165314793586731,0.6902732253074646,0.37444692850112915,-0.02367798052728176,0.6996986865997314,0.4579833149909973,-0.02746683359146118,0.6956575512886047,0.46595901250839233,-0.020872214809060097,0.7325571775436401,0.4232563376426697,0.002276316750794649,0.7318419814109802,0.378971666097641,-0.03424495831131935,0.7353134751319885,0.4588298499584198,-0.022459685802459717,0.7322617173194885,0.4717416763305664,-0.003875843482092023,0.7714650630950928,0.4261312186717987,-0.006119111552834511,0.7709131836891174,0.38723593950271606,-0.025256475433707237,0.7700218558311462,0.44270625710487366,-0.012987468391656876,0.7687301635742188,0.460856169462204,0.0024809848982840776,A
0.7628957033157349,0.7952526807785034,-5.409488039731514e-07,0.7042181491851807,0.7728523015975952,-0.03225884586572647,0.6541919112205505,0.696426272392273,-0.03944321349263191,0.628709077835083,0.6196326017379761,-0.04527660086750984,0.6064462065696716,0.5661674737930298,-0.043176911771297455,0.6687087416648865,0.6191372275352478,0.004131660796701908,0.6636611223220825,0.5655225515365601,-0.0256258025765419,0.682030200958252,0.6329246163368225,-0.03432023152709007,0.6863800287246704,0.6489653587341309,-0.034893698990345,0.7102078795433044,0.613682210445404,0.008424993604421616,0.7079544067382812,0.5699246525764465,-0.023127341642975807,0.7170462012290955,0.6535747051239014,-0.024065224453806877,0.7105380296707153,0.6497732400894165,-0.015595893375575542,0.7498523592948914,0.6134419441223145,0.003920533694326878,0.7495848536491394,0.5740604996681213,-0.03290094807744026,0.7523193359375,0.6525980830192566,-0.020174585282802582,0.7477687001228333,0.6542843580245972,-0.001341447001323104,0.7889301776885986,0.6149886250495911,-0.003613012610003352,0.7890409827232361,0.5808009505271912,-0.02327931486070156,0.7870314717292786,0.6357735991477966,-0.01220030803233385,0.7850691676139832,0.6481004953384399,0.0021150654647499323,A
0.686201810836792,0.4862551689147949,-4.867057441515499e-07,0.6346520781517029,0.4651860296726227,-0.01792052946984768,0.5935394167900085,0.4029737114906311,-0.021636847406625748,0.5743191838264465,0.3391916751861572,-0.026307687163352966,0.5586093068122864,0.2947883903980255,-0.02611372247338295,0.6111680865287781,0.33738628029823303,0.008323718793690205,0.6051379442214966,0.2896187901496887,-0.017254268750548363,0.6185829639434814,0.3430653214454651,-0.027870958670973778,0.6239088177680969,0.3648451566696167,-0.02996714785695076,0.6445785760879517,0.33406758308410645,0.007350062020123005,0.6412250399589539,0.29444757103919983,-0.018800485879182816,0.6488969326019287,0.36040037870407104,-0.022727448493242264,0.6462849974632263,0.3700564503669739,-0.01792147569358349,0.6771366000175476,0.33509621024131775,0.00019829478696919978,0.6754537224769592,0.2978057265281677,-0.02943003922700882,0.6785896420478821,0.3614850342273712,-0.02042609453201294,0.6763547658920288,0.3747391104698181,-0.0056417579762637615,0.7102702260017395,0.3389996886253357,-0.00851851049810648,0.707373321056366,0.3042045533657074,-0.023570097982883453,0.7071802616119385,0.3497781753540039,-0.013150256127119064,0.7069021463394165,0.366802841424942,-0.00028157286578789353,A
0.7191572785377502,0.5375946760177612,-5.161211333870597e-07,0.6656384468078613,0.5058111548423767,-0.022914934903383255,0.6292561888694763,0.4329104721546173,-0.028896821662783623,0.6188738346099854,0.3611389696598053,-0.035343512892723083,0.6087488532066345,0.30763673782348633,-0.036002159118652344,0.6600025296211243,0.3644365072250366,0.004820392932742834,0.6554855108261108,0.31556183099746704,-0.023068975657224655,0.6617269515991211,0.37771251797676086,-0.03317969664931297,0.667570173740387,0.3999280333518982,-0.034765444695949554,0.6969960331916809,0.36715632677078247,0.005193627439439297,0.6939321756362915,0.32873398065567017,-0.02287852205336094,0.691575825214386,0.4021875858306885,-0.024740668013691902,0.6919872164726257,0.4060716927051544,-0.018036825582385063,0.7326213717460632,0.3754804730415344,-0.001608939259313047,0.7307729125022888,0.33769962191581726,-0.03384517505764961,0.723928689956665,0.40734514594078064,-0.02206314727663994,0.7243099212646484,0.4158225655555725,-0.004790131933987141,0.768658459186554,0.38700777292251587,-0.010614790953695774,0.7664825320243835,0.348531574010849,-0.027280962094664574,0.7578758001327515,0.3960091173648834,-0.015785198658704758,0.7586236596107483,0.4114377498626709,-0.0016793370014056563,A
0.706875741481781,0.6994715929031372,-5.409993377725186e-07,0.6507262587547302,0.680045485496521,-0.027312513440847397,0.6019225716590881,0.6067978739738464,-0.03333784639835358,0.5779209136962891,0.533865749835968,-0.039057232439517975,0.5542103052139282,0.485977441072464,-0.03781575337052345,0.6203368306159973,0.5294462442398071,0.004859203472733498,0.6101934313774109,0.47800466418266296,-0.025139708071947098,0.6257208585739136,0.5425385236740112,-0.03461555764079094,0.6335686445236206,0.5591409206390381,-0.035435304045677185,0.658711314201355,0.5258650779724121,0.006757132243365049,0.6524930000305176,0.4839364290237427,-0.02441350556910038,0.6589014530181885,0.5655189156532288,-0.024728691205382347,0.6582198739051819,0.5615490078926086,-0.015542179346084595,0.6960360407829285,0.5274741649627686,0.0003613946901168674,0.6919167041778564,0.49082574248313904,-0.03541969135403633,0.6926753520965576,0.5669187903404236,-0.022177474573254585,0.6935430765151978,0.5659811496734619,-0.0028850706294178963,0.7333251237869263,0.5299700498580933,-0.0087437117472291,0.7302954196929932,0.49890387058258057,-0.026923857629299164,0.7263447046279907,0.5518360137939453,-0.015032577328383923,0.7278862595558167,0.5616710186004639,-0.0002744060766417533,A
0.7143939733505249,0.6897789835929871,-5.986607902741525e-07,0.6602272987365723,0.6566450595855713,-0.018388070166110992,0.6098180413246155,0.580874502658844,-0.022249162197113037,0.5718789100646973,0.521742045879364,-0.02839343249797821,0.5398193597793579,0.4879981577396393,-0.029056383296847343,0.6264224052429199,0.5074620842933655,0.013347473926842213,0.6156917214393616,0.4398079514503479,-0.016700569540262222,0.6288533806800842,0.4994508624076843,-0.03076983615756035,0.6359336972236633,0.53520268201828,-0.03365650027990341,0.6636094450950623,0.5005736351013184,0.01225846353918314,0.6589973568916321,0.4507530927658081,-0.018711479380726814,0.6681731939315796,0.5282966494560242,-0.024931367486715317,0.668025016784668,0.5496736764907837,-0.019778678193688393,0.7012637853622437,0.5009687542915344,0.004228035919368267,0.6983867883682251,0.45352980494499207,-0.028456304222345352,0.7021077871322632,0.5264767408370972,-0.019484471529722214,0.7017480731010437,0.5502170324325562,-0.002865708200260997,0.7391470670700073,0.505902111530304,-0.0054108197800815105,0.7336146235466003,0.45843544602394104,-0.020618120208382607,0.7320787310600281,0.5095940828323364,-0.008584854193031788,0.7332053780555725,0.5345252156257629,0.006481449119746685,A
0.7756277918815613,0.7953871488571167,-5.608204105556069e-07,0.7232391238212585,0.7591214179992676,-0.02632574550807476,0.6793639659881592,0.6753730177879333,-0.033536504954099655,0.648956835269928,0.6059156656265259,-0.04100736603140831,0.6191694140434265,0.5636588931083679,-0.041872113943099976,0.6929625868797302,0.603410542011261,0.004229213576763868,0.687886118888855,0.538153886795044,-0.027269404381513596,0.7041088342666626,0.6034722924232483,-0.03988095000386238,0.7103557586669922,0.6341253519058228,-0.042256489396095276,0.7337595820426941,0.6002252101898193,0.006027421448379755,0.7343436479568481,0.5527293086051941,-0.0260015819221735,0.7412698864936829,0.6352195739746094,-0.03027227893471718,0.7359399795532227,0.645514190196991,-0.024375921115279198,0.7741210460662842,0.6053725481033325,0.0003438991552684456,0.7770155072212219,0.5610736012458801,-0.035091985017061234,0.7769485116004944,0.6386174559593201,-0.023622974753379822,0.7722355723381042,0.6531773805618286,-0.005813199561089277,0.8126721382141113,0.614896297454834,-0.007580973207950592,0.8141196370124817,0.5743389129638672,-0.025825021788477898,0.8102557063102722,0.627437949180603,-0.013420327566564083,0.8071808218955994,0.6459206938743591,0.001846974017098546,A
0.8452407717704773,0.7820560336112976,-5.532406248676125e-07,0.7847211360931396,0.7533782720565796,-0.024621767923235893,0.735694408416748,0.6685300469398499,-0.02968548983335495,0.7093247771263123,0.595515787601471,-0.03474964573979378,0.6830452084541321,0.5488464832305908,-0.03389513120055199,0.7531517744064331,0.5991203784942627,0.002931739902123809,0.7437334060668945,0.5452800989151001,-0.02545339986681938,0.7645336985588074,0.610036313533783,-0.036127328872680664,0.7759262323379517,0.6401951313018799,-0.03821578249335289,0.7965944409370422,0.5900089144706726,0.003409245051443577,0.7903785705566406,0.5462955236434937,-0.02617556042969227,0.8028401136398315,0.6286163926124573,-0.02879045158624649,0.8050739169120789,0.6440910696983337,-0.02240939997136593,0.8398897051811218,0.5918930768966675,-0.0031414302065968513,0.8368839025497437,0.548305332660675,-0.036418791860342026,0.8399661183357239,0.6268469095230103,-0.023495668545365334,0.840049684047699,0.6456900238990784,-0.005453536752611399,0.8812171816825867,0.6002811789512634,-0.011925502680242062,0.8796058297157288,0.5619513988494873,-0.029957614839076996,0.8755514621734619,0.6163460612297058,-0.017481517046689987,0.8733561038970947,0.6364238262176514,-0.002681239042431116,A
0.8189091086387634,0.5235152244567871,-5.922708510297525e-07,0.755027174949646,0.4909171760082245,-0.01997154951095581,0.7073149681091309,0.4058744013309479,-0.022972634062170982,0.6822611093521118,0.32948827743530273,-0.027544114738702774,0.656578779220581,0.2804688811302185,-0.026676099747419357,0.7270295023918152,0.33088651299476624,0.012989369221031666,0.7182102799415588,0.27176204323768616,-0.01534176804125309,0.7370317578315735,0.3373493552207947,-0.028333716094493866,0.7476747035980225,0.37145760655403137,-0.0316106453537941,0.7687667012214661,0.32198217511177063,0.011487741954624653,0.76308673620224,0.27283626794815063,-0.018481995910406113,0.7751641273498535,0.35544875264167786,-0.024169573560357094,0.7769797444343567,0.3774646520614624,-0.01952558197081089,0.810517430305481,0.32446402311325073,0.0031228973530232906,0.8074085712432861,0.27649688720703125,-0.030213313177227974,0.8117472529411316,0.35587987303733826,-0.018705563619732857,0.811087429523468,0.38152921199798584,-0.001098321983590722,0.8518235683441162,0.3340495824813843,-0.0070783840492367744,0.8490062952041626,0.28807568550109863,-0.02400810271501541,0.8462933301925659,0.3438757061958313,-0.01070789247751236,0.8441838026046753,0.3677736520767212,0.004852887708693743,A
0.7948136329650879,0.8050135374069214,-5.704206387235899e-07,0.7337115406990051,0.7770437002182007,-0.02302652783691883,0.6863489151000977,0.6978232860565186,-0.027562329545617104,0.6614460349082947,0.6234978437423706,-0.03279978409409523,0.6382322311401367,0.5730322599411011,-0.032132502645254135,0.7092651724815369,0.6253798007965088,0.01016534585505724,0.6984264254570007,0.5714190006256104,-0.019445080310106277,0.7149773836135864,0.6365013122558594,-0.03204398229718208,0.7249046564102173,0.6650745272636414,-0.03495386987924576,0.7498771548271179,0.6198474168777466,0.010243488475680351,0.7424137592315674,0.5778958797454834,-0.01967165246605873,0.7506863474845886,0.6580054759979248,-0.0238361656665802,0.7520669102668762,0.6697196960449219,-0.01821061782538891,0.7897024750709534,0.6229850649833679,0.0027645467780530453,0.7840445041656494,0.5815256237983704,-0.031410012394189835,0.7856357097625732,0.6597431302070618,-0.019617946818470955,0.785983145236969,0.6745989322662354,-0.0017656057607382536,0.8290820121765137,0.630621612071991,-0.006868158467113972,0.8248153924942017,0.5937870144844055,-0.024707620963454247,0.8210318684577942,0.6493264436721802,-0.012260634452104568,0.8211562633514404,0.6668539047241211,0.0028262464329600334,A
0.8368998765945435,0.8326020240783691,-4.787562488672847e-07,0.7799044251441956,0.8048736453056335,-0.02254604734480381,0.7362669110298157,0.7314079999923706,-0.025888491421937943,0.7130987048149109,0.6663656234741211,-0.029282016679644585,0.6916894316673279,0.6232542991638184,-0.02673133835196495,0.7570538520812988,0.6688752770423889,0.006175633054226637,0.7453952431678772,0.6278408765792847,-0.019211146980524063,0.7634443044662476,0.689350962638855,-0.027870241552591324,0.7743711471557617,0.7101903557777405,-0.029032951220870018,0.796636164188385,0.6627590656280518,0.007244598586112261,0.7866960763931274,0.6294929385185242,-0.01993842050433159,0.7965200543403625,0.7030041813850403,-0.021380484104156494,0.8010725378990173,0.7082666158676147,-0.014445534907281399,0.8357387185096741,0.6656920909881592,0.0014151644427329302,0.8281917572021484,0.6321975588798523,-0.029275689274072647,0.8305826783180237,0.7014455199241638,-0.017344821244478226,0.8345543742179871,0.7091977000236511,-0.00034164063981734216,0.8727202415466309,0.6734729409217834,-0.0066043599508702755,0.8683792948722839,0.6438499689102173,-0.022724559530615807,0.864592969417572,0.6910813450813293,-0.011893797665834427,0.8672120571136475,0.7028929591178894,0.0014092938508838415,A
0.7614300847053528,0.7396270632743835,-5.554271638175123e-07,0.6958269476890564,0.7152008414268494,-0.021995022892951965,0.6445099711418152,0.6356862187385559,-0.026768969371914864,0.6210469007492065,0.559665858745575,-0.03253142908215523,0.5977128148078918,0.5063772201538086,-0.03303443267941475,0.667497456073761,0.559880793094635,0.00755046121776104,0.6562226414680481,0.502915620803833,-0.022710321471095085,0.6750303506851196,0.5667445659637451,-0.036960434168577194,0.6875274181365967,0.6016873717308044,-0.040847547352313995,0.7100581526756287,0.5508959889411926,0.006320308428257704,0.7016385793685913,0.5033471584320068,-0.024458326399326324,0.7137210369110107,0.5846361517906189,-0.029627447947859764,0.7185528874397278,0.6079908013343811,-0.024419331923127174,0.75211101770401,0.552769660949707,-0.0020186579786241055,0.7458367347717285,0.5053932666778564,-0.035885415971279144,0.7501938343048096,0.5853971838951111,-0.023765871301293373,0.7522275447845459,0.6119734644889832,-0.005533773452043533,0.7940465807914734,0.5614448189735413,-0.012411555275321007,0.7887809872627258,0.5193887948989868,-0.03044942580163479,0.785322904586792,0.5747920274734497,-0.01742570847272873,0.7843181490898132,0.5987600684165955,-0.0018182075582444668,A
0.774329423904419,0.8152183294296265,-5.011478378946777e-07,0.7169014811515808,0.7811548709869385,-0.027176743373274803,0.6706295609474182,0.7000975012779236,-0.03690417483448982,0.6418253183364868,0.6300475001335144,-0.04686566814780235,0.6139032244682312,0.5751954317092896,-0.0512203685939312,0.6801813840866089,0.6209630966186523,0.0025375038385391235,0.6730638146400452,0.5631008148193359,-0.03157936409115791,0.6949831247329712,0.6270816922187805,-0.04915563389658928,0.707372784614563,0.6690393090248108,-0.054451942443847656,0.7229176759719849,0.6099960207939148,0.0034914633724838495,0.7184402942657471,0.5573095083236694,-0.03213903307914734,0.734459638595581,0.6426390409469604,-0.04091135412454605,0.7376406788825989,0.6751737594604492,-0.03703205659985542,0.7667698860168457,0.612386167049408,-0.002455103676766157,0.7657395601272583,0.5605670809745789,-0.04028693586587906,0.7715299725532532,0.6442145705223083,-0.029293840751051903,0.7701345086097717,0.6804181933403015,-0.01045861653983593,0.8083334565162659,0.6237415075302124,-0.010534249246120453,0.8077049255371094,0.5794517993927002,-0.032072763890028,0.8044725060462952,0.6353480815887451,-0.019635623320937157,0.7993067502975464,0.6638755202293396,-0.0031739643309265375,A
0.6995536684989929,0.7789154052734375,-5.974333703306911e-07,0.6345576643943787,0.7469696402549744,-0.023009413853287697,0.5828972458839417,0.6632696986198425,-0.030140582472085953,0.5525573492050171,0.5878604054450989,-0.03867872431874275,0.520858645439148,0.5352784395217896,-0.04203411191701889,0.5986146926879883,0.5847018361091614,0.007288471795618534,0.5824989080429077,0.5210351943969727,-0.026615850627422333,0.6034899353981018,0.5876423120498657,-0.0447799451649189,0.6186490654945374,0.6303961873054504,-0.05063217505812645,0.6411621570587158,0.5730316042900085,0.0054883877746760845,0.6282000541687012,0.515295147895813,-0.029231080785393715,0.644183337688446,0.6015671491622925,-0.03739219158887863,0.6529762744903564,0.6366008520126343,-0.033244673162698746,0.6845980882644653,0.5746763944625854,-0.003386133350431919,0.6740761995315552,0.5158886909484863,-0.03964289277791977,0.6810457706451416,0.6008738875389099,-0.027540083974599838,0.6858240962028503,0.6395177841186523,-0.008277812041342258,0.7282925844192505,0.5848692655563354,-0.014404051005840302,0.7180102467536926,0.53595370054245,-0.03457346931099892,0.7153587341308594,0.5949770212173462,-0.021209631115198135,0.7158243060112,0.6271328330039978,-0.004498030990362167,A
0.7829232811927795,0.8000882863998413,-5.057454472989775e-07,0.7291455864906311,0.764970600605011,-0.025111183524131775,0.6912744045257568,0.6783009171485901,-0.03301539644598961,0.6700739860534668,0.6051092147827148,-0.04110461473464966,0.6449801325798035,0.5530169606208801,-0.044011931866407394,0.7078737020492554,0.6068307161331177,0.0030552269890904427,0.7052426338195801,0.5488358736038208,-0.029162531718611717,0.7211790084838867,0.6102060079574585,-0.04523104056715965,0.7295850515365601,0.6509823203086853,-0.049734991043806076,0.7482889890670776,0.6023697257041931,0.003281424520537257,0.7481274008750916,0.5485772490501404,-0.030202342197299004,0.7562387585639954,0.631036639213562,-0.037848591804504395,0.7556561231613159,0.6621662378311157,-0.033620625734329224,0.7883874177932739,0.6098291873931885,-0.00319272861815989,0.7918881177902222,0.5581215620040894,-0.03877837955951691,0.79075026512146,0.6375294327735901,-0.028268270194530487,0.7854326367378235,0.6700153946876526,-0.010503450408577919,0.8264901638031006,0.6248359084129333,-0.01167641393840313,0.8286562561988831,0.5810555219650269,-0.03139059245586395,0.822527289390564,0.6352084875106812,-0.019180528819561005,0.8153998851776123,0.6613374948501587,-0.0035995529033243656,A
0.8637363910675049,0.6859263777732849,-4.892855827165477e-07,0.8045978546142578,0.6566858291625977,-0.024092862382531166,0.7566125392913818,0.5767387747764587,-0.030367620289325714,0.7299166917800903,0.5060099363327026,-0.03728606179356575,0.7019841074943542,0.4573726952075958,-0.039493028074502945,0.7719314098358154,0.5030867457389832,0.007918336428701878,0.7669456005096436,0.449634850025177,-0.022813985124230385,0.7860288619995117,0.5073907971382141,-0.03929430618882179,0.7977336645126343,0.5450657606124878,-0.04436318203806877,0.8132158517837524,0.4936330318450928,0.00852143857628107,0.8124450445175171,0.4471324384212494,-0.024401497095823288,0.8247670531272888,0.5261942148208618,-0.03378397598862648,0.8255170583724976,0.5568298697471619,-0.03094916231930256,0.8537198305130005,0.4949361979961395,0.0023785727098584175,0.8555794358253479,0.44862961769104004,-0.032670166343450546,0.8588458299636841,0.5249295234680176,-0.024517329409718513,0.8554196953773499,0.5569068193435669,-0.00830851774662733,0.8926543593406677,0.5030719041824341,-0.00561491260305047,0.8918700218200684,0.459562748670578,-0.024207014590501785,0.8904039263725281,0.5122429728507996,-0.01266421563923359,0.8865715861320496,0.5380620360374451,0.0023778053000569344,A
0.8161282539367676,0.6262568235397339,-4.811995495401789e-07,0.7545512318611145,0.6006373167037964,-0.019625842571258545,0.704421877861023,0.527248740196228,-0.024390920996665955,0.6770562529563904,0.45959794521331787,-0.031036728993058205,0.6477611064910889,0.4143325388431549,-0.03375507891178131,0.7170165181159973,0.4564119875431061,0.011608573608100414,0.7072769403457642,0.4008868932723999,-0.017776114866137505,0.728147566318512,0.4516594707965851,-0.03491349145770073,0.7430777549743652,0.49053484201431274,-0.04043711721897125,0.7560945749282837,0.4430321455001831,0.010452360846102238,0.7525274157524109,0.39581161737442017,-0.020708898082375526,0.7690691947937012,0.46980705857276917,-0.03059713914990425,0.774211049079895,0.5039919018745422,-0.028275923803448677,0.7951629757881165,0.440554141998291,0.0029532506596297026,0.7934545874595642,0.3931829631328583,-0.029374122619628906,0.801265299320221,0.46521735191345215,-0.02223270758986473,0.802177369594574,0.5004352331161499,-0.0071050613187253475,0.8336100578308105,0.4451793432235718,-0.0062199924141168594,0.830509603023529,0.39838096499443054,-0.02328139916062355,0.8308660387992859,0.44756412506103516,-0.012296680361032486,0.8297548294067383,0.47617051005363464,0.00214676046743989,A
0.7935524582862854,0.7228848934173584,-6.42644920390012e-07,0.7255310416221619,0.6849265694618225,-0.009639727883040905,0.6861371397972107,0.6014750003814697,-0.009232879616320133,0.6735146641731262,0.5277360081672668,-0.011783774010837078,0.6559818387031555,0.4767325222492218,-0.010233044624328613,0.7260518670082092,0.5322063565254211,0.01509256660938263,0.7040995359420776,0.4914062023162842,-0.010684413835406303,0.7134891748428345,0.5566869378089905,-0.02276582457125187,0.7278311848640442,0.5896078944206238,-0.02537180855870247,0.7644668221473694,0.5319186449050903,0.010096480138599873,0.7433151602745056,0.49754366278648376,-0.015178552828729153,0.7472363710403442,0.5731217861175537,-0.017588075250387192,0.7612199783325195,0.5952619910240173,-0.011431326158344746,0.8025826811790466,0.5406439304351807,-0.00070324627449736,0.7819206118583679,0.507266640663147,-0.027590710669755936,0.7806932926177979,0.5806042551994324,-0.014526640065014362,0.7926258444786072,0.6027473211288452,0.0027725580148398876,0.8418521285057068,0.5547218322753906,-0.012823306024074554,0.8237495422363281,0.5189977288246155,-0.024893533438444138,0.8159135580062866,0.5694685578346252,-0.011069804430007935,0.8240241408348083,0.5899391770362854,0.004047774709761143,A
0.8045977354049683,0.7027448415756226,-4.856020723309484e-07,0.7387742400169373,0.6824430227279663,-0.02811891958117485,0.6791097521781921,0.6011496186256409,-0.03574661910533905,0.6467506289482117,0.5235120058059692,-0.043937671929597855,0.6128281950950623,0.4681469798088074,-0.04684619605541229,0.6862863898277283,0.5154721736907959,0.008495029993355274,0.6768158674240112,0.4552261531352997,-0.024753110483288765,0.703944742679596,0.5095928311347961,-0.04415229335427284,0.7201444506645203,0.5521707534790039,-0.05059811845421791,0.7282600998878479,0.496621310710907,0.009942302480340004,0.722946286201477,0.4434850215911865,-0.024567482993006706,0.747525691986084,0.5234888195991516,-0.035722557455301285,0.7534279227256775,0.5613243579864502,-0.0333680734038353,0.7712989449501038,0.4903973340988159,0.0037995281163603067,0.7681602835655212,0.43551307916641235,-0.03281347081065178,0.7828955054283142,0.5128130912780762,-0.024940166622400284,0.7852602005004883,0.5532234311103821,-0.008203261531889439,0.8138756155967712,0.4926203489303589,-0.004767388571053743,0.8098037838935852,0.440392404794693,-0.025890767574310303,0.8141634464263916,0.4936065077781677,-0.014769422821700573,0.8135474920272827,0.5264331698417664,0.0009172201971523464,A
0.7764742374420166,0.4983493983745575,-7.035705493763089e-07,0.7005462050437927,0.4652365744113922,-0.030254608020186424,0.6476671695709229,0.3532921075820923,-0.03904465213418007,0.6278495192527771,0.25169476866722107,-0.04845522716641426,0.6035575270652771,0.17868418991565704,-0.05192865803837776,0.6778045892715454,0.25433146953582764,-0.0007566057029180229,0.6764345765113831,0.18061891198158264,-0.04419879987835884,0.6940425634384155,0.2649592161178589,-0.06482551991939545,0.7061892747879028,0.32181817293167114,-0.06978776305913925,0.7338266372680664,0.2494097352027893,-0.0020183466840535402,0.7360493540763855,0.18266454339027405,-0.04586397483944893,0.742939293384552,0.2926488518714905,-0.05393267422914505,0.7450786232948303,0.33631035685539246,-0.04645030200481415,0.7888373136520386,0.25707319378852844,-0.01198603119701147,0.7923370599746704,0.19590400159358978,-0.05761117488145828,0.7878032326698303,0.29836153984069824,-0.04404747486114502,0.7838084101676941,0.33815494179725647,-0.02081805281341076,0.8433773517608643,0.2734462022781372,-0.02442077361047268,0.846656084060669,0.2122439295053482,-0.0485587939620018,0.8359991908073425,0.2804122567176819,-0.03273256868124008,0.8275548219680786,0.3139074742794037,-0.012668679468333721,A
0.743773877620697,0.8229736089706421,-5.808932428408298e-07,0.6835852265357971,0.7915548086166382,-0.022129744291305542,0.6389768719673157,0.7054406404495239,-0.027934787794947624,0.6188040971755981,0.6275507807731628,-0.03464626520872116,0.5956147313117981,0.5709565281867981,-0.03618196025490761,0.6596102714538574,0.6273277997970581,0.006087885238230228,0.6538031101226807,0.572040855884552,-0.0246353130787611,0.6693291664123535,0.6367709636688232,-0.0392097607254982,0.6800525188446045,0.6762949228286743,-0.04281621426343918,0.7003019452095032,0.621664822101593,0.0054512470960617065,0.6965627074241638,0.5749504566192627,-0.025530390441417694,0.7063137292861938,0.6582001447677612,-0.03125206381082535,0.7098719477653503,0.6872517466545105,-0.026241997256875038,0.7412559986114502,0.6266719698905945,-0.001918305759318173,0.739589273929596,0.579660952091217,-0.03542884439229965,0.7408347129821777,0.6590111255645752,-0.02430005557835102,0.7401898503303528,0.6893342733383179,-0.006585093680769205,0.7811679840087891,0.6385796070098877,-0.011153369210660458,0.778239369392395,0.5927401781082153,-0.028621792793273926,0.773487389087677,0.6467693448066711,-0.01590908318758011,0.7709141969680786,0.6726135611534119,-0.00028236169600859284,A
0.812730073928833,0.7354403734207153,-5.071469786344096e-07,0.7523969411849976,0.6916308403015137,-0.01603923924267292,0.7105066180229187,0.6099280714988708,-0.02155003510415554,0.6880902051925659,0.5369353294372559,-0.02976418286561966,0.6599865555763245,0.4888218641281128,-0.03475821763277054,0.736685037612915,0.5462328195571899,0.010949162766337395,0.7239810824394226,0.4928361177444458,-0.019769510254263878,0.7417603731155396,0.5450690984725952,-0.03924713283777237,0.7570466995239258,0.5899009108543396,-0.04610389843583107,0.7764096260070801,0.5438419580459595,0.007623918354511261,0.7695796489715576,0.4978749454021454,-0.024196473881602287,0.7809959053993225,0.5713270902633667,-0.03491753712296486,0.7893445491790771,0.6163769960403442,-0.033156175166368484,0.8157344460487366,0.5511369109153748,-0.001473702723160386,0.8114802241325378,0.5048684477806091,-0.033250708132982254,0.8120090961456299,0.5790867805480957,-0.025683235377073288,0.8137720823287964,0.6260143518447876,-0.010128865949809551,0.8553863763809204,0.5657583475112915,-0.01215472910553217,0.8512113690376282,0.5214969515800476,-0.029667966067790985,0.8445888757705688,0.5706338286399841,-0.01912575401365757,0.8424074649810791,0.6050307154655457,-0.0048359716311097145,A
0.8723397850990295,0.8248193264007568,-7.525985097345256e-07,0.7793862223625183,0.7601913213729858,-0.02390548773109913,0.7115865349769592,0.6359369158744812,-0.03127160668373108,0.6751425266265869,0.5314288139343262,-0.043015703558921814,0.631650984287262,0.45792341232299805,-0.050125181674957275,0.7476969361305237,0.5389685034751892,0.01868227869272232,0.726007342338562,0.45979392528533936,-0.03055882826447487,0.7558346390724182,0.5374429225921631,-0.062429577112197876,0.7819170951843262,0.6076834797859192,-0.07383625954389572,0.8112418055534363,0.5300984978675842,0.011930602602660656,0.7988230586051941,0.462645024061203,-0.04166587442159653,0.822409451007843,0.5786560773849487,-0.060909006744623184,0.8387050032615662,0.6527142524719238,-0.058281563222408295,0.8754180073738098,0.5385786890983582,-0.0036688020918518305,0.8652759790420532,0.468467652797699,-0.05623570457100868,0.8729907274246216,0.5885107517242432,-0.04417174309492111,0.8792861104011536,0.6645184755325317,-0.018392115831375122,0.9413894414901733,0.5588380694389343,-0.021634040400385857,0.932123064994812,0.49210137128829956,-0.050917867571115494,0.9242693185806274,0.5737897157669067,-0.03338097408413887,0.9210665225982666,0.6281692981719971,-0.009496388025581837,A
0.49077874422073364,0.4989316761493683,-9.495751100985217e-07,0.3927643299102783,0.4420205354690552,-0.002571607008576393,0.3289511501789093,0.32542914152145386,0.0014155443059280515,0.3031652271747589,0.2276417464017868,-0.004288473166525364,0.2645485997200012,0.16137103736400604,-0.007986094802618027,0.3762863278388977,0.22188082337379456,0.04558887705206871,0.3460923433303833,0.14967958629131317,0.007307094521820545,0.36216408014297485,0.2234249711036682,-0.02114381641149521,0.38403597474098206,0.2915959358215332,-0.031881533563137054,0.4288922846317291,0.2134348452091217,0.030961990356445312,0.398283988237381,0.14501768350601196,-0.010176560841500759,0.4169689416885376,0.25318560004234314,-0.02932189404964447,0.43940791487693787,0.32805365324020386,-0.028126578778028488,0.48630496859550476,0.21601414680480957,0.008944077417254448,0.4531056582927704,0.14696668088436127,-0.03195897489786148,0.4650440514087677,0.26294034719467163,-0.02395426481962204,0.48248210549354553,0.3381471037864685,-0.003243332728743553,0.5492538213729858,0.23158757388591766,-0.014080891385674477,0.5115491151809692,0.16197477281093597,-0.03710727021098137,0.5089942812919617,0.23985572159290314,-0.02129492722451687,0.5212203860282898,0.2951386272907257,0.00013623888662550598,A
0.5009843707084656,0.8775834441184998,-8.534936455362185e-07,0.41774362325668335,0.8297783732414246,-0.007629485335201025,0.35777387022972107,0.7282223701477051,-0.010197102092206478,0.3266702890396118,0.6470676064491272,-0.019179213792085648,0.28761357069015503,0.5914239883422852,-0.02472863905131817,0.38913607597351074,0.6274299621582031,0.02591816335916519,0.3519603908061981,0.5802786946296692,-0.013670003972947598,0.37420418858528137,0.6558392643928528,-0.04027039185166359,0.4005451798439026,0.7159484624862671,-0.04990924149751663,0.43628907203674316,0.62165766954422,0.014871315099298954,0.40065813064575195,0.5844762921333313,-0.026472318917512894,0.4256138801574707,0.6812191009521484,-0.04076743498444557,0.45126229524612427,0.7392896413803101,-0.03790803626179695,0.48634105920791626,0.6254196763038635,-0.003012425731867552,0.44819483160972595,0.5868843793869019,-0.041314497590065,0.46595436334609985,0.6864102482795715,-0.030094213783740997,0.486247718334198,0.7422166466712952,-0.009380234405398369,0.5405629277229309,0.639378547668457,-0.022302841767668724,0.49960723519325256,0.5990040898323059,-0.04224449396133423,0.5024916529655457,0.6675237417221069,-0.026620840653777122,0.5173521041870117,0.7064711451530457,-0.006697602104395628,A
0.3391464650630951,0.8269244432449341,-7.054364346004149e-07,0.2681243121623993,0.7865039110183716,-0.020647211000323296,0.21737048029899597,0.6836486458778381,-0.02715112827718258,0.18718808889389038,0.6028973460197449,-0.036552321165800095,0.14813171327114105,0.555717408657074,-0.04099825769662857,0.2504781484603882,0.5932791829109192,0.01111900806427002,0.22249926626682281,0.5366966724395752,-0.02930516190826893,0.2420111745595932,0.6154667735099792,-0.05213817581534386,0.26303672790527344,0.6596007943153381,-0.060130421072244644,0.29307880997657776,0.5840535759925842,0.006139662582427263,0.26749151945114136,0.5224719047546387,-0.03370686620473862,0.2798053026199341,0.6192216277122498,-0.04165142402052879,0.29711392521858215,0.6549203991889954,-0.03545413166284561,0.33924803137779236,0.5886073708534241,-0.006885756738483906,0.31676238775253296,0.5247180461883545,-0.0455392450094223,0.3203986883163452,0.6185773015022278,-0.029300514608621597,0.33442240953445435,0.6552674770355225,-0.006194912828505039,0.38796907663345337,0.6035701036453247,-0.02259203977882862,0.3665648102760315,0.5471739172935486,-0.04232576861977577,0.3585871160030365,0.6116498112678528,-0.0254994947463274,0.36640647053718567,0.6437569260597229,-0.0058576022274792194,A
0.27708008885383606,0.5089398622512817,-8.518051686223771e-07,0.1925792545080185,0.46382978558540344,-0.0015590941766276956,0.14181196689605713,0.36194655299186707,0.0034858020953834057,0.11730292439460754,0.2834084630012512,0.00157270731870085,0.08227856457233429,0.23595526814460754,0.0029449539724737406,0.1777612566947937,0.27499788999557495,0.03585813194513321,0.15070760250091553,0.20981302857398987,0.0030194816645234823,0.16555120050907135,0.2822868525981903,-0.01718233898282051,0.1868417114019394,0.3326738476753235,-0.0233352929353714,0.21860268712043762,0.26553812623023987,0.02395382523536682,0.19383981823921204,0.19422318041324615,-0.010328142903745174,0.2065017819404602,0.28897038102149963,-0.020510520786046982,0.226924866437912,0.3350563645362854,-0.015224307775497437,0.2642071545124054,0.2657508850097656,0.005588450934737921,0.23894405364990234,0.1946500986814499,-0.027161553502082825,0.2463427633047104,0.291211873292923,-0.01405814103782177,0.2636699974536896,0.3375400900840759,0.006854275707155466,0.31487035751342773,0.276481032371521,-0.01387553010135889,0.2875094711780548,0.21478433907032013,-0.030116885900497437,0.2830840051174164,0.2830597758293152,-0.013817878440022469,0.29339462518692017,0.3225255310535431,0.005519152153283358,A
0.2124985158443451,0.42446428537368774,-9.176445701086777e-07,0.1251717060804367,0.3849058151245117,0.0034941257908940315,0.06909912079572678,0.2841465175151825,0.011893944814801216,0.04026857763528824,0.20507512986660004,0.01155942678451538,0.0036841928958892822,0.1604824662208557,0.013992846012115479,0.1082850843667984,0.19607806205749512,0.04454156383872032,0.07708939909934998,0.12787045538425446,0.014044060371816158,0.09097811579704285,0.1960715353488922,-0.004822656977921724,0.11292152106761932,0.24623318016529083,-0.010200168937444687,0.1458246260881424,0.18187278509140015,0.030126670375466347,0.11519864201545715,0.10522077977657318,-0.003845304250717163,0.13035844266414642,0.20324285328388214,-0.013822417706251144,0.15608260035514832,0.25065627694129944,-0.00727458531036973,0.18996210396289825,0.17724451422691345,0.009479857981204987,0.1590779721736908,0.1016303151845932,-0.02325277030467987,0.16977131366729736,0.20286640524864197,-0.009779945015907288,0.1927698850631714,0.25120052695274353,0.01220022700726986,0.24191410839557648,0.18386831879615784,-0.01202287059277296,0.2104225754737854,0.11611808836460114,-0.028116490691900253,0.20725658535957336,0.18567907810211182,-0.011108419857919216,0.22243185341358185,0.22763273119926453,0.009102774783968925,A
0.5181926488876343,0.5366208553314209,-7.041310254862765e-07,0.435880184173584,0.48490235209465027,-0.02089829184114933,0.37965792417526245,0.3603995740413666,-0.02558981627225876,0.35098257660865784,0.2579711973667145,-0.034048695117235184,0.31186795234680176,0.19522787630558014,-0.0377521812915802,0.40965476632118225,0.2736533582210541,0.017271466553211212,0.39659178256988525,0.18814781308174133,-0.023160602897405624,0.41931918263435364,0.261512815952301,-0.0473005436360836,0.43683022260665894,0.3189353346824646,-0.05575409159064293,0.46203070878982544,0.2643871605396271,0.010567184537649155,0.4518909454345703,0.17718444764614105,-0.031907860189676285,0.4673369228839874,0.28027552366256714,-0.04456127807497978,0.4787585735321045,0.3345240652561188,-0.040445033460855484,0.5161791443824768,0.2713497579097748,-0.004173115361481905,0.511492908000946,0.18415115773677826,-0.0460626445710659,0.5145445466041565,0.28682997822761536,-0.03169018030166626,0.5183575749397278,0.3425629734992981,-0.008597892709076405,0.5718565583229065,0.2903894782066345,-0.021388154476881027,0.5665426850318909,0.2179776132106781,-0.04305984824895859,0.5592679977416992,0.2889282703399658,-0.025248941034078598,0.5580275058746338,0.33245569467544556,-0.004432475659996271,A
0.6111338138580322,0.7745459079742432,-7.699641173530836e-07,0.5312536954879761,0.7413667440414429,-0.026189066469669342,0.47553059458732605,0.6309026479721069,-0.0323539562523365,0.45592200756073,0.5295302271842957,-0.040226586163043976,0.43123459815979004,0.45826736092567444,-0.04176335781812668,0.5114541053771973,0.5287667512893677,0.009492693468928337,0.50214022397995,0.4634515941143036,-0.032904744148254395,0.5182311534881592,0.5487110018730164,-0.05324054881930351,0.5341059565544128,0.6016381978988647,-0.05801330506801605,0.5623799562454224,0.5213561058044434,0.00594470277428627,0.5536705255508423,0.45483964681625366,-0.03695446252822876,0.5610174536705017,0.5638303160667419,-0.043919727206230164,0.5727126002311707,0.6026382446289062,-0.035252008587121964,0.6142584681510925,0.5270214676856995,-0.00673279445618391,0.6083613038063049,0.45888203382492065,-0.051514968276023865,0.6068261861801147,0.5631508231163025,-0.034911852329969406,0.6132772564888,0.6030674576759338,-0.00923396646976471,0.66704261302948,0.5430558919906616,-0.02213648147881031,0.6609116792678833,0.4826144278049469,-0.04558027908205986,0.6522241830825806,0.5529903173446655,-0.02804568223655224,0.6535613536834717,0.5857753753662109,-0.006480983458459377,A
0.8191642165184021,0.8319700360298157,-6.681557351839729e-07,0.748112678527832,0.8016740083694458,-0.03691945597529411,0.6944145560264587,0.6880365014076233,-0.046010930091142654,0.6734398603439331,0.5848934650421143,-0.05403366684913635,0.6495073437690735,0.5143860578536987,-0.05390981584787369,0.720142662525177,0.5925162434577942,-0.00036666967207565904,0.7218215465545654,0.5261108875274658,-0.04001753777265549,0.7416263818740845,0.6112155318260193,-0.05475463718175888,0.7500960826873779,0.6547843813896179,-0.05709457769989967,0.7727034687995911,0.5858993530273438,0.002164627658203244,0.7767982482910156,0.5275622606277466,-0.03853277117013931,0.7829428911209106,0.6335586905479431,-0.04320433363318443,0.7769341468811035,0.6518707871437073,-0.034955818206071854,0.8242008090019226,0.5919969081878662,-0.0049715363420546055,0.8323630094528198,0.5341722965240479,-0.0501510426402092,0.8278710842132568,0.63193678855896,-0.035596732050180435,0.8186535835266113,0.6531213521957397,-0.013239480555057526,0.8735366463661194,0.6062663793563843,-0.015339484438300133,0.8802287578582764,0.5563164949417114,-0.0415261834859848,0.8712746500968933,0.6238183379173279,-0.02755662426352501,0.8618507981300354,0.6482143402099609,-0.009200051426887512,A
0.8239147067070007,0.4100062847137451,-7.007224098742881e-07,0.7518272399902344,0.37465983629226685,-0.033875033259391785,0.7067565321922302,0.26088592410087585,-0.042554035782814026,0.6972074508666992,0.15598221123218536,-0.05007189139723778,0.6797807216644287,0.08415268361568451,-0.05016430839896202,0.7432572245597839,0.16712063550949097,-0.006190442014485598,0.7496944665908813,0.09858695417642593,-0.04684930667281151,0.7616547346115112,0.1861262321472168,-0.06244860589504242,0.767418384552002,0.2350688874721527,-0.06521140784025192,0.7978911995887756,0.16526742279529572,-0.005950880236923695,0.8052998781204224,0.10132156312465668,-0.04691497981548309,0.8027554154396057,0.20690982043743134,-0.052112407982349396,0.797487199306488,0.23322029411792755,-0.044625669717788696,0.8504570722579956,0.17493881285190582,-0.01437620259821415,0.861642062664032,0.11045346409082413,-0.058646321296691895,0.8500495553016663,0.2091771960258484,-0.043165672570466995,0.8409868478775024,0.23673470318317413,-0.02059069275856018,0.9007161259651184,0.19425585865974426,-0.025809044018387794,0.9114000797271729,0.13920509815216064,-0.052101630717515945,0.8969260454177856,0.20676061511039734,-0.03752174600958824,0.8852463364601135,0.2333947867155075,-0.018924903124570847,A
0.8439240455627441,0.8870847225189209,-5.693389084626688e-07,0.7853868007659912,0.8570455312728882,-0.034239113330841064,0.7435454726219177,0.7585281133651733,-0.043696556240320206,0.7295677661895752,0.6667276620864868,-0.05123789235949516,0.7110594511032104,0.6039920449256897,-0.05086401849985123,0.766137957572937,0.6710860729217529,-0.004593363963067532,0.7740398049354553,0.6217483878135681,-0.036782994866371155,0.7874038815498352,0.6964611411094666,-0.045207951217889786,0.7905685305595398,0.7295976877212524,-0.0449850969016552,0.8142184615135193,0.6691358685493469,-0.0017316442681476474,0.8220714330673218,0.625283420085907,-0.0361119844019413,0.8217020034790039,0.7195409536361694,-0.037492189556360245,0.812563419342041,0.7251392006874084,-0.028868647292256355,0.8608611822128296,0.6781623363494873,-0.007150202989578247,0.8724356889724731,0.6367270350456238,-0.046244535595178604,0.8632845878601074,0.7192736268043518,-0.03297041729092598,0.851001501083374,0.7272807359695435,-0.01396119687706232,0.903893232345581,0.6944194436073303,-0.01551776472479105,0.9148498177528381,0.6582936644554138,-0.039209067821502686,0.9028688669204712,0.7156845927238464,-0.02811986394226551,0.8899083733558655,0.7304009199142456,-0.013307347893714905,A
0.5074607729911804,0.8839108943939209,-7.686793992434104e-07,0.426189661026001,0.8423750400543213,-0.026099171489477158,0.3706297278404236,0.7328789234161377,-0.033892881125211716,0.3495104908943176,0.6356242895126343,-0.04341837763786316,0.32526296377182007,0.5623041391372681,-0.0450686514377594,0.4179016053676605,0.6232897043228149,0.01014760136604309,0.38493111729621887,0.5801007151603699,-0.03186962381005287,0.4048319160938263,0.6706959009170532,-0.05234141647815704,0.42547982931137085,0.7112066745758057,-0.05864279344677925,0.46657058596611023,0.620055615901947,0.0076226224191486835,0.43098118901252747,0.5884497165679932,-0.03081691637635231,0.44343093037605286,0.6873634457588196,-0.033463116735219955,0.46316927671432495,0.6979892253875732,-0.025308534502983093,0.516209065914154,0.630590558052063,-0.004740319214761257,0.4823375344276428,0.5912013649940491,-0.04493457078933716,0.48580417037010193,0.6867150664329529,-0.024263935163617134,0.5045590996742249,0.7003795504570007,0.000643128645606339,0.5667356848716736,0.6495475769042969,-0.020681319758296013,0.5370486378669739,0.6131507754325867,-0.041669633239507675,0.5271772742271423,0.6804925203323364,-0.024381807073950768,0.5387654304504395,0.6989157199859619,-0.004660272505134344,A
0.5526407957077026,0.5394613146781921,-7.455960826519004e-07,0.47787874937057495,0.5111931562423706,-0.018500633537769318,0.42305701971054077,0.4150055944919586,-0.02228834480047226,0.4009513854980469,0.32457810640335083,-0.02881144918501377,0.37315845489501953,0.2641112804412842,-0.03049246221780777,0.45745742321014404,0.3260495364665985,0.010262747295200825,0.43797072768211365,0.26300957798957825,-0.025458628311753273,0.45611271262168884,0.3401303291320801,-0.042327333241701126,0.47413039207458496,0.38250818848609924,-0.0466533787548542,0.5006054639816284,0.31712016463279724,0.005624352488666773,0.48103031516075134,0.2559526562690735,-0.031167998909950256,0.4954524338245392,0.35139545798301697,-0.03647330403327942,0.5115269422531128,0.3821335434913635,-0.029132483527064323,0.5459905862808228,0.31806227564811707,-0.006294063292443752,0.526175856590271,0.25509899854660034,-0.04467117041349411,0.5335111021995544,0.35083258152008057,-0.027864186093211174,0.5467796325683594,0.3867136538028717,-0.004476997535675764,0.5947323441505432,0.3269152343273163,-0.020262939855456352,0.5733020901679993,0.27030274271965027,-0.04113815352320671,0.5706320405006409,0.3376629054546356,-0.02469504252076149,0.5791025161743164,0.3706531524658203,-0.0051494562067091465,A
0.2970117926597595,0.8631362915039062,-6.495447451015934e-07,0.23231901228427887,0.8249047994613647,-0.021874673664569855,0.18843846023082733,0.7334972620010376,-0.028368264436721802,0.16735480725765228,0.6544777750968933,-0.03721322491765022,0.14362788200378418,0.5964798331260681,-0.04010769724845886,0.2222098857164383,0.6465533971786499,0.013409014791250229,0.2000395953655243,0.5923787355422974,-0.022503193467855453,0.21332687139511108,0.6650530695915222,-0.04144436493515968,0.22822776436805725,0.7034243941307068,-0.047276001423597336,0.26070424914360046,0.6423278450965881,0.01054882351309061,0.2393275648355484,0.5911319851875305,-0.025236189365386963,0.2469964623451233,0.6790123581886292,-0.031443316489458084,0.2605316936969757,0.7025802135467529,-0.0246199332177639,0.3010689616203308,0.648006796836853,-0.0005865626153536141,0.2820335626602173,0.5959216952323914,-0.03675655275583267,0.28283995389938354,0.6807224750518799,-0.021553289145231247,0.2942420542240143,0.7059026956558228,0.0004299658758100122,0.3441501259803772,0.6623004674911499,-0.014589784666895866,0.32669228315353394,0.6133506894111633,-0.033024273812770844,0.3183051645755768,0.6722310781478882,-0.01750817894935608,0.3251155614852905,0.6981030106544495,0.0012057939311489463,A
0.298875629901886,0.42741867899894714,-7.279539886440034e-07,0.22061482071876526,0.37490206956863403,-0.007725714705884457,0.17387309670448303,0.2773144245147705,-0.005444466136395931,0.15627199411392212,0.1889316886663437,-0.009245330467820168,0.13412106037139893,0.1231142207980156,-0.009326481260359287,0.21755114197731018,0.20031146705150604,0.03489521145820618,0.2025129199028015,0.13558819890022278,0.004969558212906122,0.21267777681350708,0.20501090586185455,-0.012996715493500233,0.2271173596382141,0.2521320879459381,-0.018248094245791435,0.25816187262535095,0.194731205701828,0.02663067914545536,0.24271930754184723,0.12807577848434448,-0.004786513280123472,0.24930638074874878,0.21992608904838562,-0.013819878920912743,0.2652997374534607,0.2615503668785095,-0.008875309489667416,0.3014875650405884,0.20023898780345917,0.011283067055046558,0.2863014042377472,0.13364899158477783,-0.021423298865556717,0.2858119010925293,0.22365060448646545,-0.008921069093048573,0.29778897762298584,0.2683544456958771,0.01163357961922884,0.34909719228744507,0.21621562540531158,-0.005467788316309452,0.3323361873626709,0.15185046195983887,-0.020626125857234,0.3231353461742401,0.21297229826450348,-0.004227799363434315,0.3294057250022888,0.25038573145866394,0.014916125684976578,A
0.6827622056007385,0.8779895901679993,3.599348303851002e-07,0.6304464340209961,0.8509835004806519,-0.021898822858929634,0.5947045683860779,0.787829577922821,-0.03489675745368004,0.6159452795982361,0.7298082709312439,-0.046866871416568756,0.6567907929420471,0.7127858400344849,-0.059261955320835114,0.6119024157524109,0.6722015738487244,-0.01796923205256462,0.6052426695823669,0.5943570733070374,-0.03465541452169418,0.6061416864395142,0.545497715473175,-0.05105159059166908,0.6100549697875977,0.5009737610816956,-0.06449973583221436,0.6470959186553955,0.6586369872093201,-0.02182377316057682,0.6408724784851074,0.5694918632507324,-0.03407716006040573,0.6387012600898743,0.5140694975852966,-0.047817572951316833,0.637484073638916,0.4632568359375,-0.05933273956179619,0.6804706454277039,0.6647377014160156,-0.0289366003125906,0.676346480846405,0.5808954834938049,-0.040082503110170364,0.6726455092430115,0.5297286510467529,-0.050669800490140915,0.6690747737884521,0.4842084050178528,-0.05948769673705101,0.7139021754264832,0.6864745616912842,-0.03908466547727585,0.7091090083122253,0.6184499859809875,-0.049295976758003235,0.7039490938186646,0.5755576491355896,-0.05447160452604294,0.6991272568702698,0.5371554493904114,-0.05900764465332031,B
0.6893348693847656,0.8747441172599792,3.663193979264179e-07,0.636432409286499,0.8469818830490112,-0.02131168730556965,0.5994035601615906,0.7809395790100098,-0.03256413713097572,0.6170151829719543,0.72362220287323,-0.04276236891746521,0.6570354700088501,0.7169618606567383,-0.05309450998902321,0.6252486705780029,0.6691454648971558,-0.014057951979339123,0.6216461658477783,0.5939309597015381,-0.028600960969924927,0.6241469979286194,0.5465683341026306,-0.043804820626974106,0.6292200684547424,0.5033707618713379,-0.05654870718717575,0.658954918384552,0.6579935550689697,-0.01709890551865101,0.655471682548523,0.572108805179596,-0.02728121168911457,0.6555012464523315,0.518002450466156,-0.0390738807618618,0.6562421321868896,0.46896031498908997,-0.04900003969669342,0.6903471350669861,0.6654516458511353,-0.023569554090499878,0.687302827835083,0.5862185955047607,-0.03282716125249863,0.6847500205039978,0.5367955565452576,-0.04187912121415138,0.6822270154953003,0.49341151118278503,-0.049386586993932724,0.7220808267593384,0.6882808208465576,-0.03322402760386467,0.718488872051239,0.6237868666648865,-0.041577018797397614,0.7145697474479675,0.5828256011009216,-0.045666929334402084,0.7112139463424683,0.546521782875061,-0.04934276267886162,B
0.7235687375068665,0.8300420045852661,3.21287132010184e-07,0.6758451461791992,0.7997825741767883,-0.02062680944800377,0.6475673913955688,0.7371497750282288,-0.031596794724464417,0.6731259226799011,0.682564377784729,-0.041470590978860855,0.7119327783584595,0.6681085824966431,-0.051482390612363815,0.6581510901451111,0.6401799321174622,-0.01422523707151413,0.6511069536209106,0.5646839737892151,-0.027235884219408035,0.6506815552711487,0.5197378396987915,-0.04088340699672699,0.6519812345504761,0.4806727468967438,-0.05227937176823616,0.6917043328285217,0.6273765563964844,-0.016312802210450172,0.6844089031219482,0.5424363017082214,-0.025154246017336845,0.6812753677368164,0.4918581247329712,-0.036839552223682404,0.6780328154563904,0.44829273223876953,-0.046890709549188614,0.723174512386322,0.6324039697647095,-0.021384231746196747,0.7180152535438538,0.5527610778808594,-0.02912856638431549,0.7127284407615662,0.5070970058441162,-0.03792703524231911,0.7072310447692871,0.4692760109901428,-0.04564005881547928,0.7554765343666077,0.6513491272926331,-0.029346080496907234,0.7504402995109558,0.5879982709884644,-0.03657880052924156,0.7439587712287903,0.5489844679832458,-0.040309708565473557,0.7377023696899414,0.5155934691429138,-0.04391060024499893,B
0.7244482040405273,0.9475557804107666,3.508182544464944e-07,0.6757493615150452,0.9086593985557556,-0.01822792738676071,0.6491016149520874,0.8439491987228394,-0.0299479179084301,0.6739489436149597,0.8010430335998535,-0.04157448932528496,0.7109931111335754,0.7989727258682251,-0.053807809948921204,0.6692018508911133,0.741523027420044,-0.01360686868429184,0.66632479429245,0.6635114550590515,-0.029306191951036453,0.6696702837944031,0.6163627505302429,-0.04467340186238289,0.6750518679618835,0.5752445459365845,-0.05676513537764549,0.7039598226547241,0.7342911958694458,-0.018617115914821625,0.7014989852905273,0.6460382342338562,-0.030240533873438835,0.7023358345031738,0.5913481712341309,-0.04339895024895668,0.7041371464729309,0.543343186378479,-0.05377345159649849,0.7366339564323425,0.7439026236534119,-0.026557879522442818,0.7366840839385986,0.6608991622924805,-0.036253832280635834,0.7352057695388794,0.6121533513069153,-0.04523744061589241,0.733607828617096,0.5699849128723145,-0.052346471697092056,0.7693617343902588,0.7673614621162415,-0.03721778094768524,0.7684134244918823,0.7008630633354187,-0.044875890016555786,0.7656064033508301,0.6596602201461792,-0.0472559817135334,0.7626473307609558,0.6233301162719727,-0.04939959943294525,B
0.7168936133384705,0.8179224133491516,3.4548918392829364e-07,0.6651263236999512,0.7843825817108154,-0.021405966952443123,0.6337791085243225,0.7156315445899963,-0.03298812732100487,0.661699652671814,0.6636530756950378,-0.04366297647356987,0.7050380706787109,0.6608927845954895,-0.05488039553165436,0.6601775288581848,0.6066785454750061,-0.015210079960525036,0.6565558314323425,0.5293468832969666,-0.02961469627916813,0.6581146717071533,0.48147472739219666,-0.04457859322428703,0.6620326042175293,0.43927857279777527,-0.05722121149301529,0.6952033042907715,0.597466230392456,-0.018209870904684067,0.6916910409927368,0.5104494094848633,-0.028734257444739342,0.6902604699134827,0.4568515717983246,-0.041148632764816284,0.6893168091773987,0.40984082221984863,-0.05164573714137077,0.727405846118927,0.6067185401916504,-0.02450111322104931,0.7260146737098694,0.5250970125198364,-0.033901065587997437,0.7225419282913208,0.47552746534347534,-0.043853528797626495,0.7187383770942688,0.4333080053329468,-0.05217396840453148,0.7591354250907898,0.6310369372367859,-0.033895041793584824,0.7573314905166626,0.5647963285446167,-0.04290670156478882,0.7532045245170593,0.5223937034606934,-0.04785696044564247,0.749203622341156,0.4852615296840668,-0.05216555297374725,B
0.6762935519218445,0.8795400857925415,3.8340849073392747e-07,0.621533989906311,0.849414050579071,-0.021936194971203804,0.5862076282501221,0.7838195562362671,-0.03485535457730293,0.610754668712616,0.7315839529037476,-0.04698333144187927,0.6533852219581604,0.7279713153839111,-0.059773366898298264,0.6116342544555664,0.6697760820388794,-0.017537977546453476,0.6070532202720642,0.5905305743217468,-0.03423045948147774,0.6092993021011353,0.5412101745605469,-0.05091317743062973,0.6143150925636292,0.4970647096633911,-0.06466265022754669,0.646210789680481,0.659665584564209,-0.0213808361440897,0.6410257816314697,0.5700489282608032,-0.03390664607286453,0.6398695707321167,0.5142301321029663,-0.047803089022636414,0.6397124528884888,0.46424293518066406,-0.05932410806417465,0.6787577867507935,0.6681263446807861,-0.028610259294509888,0.675796627998352,0.5849619507789612,-0.039764031767845154,0.6725204586982727,0.5329486131668091,-0.05106430873274803,0.6692953705787659,0.48776620626449585,-0.0601891428232193,0.7122986912727356,0.6919013261795044,-0.0389692448079586,0.7089741230010986,0.6241543292999268,-0.04933413490653038,0.7042303085327148,0.5812085866928101,-0.05509880930185318,0.699758768081665,0.5431799292564392,-0.05999308452010155,B
0.5406306982040405,0.9095672369003296,4.897178769169841e-07,0.47674769163131714,0.880795419216156,-0.02594178542494774,0.4280807077884674,0.7989379167556763,-0.040866535156965256,0.44886133074760437,0.7369110584259033,-0.05504536256194115,0.500277042388916,0.7351952195167542,-0.07066984474658966,0.46171098947525024,0.6522307395935059,-0.021598896011710167,0.4608546793460846,0.557286262512207,-0.04214119166135788,0.46546149253845215,0.49689191579818726,-0.06232256069779396,0.4729069769382477,0.44199514389038086,-0.07953336089849472,0.5044718980789185,0.6408025622367859,-0.027685198932886124,0.5024635791778564,0.5313234329223633,-0.04408204182982445,0.5049718022346497,0.46367132663726807,-0.061419058591127396,0.5080707669258118,0.40038448572158813,-0.07609070092439651,0.5436875224113464,0.6532294750213623,-0.038078129291534424,0.5428900718688965,0.5501991510391235,-0.053520672023296356,0.5415295362472534,0.4859675168991089,-0.06933615356683731,0.5400732159614563,0.4271712005138397,-0.08217759430408478,0.5827304720878601,0.6843671798706055,-0.05202760919928551,0.5797764658927917,0.5995008945465088,-0.0665680319070816,0.5768247246742249,0.543550431728363,-0.07653637230396271,0.5741692781448364,0.490328848361969,-0.08530087023973465,B
0.3969268798828125,0.5977195501327515,4.6623338789686386e-07,0.32252931594848633,0.5689795613288879,-0.024869518354535103,0.26494476199150085,0.4784684181213379,-0.037004705518484116,0.27318182587623596,0.389244943857193,-0.04933038726449013,0.321292906999588,0.3670034408569336,-0.06172632798552513,0.30544424057006836,0.30735909938812256,-0.00604812940582633,0.3022994101047516,0.20347805321216583,-0.02312932163476944,0.30515116453170776,0.13894927501678467,-0.04292682930827141,0.3109244108200073,0.08130434155464172,-0.059815552085638046,0.35069897770881653,0.2909182608127594,-0.012912599369883537,0.3488360345363617,0.1710631549358368,-0.025410817936062813,0.3495810329914093,0.09697264432907104,-0.04047371447086334,0.35140612721443176,0.0323215126991272,-0.05319254472851753,0.3935272693634033,0.299909383058548,-0.02524319663643837,0.3913390040397644,0.18786345422267914,-0.03746731951832771,0.3881363570690155,0.11834016442298889,-0.049195803701877594,0.3854547142982483,0.058417290449142456,-0.05934853479266167,0.43709641695022583,0.32972121238708496,-0.041823286563158035,0.4339153468608856,0.23719842731952667,-0.053323399275541306,0.42947763204574585,0.1782110333442688,-0.05937567353248596,0.4247927665710449,0.12475137412548065,-0.06503167003393173,B
0.7574625015258789,0.7606120109558105,6.647462100772827e-07,0.6801664233207703,0.7047503590583801,-0.04617620259523392,0.6406034827232361,0.6038995981216431,-0.0736500546336174,0.6914859414100647,0.5443897247314453,-0.09762032330036163,0.7594711780548096,0.55050128698349,-0.12304142117500305,0.6930191516876221,0.44313880801200867,-0.04982978478074074,0.6959459781646729,0.31713247299194336,-0.08299590647220612,0.7059281468391418,0.24058981239795685,-0.11244146525859833,0.7195900678634644,0.1715124547481537,-0.13592101633548737,0.7504740953445435,0.4335812032222748,-0.052167925983667374,0.7540044188499451,0.290071964263916,-0.07964586466550827,0.7596920132637024,0.1982826590538025,-0.10703074932098389,0.7656335234642029,0.11225748062133789,-0.12912021577358246,0.801327109336853,0.4529981315135956,-0.05980485677719116,0.8102993965148926,0.32097387313842773,-0.08371547609567642,0.8124154210090637,0.23671874403953552,-0.10684564709663391,0.8131489157676697,0.16034945845603943,-0.12482210993766785,0.8506156802177429,0.4956304430961609,-0.07272221893072128,0.855344295501709,0.38871651887893677,-0.09406962245702744,0.8537335395812988,0.3181326985359192,-0.10746496915817261,0.8517997860908508,0.2515735626220703,-0.11849718540906906,B
0.6659720540046692,0.85737144947052,2.9858395578230557e-07,0.6284046769142151,0.8306741714477539,-0.0160196702927351,0.6061407923698425,0.7845468521118164,-0.026873944327235222,0.6261656880378723,0.7537375688552856,-0.0371529683470726,0.6566986441612244,0.7510226964950562,-0.04793794825673103,0.6259930729866028,0.7009419202804565,-0.01587744615972042,0.6246492266654968,0.6407358646392822,-0.029527150094509125,0.6274530291557312,0.6042724847793579,-0.04211290925741196,0.6318494081497192,0.572021484375,-0.05191260576248169,0.6520531177520752,0.6953168511390686,-0.01920308731496334,0.6507666110992432,0.6270211338996887,-0.029608862474560738,0.6512620449066162,0.5845277309417725,-0.040127091109752655,0.6523951292037964,0.5470093488693237,-0.048441361635923386,0.6763346791267395,0.7031258940696716,-0.024793939664959908,0.6770371794700623,0.6390271186828613,-0.03354034945368767,0.6765050292015076,0.5994197130203247,-0.041137777268886566,0.67592453956604,0.5651554465293884,-0.04709826782345772,0.7006058096885681,0.7218737006187439,-0.032573651522397995,0.7003334164619446,0.6698077917098999,-0.04015888273715973,0.6981046199798584,0.6366281509399414,-0.04328981041908264,0.6958808898925781,0.6069966554641724,-0.04577355831861496,B
0.7642549872398376,0.8508884906768799,2.919269093126786e-07,0.7315459847450256,0.8257230520248413,-0.017943106591701508,0.7138084769248962,0.7848818898200989,-0.029704146087169647,0.7338463664054871,0.7557446360588074,-0.040369801223278046,0.7612373232841492,0.7523494958877563,-0.05125124752521515,0.7270259261131287,0.7136079668998718,-0.018887724727392197,0.7225174903869629,0.6571535468101501,-0.03275236859917641,0.7254822850227356,0.6233227252960205,-0.04476349055767059,0.7306815981864929,0.5939551591873169,-0.053607676178216934,0.7508236169815063,0.7058559656143188,-0.020396264269948006,0.7478901147842407,0.6409389972686768,-0.030647410079836845,0.7479672431945801,0.6001481413841248,-0.04048249125480652,0.7491530179977417,0.5649224519729614,-0.04795103892683983,0.7731835246086121,0.7105020880699158,-0.024072939530014992,0.7715712785720825,0.6495277881622314,-0.032138269394636154,0.7697002291679382,0.6114495396614075,-0.03906741738319397,0.7686899900436401,0.5789002180099487,-0.04432259872555733,0.7957097291946411,0.7255134582519531,-0.03003750741481781,0.794486403465271,0.6767980456352234,-0.03598745912313461,0.7923182249069214,0.6468613147735596,-0.03805604577064514,0.7907119989395142,0.6212859749794006,-0.03973924368619919,B
0.27987998723983765,0.8364834785461426,4.535629614110803e-07,0.2239699810743332,0.8228273391723633,-0.025876343250274658,0.17487479746341705,0.7688847184181213,-0.04232228547334671,0.17682138085365295,0.7079204320907593,-0.05717528983950615,0.22018298506736755,0.6919213533401489,-0.07240236550569534,0.20139065384864807,0.6330045461654663,-0.024952584877610207,0.1981775313615799,0.5486279726028442,-0.044368863105773926,0.19950073957443237,0.4955745339393616,-0.06156777963042259,0.20378640294075012,0.4481654763221741,-0.07570887356996536,0.2373543381690979,0.618850588798523,-0.028583157807588577,0.23253466188907623,0.5230892896652222,-0.04445599392056465,0.23313376307487488,0.46319580078125,-0.05783875286579132,0.23517543077468872,0.4087991714477539,-0.06871891766786575,0.27207159996032715,0.6252633333206177,-0.03599395975470543,0.26746666431427,0.5350325107574463,-0.051270000636577606,0.2661771774291992,0.4792155623435974,-0.06253695487976074,0.26570385694503784,0.4290599226951599,-0.07128781825304031,0.3078080713748932,0.6473916172981262,-0.04662024602293968,0.30236685276031494,0.5764932632446289,-0.06087014824151993,0.2984673082828522,0.5299686193466187,-0.06857191771268845,0.2947503328323364,0.486706018447876,-0.07472802698612213,B
0.21446430683135986,0.5568826794624329,4.003167362043314e-07,0.15037406980991364,0.530730664730072,-0.019869782030582428,0.10513211786746979,0.45824915170669556,-0.029864149168133736,0.11267691105604172,0.3852333128452301,-0.03998546674847603,0.14957372844219208,0.35986560583114624,-0.05015728995203972,0.14143513143062592,0.3231392204761505,-0.007105563767254353,0.14116089046001434,0.23437675833702087,-0.023017650470137596,0.14534814655780792,0.18013200163841248,-0.039673496037721634,0.1520722508430481,0.13284648954868317,-0.05324932560324669,0.18046246469020844,0.31112736463546753,-0.012946927919983864,0.1811404675245285,0.20976673066616058,-0.025373054668307304,0.18423134088516235,0.1477421075105667,-0.038417279720306396,0.18916469812393188,0.09531283378601074,-0.04886208847165108,0.21683643758296967,0.3190752863883972,-0.02310626395046711,0.217831552028656,0.2247244119644165,-0.03529064729809761,0.21843495965003967,0.16733363270759583,-0.044694893062114716,0.21986545622348785,0.11902189254760742,-0.05238112807273865,0.2542702555656433,0.3434528708457947,-0.0364796407520771,0.2553764581680298,0.26745718717575073,-0.04774771258234978,0.2530551552772522,0.2192046195268631,-0.052840668708086014,0.2498614341020584,0.17614321410655975,-0.05711612477898598,B
0.19927632808685303,0.9123110175132751,5.914061489420419e-07,0.13938303291797638,0.8948521614074707,-0.030016131699085236,0.0917205959558487,0.8396555781364441,-0.05097154527902603,0.08955878019332886,0.7811015248298645,-0.06965187937021255,0.1256706714630127,0.7745205163955688,-0.08889319747686386,0.1266913115978241,0.6991162896156311,-0.033827345818281174,0.1320159137248993,0.6065062284469604,-0.05651355907320976,0.14006781578063965,0.5500805974006653,-0.07547567039728165,0.14976488053798676,0.5015555024147034,-0.09022270888090134,0.16534686088562012,0.6904431581497192,-0.03687195107340813,0.17115962505340576,0.5846615433692932,-0.05511296167969704,0.17831294238567352,0.5206713676452637,-0.06903661787509918,0.18591156601905823,0.46529537439346313,-0.08001231402158737,0.20096629858016968,0.701979398727417,-0.04374393820762634,0.20558781921863556,0.6025888323783875,-0.06009595841169357,0.20966725051403046,0.5436570048332214,-0.07075774669647217,0.21422246098518372,0.4920312762260437,-0.07898234575986862,0.2358912229537964,0.728893518447876,-0.0540541373193264,0.23759979009628296,0.6524931788444519,-0.06800102442502975,0.238821879029274,0.6025948524475098,-0.07424633949995041,0.23995444178581238,0.5569635629653931,-0.0792977511882782,B
0.5072566866874695,0.8988746404647827,4.214620332732011e-07,0.4536708891391754,0.8724135756492615,-0.023770416155457497,0.42016100883483887,0.8119051456451416,-0.03813254088163376,0.44556310772895813,0.7672362327575684,-0.051323290914297104,0.48588278889656067,0.7612152695655823,-0.06550580263137817,0.4501168131828308,0.6959247589111328,-0.022368408739566803,0.44835519790649414,0.6164957284927368,-0.04102727770805359,0.45315220952033997,0.5668706297874451,-0.05839206278324127,0.4610981047153473,0.5227881669998169,-0.07209484279155731,0.4853348731994629,0.6869264841079712,-0.025781236588954926,0.48368939757347107,0.595462441444397,-0.0399879589676857,0.48500847816467285,0.5380405187606812,-0.054900284856557846,0.48805615305900574,0.4870474338531494,-0.06706096976995468,0.5170128345489502,0.6963334083557129,-0.032575469464063644,0.5169122815132141,0.6111288666725159,-0.04484935849905014,0.5154724717140198,0.5571303367614746,-0.0569990836083889,0.5151463747024536,0.5100371837615967,-0.06673859059810638,0.5483977794647217,0.7204049825668335,-0.0424853153526783,0.5464339256286621,0.6514929533004761,-0.05361365154385567,0.5429328083992004,0.6072427034378052,-0.0599430650472641,0.5398560762405396,0.566902756690979,-0.06525750458240509,B
0.49572908878326416,0.5428447723388672,3.799531214099261e-07,0.4425297975540161,0.5157532095909119,-0.02274094894528389,0.40868857502937317,0.44574737548828125,-0.03383854404091835,0.4302521049976349,0.38435497879981995,-0.04384269937872887,0.4722364544868469,0.37459802627563477,-0.05408286303281784,0.4320257902145386,0.3384409546852112,-0.013513525947928429,0.42947328090667725,0.26071804761886597,-0.028572170063853264,0.4339256286621094,0.2122664600610733,-0.044300325214862823,0.4413987696170807,0.169427752494812,-0.05744786188006401,0.4662727415561676,0.32711920142173767,-0.01581956259906292,0.4636125862598419,0.23989897966384888,-0.026640169322490692,0.465200275182724,0.1857004463672638,-0.039562687277793884,0.46794694662094116,0.1366543173789978,-0.05061519145965576,0.4974236488342285,0.3345518112182617,-0.021871011704206467,0.4966810345649719,0.25547075271606445,-0.03193066641688347,0.4954102635383606,0.20679143071174622,-0.04245109483599663,0.4946709871292114,0.16467346251010895,-0.05142690986394882,0.5285602807998657,0.35663774609565735,-0.03123670257627964,0.5274525284767151,0.29393529891967773,-0.040508195757865906,0.5251289010047913,0.2533499300479889,-0.04628944396972656,0.5230106711387634,0.21699051558971405,-0.05165937915444374,B
0.5576122999191284,0.8735480308532715,3.6858432395092677e-07,0.5122515559196472,0.8454111814498901,-0.020919306203722954,0.4866047501564026,0.7871764898300171,-0.032565854489803314,0.5132700800895691,0.7471742033958435,-0.04323248937726021,0.5511391758918762,0.7445449233055115,-0.05457843840122223,0.5089712738990784,0.6882429718971252,-0.01657932437956333,0.5078483819961548,0.6180177927017212,-0.031467169523239136,0.512444019317627,0.5737440586090088,-0.046061623841524124,0.5195366144180298,0.5349745750427246,-0.05768531560897827,0.5403051376342773,0.6797349452972412,-0.018923891708254814,0.5398164987564087,0.5987966656684875,-0.029751017689704895,0.540932834148407,0.5482959747314453,-0.04201580211520195,0.5430938601493835,0.5035144686698914,-0.05200878530740738,0.5687171220779419,0.6876481175422668,-0.02434023655951023,0.5702556371688843,0.6123568415641785,-0.03348100557923317,0.5688987374305725,0.5652447938919067,-0.043311938643455505,0.5678778290748596,0.5242822766304016,-0.05133555456995964,0.5966233611106873,0.7091077566146851,-0.03267070651054382,0.5972782373428345,0.6486321687698364,-0.04047577455639839,0.5954981446266174,0.610517144203186,-0.044708337634801865,0.5935243964195251,0.5764318704605103,-0.048542946577072144,B
0.7587714791297913,0.9221140146255493,3.163391397720261e-07,0.7169760465621948,0.8949785828590393,-0.02074185572564602,0.6910799741744995,0.8428026437759399,-0.033211372792720795,0.7123928070068359,0.8053390383720398,-0.04455655440688133,0.7472530603408813,0.8024027347564697,-0.05634163320064545,0.715865969657898,0.7510114312171936,-0.019660010933876038,0.7115689516067505,0.6828848719596863,-0.0349099300801754,0.713916540145874,0.6411962509155273,-0.048662032932043076,0.7186598777770996,0.6047961711883545,-0.059342969208955765,0.7451554536819458,0.742268443107605,-0.021584171801805496,0.7414037585258484,0.6641793847084045,-0.0332113616168499,0.7407445311546326,0.6163232922554016,-0.044767145067453384,0.741168737411499,0.5755298733711243,-0.05384792014956474,0.772221028804779,0.7493124604225159,-0.02622115984559059,0.770501971244812,0.6763618588447571,-0.035952795296907425,0.7675879001617432,0.63202303647995,-0.04474278911948204,0.7649250030517578,0.5947074890136719,-0.05149364098906517,0.799444854259491,0.7689992785453796,-0.03355466574430466,0.7983754873275757,0.7096502780914307,-0.04198765382170677,0.7943670153617859,0.6724472641944885,-0.04603005573153496,0.7901046872138977,0.6397088766098022,-0.04917000234127045,B
0.7842235565185547,0.522865355014801,2.892749364491465e-07,0.7404292225837708,0.49840646982192993,-0.021158896386623383,0.7116109132766724,0.442535936832428,-0.03082907758653164,0.7308768630027771,0.39407217502593994,-0.03903379663825035,0.7666246891021729,0.38712769746780396,-0.047068312764167786,0.7344317436218262,0.35671108961105347,-0.01188882440328598,0.7288326621055603,0.29319027066230774,-0.023600108921527863,0.7304216027259827,0.2539430856704712,-0.03641854226589203,0.7344070672988892,0.21878662705421448,-0.04717016965150833,0.7633010149002075,0.34648627042770386,-0.011892691254615784,0.7572762370109558,0.2747453451156616,-0.01971072144806385,0.7557603120803833,0.23136936128139496,-0.03013194538652897,0.7548825144767761,0.1919402927160263,-0.039096083492040634,0.7895358204841614,0.35135939717292786,-0.015077346004545689,0.7857673764228821,0.2854335904121399,-0.022126885131001472,0.7820805311203003,0.24544940888881683,-0.029902473092079163,0.7790514230728149,0.211917906999588,-0.036499984562397,0.8171699047088623,0.36853277683258057,-0.021263830363750458,0.813262403011322,0.3149634301662445,-0.02751399762928486,0.8087758421897888,0.28149017691612244,-0.03087896853685379,0.8050429224967957,0.25210341811180115,-0.034070685505867004,B
0.7665338516235352,0.9744271039962769,3.0188667210495623e-07,0.7275353670120239,0.9517578482627869,-0.019117139279842377,0.7018477916717529,0.9061577320098877,-0.03135574981570244,0.7186897993087769,0.871911883354187,-0.04264342039823532,0.7482261657714844,0.8662123084068298,-0.054207444190979004,0.720488965511322,0.8156988620758057,-0.017892463132739067,0.715569794178009,0.7523571252822876,-0.03256205841898918,0.716934859752655,0.7136902213096619,-0.04601391777396202,0.7201850414276123,0.6796482801437378,-0.05637241154909134,0.7476409077644348,0.8062538504600525,-0.020170319825410843,0.7431542277336121,0.7339506149291992,-0.03117937035858631,0.7416832447052002,0.6889665126800537,-0.04245223477482796,0.7413448691368103,0.6498980522155762,-0.05131520330905914,0.7734381556510925,0.8114171624183655,-0.025006774812936783,0.7705857753753662,0.7434113025665283,-0.03392525389790535,0.7679253220558167,0.7012138366699219,-0.041973233222961426,0.7656028270721436,0.6651931405067444,-0.04831835627555847,0.7998443841934204,0.8287431597709656,-0.0323454886674881,0.7977263331413269,0.7739036083221436,-0.039653174579143524,0.7939916253089905,0.7395280599594116,-0.04267066344618797,0.7902684211730957,0.7094962000846863,-0.045152001082897186,B
0.7715264558792114,0.9166035056114197,4.513535145633796e-07,0.7055509090423584,0.8834925889968872,-0.026098458096385002,0.6540064811706543,0.8030911087989807,-0.040955834090709686,0.6672256588935852,0.7349669337272644,-0.055028460919857025,0.7150770425796509,0.7246931791305542,-0.06989546865224838,0.693985641002655,0.6575247645378113,-0.019013063982129097,0.6881935596466064,0.5590771436691284,-0.0394289530813694,0.6912986636161804,0.4978463649749756,-0.059933822602033615,0.6973681449890137,0.44203996658325195,-0.0769016295671463,0.7375699877738953,0.6452217102050781,-0.02428489178419113,0.7325872182846069,0.5332446694374084,-0.03973773494362831,0.7328716516494751,0.4644995927810669,-0.05688001960515976,0.7341899871826172,0.4013983905315399,-0.07117525488138199,0.778464674949646,0.6552398800849915,-0.033844783902168274,0.7743824124336243,0.5516596436500549,-0.04805353283882141,0.7711977362632751,0.4877817630767822,-0.06176241487264633,0.7678877711296082,0.4319266080856323,-0.07286854833364487,0.8212529420852661,0.684199333190918,-0.04709359630942345,0.8165469169616699,0.5988451838493347,-0.06005864962935448,0.8104689717292786,0.5442569255828857,-0.06733084470033646,0.8045143485069275,0.4940266013145447,-0.07364365458488464,B
0.7646780014038086,0.5196940898895264,3.772925083467271e-07,0.7046033143997192,0.4910036325454712,-0.02587713859975338,0.6603795289993286,0.4160411059856415,-0.03709092736244202,0.6749470233917236,0.3469582200050354,-0.047025416046381,0.7180089950561523,0.3310226500034332,-0.056769296526908875,0.7018264532089233,0.2970609962940216,-0.010967164300382137,0.6975018382072449,0.21287503838539124,-0.026788558810949326,0.7021974325180054,0.1619618833065033,-0.044298239052295685,0.7105824947357178,0.11605580151081085,-0.05890193209052086,0.7396332025527954,0.28516778349876404,-0.01245630532503128,0.7359610199928284,0.190400630235672,-0.02363382652401924,0.7366050481796265,0.132839635014534,-0.03781907260417938,0.7390180826187134,0.08090116083621979,-0.04980939254164696,0.7740516662597656,0.29210513830184937,-0.018524957820773125,0.7725381255149841,0.20632007718086243,-0.029516471549868584,0.7702227234840393,0.15281476080417633,-0.04053555428981781,0.7686071991920471,0.10747946798801422,-0.04964401200413704,0.8105132579803467,0.31493842601776123,-0.028360586613416672,0.8084489703178406,0.24443332850933075,-0.038644131273031235,0.8040216565132141,0.20080214738845825,-0.0442863330245018,0.7998960614204407,0.16100965440273285,-0.04931066557765007,B
0.8522528409957886,0.6144095063209534,3.576022322704375e-07,0.8011149764060974,0.5843235850334167,-0.023297486826777458,0.7630701065063477,0.5216659307479858,-0.035880960524082184,0.7778938412666321,0.4684818685054779,-0.04735438525676727,0.8157894611358643,0.45391780138015747,-0.05889012664556503,0.7970542311668396,0.414212167263031,-0.016684196889400482,0.7927315831184387,0.33702558279037476,-0.034022022038698196,0.7970132231712341,0.29026520252227783,-0.05099227651953697,0.8044063448905945,0.24757909774780273,-0.06450068950653076,0.8315165042877197,0.40334218740463257,-0.01917177438735962,0.8282763361930847,0.31697431206703186,-0.03175773099064827,0.8297643065452576,0.26379600167274475,-0.045526061207056046,0.832729697227478,0.21459661424160004,-0.05673437565565109,0.8637115955352783,0.4098649024963379,-0.02541344240307808,0.8620906472206116,0.33098703622817993,-0.03693589195609093,0.8602628707885742,0.28202560544013977,-0.04724070802330971,0.858585774898529,0.23889149725437164,-0.05542021244764328,0.8972064256668091,0.4315371811389923,-0.03485821932554245,0.8949229121208191,0.3669235110282898,-0.045070793479681015,0.8910309672355652,0.3270682096481323,-0.050000403076410294,0.8873066902160645,0.2900094985961914,-0.05410665273666382,B
0.5203192830085754,0.8165802359580994,3.9271591845135845e-07,0.46251824498176575,0.7939981818199158,-0.022857695817947388,0.4210546612739563,0.7282170653343201,-0.035246312618255615,0.43110015988349915,0.6682469248771667,-0.046787623316049576,0.46765798330307007,0.6600260734558105,-0.05903328210115433,0.4584924876689911,0.6032289862632751,-0.016673706471920013,0.45728981494903564,0.5226516723632812,-0.03414903208613396,0.4607469141483307,0.4717974364757538,-0.05157513543963432,0.4665931165218353,0.42571336030960083,-0.06603380292654037,0.49472615122795105,0.5935482382774353,-0.021131595596671104,0.4928783178329468,0.5000501871109009,-0.03499854356050491,0.4941648244857788,0.4411201477050781,-0.04928998276591301,0.4963509440422058,0.38732102513313293,-0.06108921393752098,0.527845561504364,0.6025956869125366,-0.029423672705888748,0.5267560482025146,0.5164752006530762,-0.04281706362962723,0.5251687169075012,0.46123045682907104,-0.05471222102642059,0.523688554763794,0.4119352698326111,-0.06420702487230301,0.5617083311080933,0.6273033022880554,-0.04086940735578537,0.559658408164978,0.5573623180389404,-0.053260184824466705,0.5562813878059387,0.5122817754745483,-0.0603039413690567,0.552696943283081,0.4700838327407837,-0.06626193225383759,B
0.5457422137260437,0.8627856969833374,3.8375549138436327e-07,0.488775372505188,0.8367527723312378,-0.02313757874071598,0.44709551334381104,0.771099865436554,-0.03675852343440056,0.45242661237716675,0.7086701393127441,-0.0493507906794548,0.488185316324234,0.7032539248466492,-0.06258703023195267,0.4865092933177948,0.6462791562080383,-0.018214557319879532,0.48485931754112244,0.5632690787315369,-0.035424910485744476,0.4875495731830597,0.5114954113960266,-0.052330199629068375,0.49233952164649963,0.4646695554256439,-0.06662551313638687,0.5232551693916321,0.6380212903022766,-0.022819899022579193,0.5214200019836426,0.5428413152694702,-0.036733075976371765,0.522582471370697,0.4847610294818878,-0.050848014652729034,0.5240873694419861,0.4316824972629547,-0.06255966424942017,0.556929349899292,0.6487250924110413,-0.03103940561413765,0.5557339787483215,0.5607960820198059,-0.04468439891934395,0.5545481443405151,0.5056579113006592,-0.05635637044906616,0.5530303716659546,0.4562894105911255,-0.0657128244638443,0.5910384654998779,0.6752476692199707,-0.042307041585445404,0.588763952255249,0.6038572192192078,-0.05507257208228111,0.586002767086029,0.5574563145637512,-0.06219259649515152,0.5831730365753174,0.5137696266174316,-0.06819073110818863,B
0.484447181224823,0.5937255024909973,3.445031211413152e-07,0.42922070622444153,0.5723101496696472,-0.02052309364080429,0.38684529066085815,0.5094713568687439,-0.03133717551827431,0.3850439786911011,0.4431212544441223,-0.04184502363204956,0.4199158549308777,0.4283899664878845,-0.05207519233226776,0.4197467863559723,0.38431107997894287,-0.006503134034574032,0.41454651951789856,0.30666792392730713,-0.021044226363301277,0.4162413477897644,0.2583971619606018,-0.03704455867409706,0.42153993248939514,0.2146724909543991,-0.05044683814048767,0.4539805054664612,0.371953547000885,-0.010606583207845688,0.4486916959285736,0.28270167112350464,-0.02130633220076561,0.4484880268573761,0.22713376581668854,-0.033152882009744644,0.44989868998527527,0.17735503613948822,-0.043100133538246155,0.48690295219421387,0.37740251421928406,-0.01889202743768692,0.4813593924045563,0.2959166467189789,-0.02918008714914322,0.47838258743286133,0.24462680518627167,-0.03725028038024902,0.4763088822364807,0.20008854568004608,-0.04423229768872261,0.5211628675460815,0.39802008867263794,-0.030494388192892075,0.5151985883712769,0.3325469195842743,-0.03925827518105507,0.5110313892364502,0.29052117466926575,-0.04307970404624939,0.507435142993927,0.2511747479438782,-0.04688313975930214,B
0.6161796450614929,0.6656408905982971,3.3292332091150456e-07,0.5621636509895325,0.638163685798645,-0.022442681714892387,0.5250792503356934,0.5766231417655945,-0.03465963527560234,0.5387042760848999,0.5194597840309143,-0.046062879264354706,0.5721070766448975,0.4961184561252594,-0.057695310562849045,0.5586414337158203,0.4625904858112335,-0.014868244528770447,0.5538918972015381,0.3828681409358978,-0.03181884437799454,0.5560172200202942,0.3339917063713074,-0.04867091774940491,0.561286449432373,0.290824830532074,-0.06200056150555611,0.5937106609344482,0.4516804814338684,-0.018085084855556488,0.5896332263946533,0.3624281883239746,-0.03096453845500946,0.5883660316467285,0.3078276216983795,-0.045795876532793045,0.5889314413070679,0.25910839438438416,-0.057797908782958984,0.625486433506012,0.4580618739128113,-0.02493361569941044,0.6235592365264893,0.37713131308555603,-0.036425407975912094,0.6204987168312073,0.3255246877670288,-0.04733561724424362,0.6181616187095642,0.2813885807991028,-0.05637111887335777,0.6581206321716309,0.4792936444282532,-0.034890420734882355,0.6565655469894409,0.41400811076164246,-0.044832922518253326,0.6519500017166138,0.3730277121067047,-0.049790311604738235,0.647170901298523,0.33581483364105225,-0.05418022722005844,B
0.7025576829910278,0.9759021997451782,4.137333178277913e-07,0.6539566516876221,0.9462941884994507,-0.02615111880004406,0.6214301586151123,0.8856917023658752,-0.04179636016488075,0.6423200368881226,0.8404833078384399,-0.0555962398648262,0.6827638745307922,0.834524393081665,-0.0698259100317955,0.6587517261505127,0.7755428552627563,-0.02555258758366108,0.6592040061950684,0.694557785987854,-0.044390276074409485,0.6651982665061951,0.6453328132629395,-0.0610489659011364,0.6734175682067871,0.6018898487091064,-0.07386172562837601,0.6938443779945374,0.7690252065658569,-0.02721480466425419,0.6956049203872681,0.6764407157897949,-0.04134766384959221,0.6979533433914185,0.6206127405166626,-0.05499352887272835,0.7012280225753784,0.5719927549362183,-0.06574032455682755,0.7254844307899475,0.7799158096313477,-0.03221315145492554,0.728617250919342,0.6942054033279419,-0.044091202318668365,0.7285630106925964,0.6415689587593079,-0.05423872545361519,0.7285705804824829,0.5966397523880005,-0.0621580109000206,0.7564266324043274,0.805265486240387,-0.04041785001754761,0.7582328915596008,0.7367833256721497,-0.05041443184018135,0.7573833465576172,0.6937294006347656,-0.054861344397068024,0.7567970752716064,0.6550409197807312,-0.05847026780247688,B
0.7892385721206665,0.8494551181793213,4.163601090567681e-07,0.738283634185791,0.8134359121322632,-0.02612234465777874,0.7050957679748535,0.7478445172309875,-0.042494628578424454,0.7297206521034241,0.6967012882232666,-0.0572899654507637,0.7732483148574829,0.6901370882987976,-0.07233396172523499,0.7365134358406067,0.6291331052780151,-0.02456197515130043,0.7353202700614929,0.5439103245735168,-0.044203244149684906,0.7407438158988953,0.49250930547714233,-0.062362298369407654,0.748634934425354,0.4459071755409241,-0.07676278799772263,0.7741565704345703,0.6206629872322083,-0.027344144880771637,0.7727524638175964,0.5253092646598816,-0.04192468896508217,0.7743571996688843,0.4661291241645813,-0.05654393881559372,0.7767696380615234,0.4118220806121826,-0.06845846772193909,0.8088400959968567,0.6316055655479431,-0.033683035522699356,0.8095065355300903,0.5432369709014893,-0.04615354537963867,0.8083696365356445,0.4885091185569763,-0.056732870638370514,0.8069186210632324,0.4393910765647888,-0.06527205556631088,0.843687117099762,0.6586179733276367,-0.04347432032227516,0.8433248996734619,0.5868112444877625,-0.054671693593263626,0.8403091430664062,0.5410197973251343,-0.05971936881542206,0.8372964859008789,0.49847477674484253,-0.0638357400894165,B
0.7683377265930176,0.8742790222167969,4.6511851792274683e-07,0.7112522721290588,0.8431332111358643,-0.028183968737721443,0.6728525757789612,0.7817085981369019,-0.04686800763010979,0.6961528062820435,0.731863260269165,-0.06388948857784271,0.7412245273590088,0.7200497388839722,-0.08160920441150665,0.699510931968689,0.6557176113128662,-0.030329352244734764,0.692791759967804,0.5651496052742004,-0.053090110421180725,0.6947157382965088,0.5096492767333984,-0.07289958745241165,0.6995745897293091,0.45903998613357544,-0.08815647661685944,0.7391639947891235,0.6420167684555054,-0.033833980560302734,0.731708824634552,0.5400453209877014,-0.051344454288482666,0.7289527654647827,0.4760921001434326,-0.0680956318974495,0.7273021936416626,0.41757625341415405,-0.0813862606883049,0.7769342064857483,0.6491255164146423,-0.04090404510498047,0.7716698050498962,0.5539596080780029,-0.055722903460264206,0.766656219959259,0.4952431917190552,-0.06803644448518753,0.7615688443183899,0.44277238845825195,-0.07765913754701614,0.8158546686172485,0.6728098392486572,-0.05146278813481331,0.8106222748756409,0.5960327982902527,-0.06436460465192795,0.8042224645614624,0.5471150279045105,-0.07011976093053818,0.797752320766449,0.5015076398849487,-0.07467760145664215,B
0.7629364728927612,0.8004866242408752,4.4973012336413376e-07,0.7042065858840942,0.784744143486023,-0.032409097999334335,0.6626718640327454,0.7329827547073364,-0.05194054916501045,0.6825385689735413,0.6781215667724609,-0.06896071881055832,0.7225920557975769,0.6572176218032837,-0.0865127369761467,0.6734063029289246,0.610124409198761,-0.032750796526670456,0.6548689007759094,0.5265058875083923,-0.05558668449521065,0.6491084694862366,0.473376989364624,-0.07570705562829971,0.6470483541488647,0.4248180687427521,-0.0910937637090683,0.7085044980049133,0.5867798924446106,-0.033445145934820175,0.6883620619773865,0.4916933476924896,-0.051198408007621765,0.6769101619720459,0.4310983717441559,-0.06838487088680267,0.6674979329109192,0.3759186863899231,-0.08186287432909012,0.7440387010574341,0.5842694640159607,-0.03800209239125252,0.7273483872413635,0.4946051239967346,-0.05267523229122162,0.7146416902542114,0.4394061267375946,-0.06546208262443542,0.7036961317062378,0.39080703258514404,-0.07533587515354156,0.7824307084083557,0.5978116989135742,-0.04644502326846123,0.7680560946464539,0.5255979299545288,-0.058841511607170105,0.7558587789535522,0.4813377261161804,-0.06493892520666122,0.7446657419204712,0.44088172912597656,-0.06976662576198578,B
0.7235944867134094,0.8535780310630798,4.4469641125033377e-07,0.6677820682525635,0.8106960654258728,-0.028027815744280815,0.6356955766677856,0.7313059568405151,-0.04406353086233139,0.6661226153373718,0.6776217818260193,-0.0583355650305748,0.7140247225761414,0.6775164008140564,-0.07327886670827866,0.683540940284729,0.6125181913375854,-0.026664072647690773,0.6892726421356201,0.521625280380249,-0.04711999371647835,0.6987809538841248,0.46687036752700806,-0.0659499540925026,0.7106270790100098,0.41770002245903015,-0.08116495609283447,0.7248340249061584,0.6084491610527039,-0.029751857742667198,0.731981098651886,0.5052350163459778,-0.04548356309533119,0.7384531497955322,0.4415743947029114,-0.06149228289723396,0.7453333735466003,0.38329628109931946,-0.07455519586801529,0.7609265446662903,0.6252334713935852,-0.03659581020474434,0.7693890929222107,0.5302300453186035,-0.05067986994981766,0.7729695439338684,0.4705549478530884,-0.06362082064151764,0.7756367325782776,0.4174736738204956,-0.07387471199035645,0.7954003810882568,0.6590224504470825,-0.047001443803310394,0.8013680577278137,0.581038236618042,-0.05992678925395012,0.8025942444801331,0.5308750867843628,-0.06679217517375946,0.8036884069442749,0.48474833369255066,-0.0724061131477356,B
0.7346492409706116,0.8174859285354614,4.6105927253847767e-07,0.6744297742843628,0.7985295653343201,-0.03147071599960327,0.6266623139381409,0.7411511540412903,-0.0500042699277401,0.6400865316390991,0.6795156002044678,-0.0662616491317749,0.6813209056854248,0.6536380052566528,-0.08283215761184692,0.6480978727340698,0.6031428575515747,-0.02988230250775814,0.634006917476654,0.5136830806732178,-0.05273947864770889,0.6318572163581848,0.457550048828125,-0.07327107340097427,0.6333637833595276,0.40566831827163696,-0.08915069699287415,0.686427652835846,0.5842228531837463,-0.0317792072892189,0.6717939376831055,0.48289579153060913,-0.04940389096736908,0.6651666164398193,0.41963058710098267,-0.06655286252498627,0.6608425378799438,0.3609875738620758,-0.0801132470369339,0.7240267395973206,0.5867542028427124,-0.037802696228027344,0.7117185592651367,0.4930272102355957,-0.053213514387607574,0.7028173804283142,0.4349742531776428,-0.06586292386054993,0.695388674736023,0.38272079825401306,-0.07563583552837372,0.7639170289039612,0.6061058044433594,-0.04769846796989441,0.7520698308944702,0.5298364758491516,-0.06100129708647728,0.7424529194831848,0.48274117708206177,-0.06720662862062454,0.7342492341995239,0.4378587603569031,-0.07210022956132889,B
0.5333495140075684,0.8467570543289185,4.614511794898135e-07,0.46585169434547424,0.8229008913040161,-0.026525123044848442,0.41381192207336426,0.7521913647651672,-0.042759187519550323,0.42080408334732056,0.683218777179718,-0.05822516605257988,0.4632410407066345,0.6665105223655701,-0.07480473071336746,0.45134109258651733,0.5992943644523621,-0.022849665954709053,0.4462340772151947,0.5033656358718872,-0.04539544880390167,0.4480540156364441,0.4423444867134094,-0.06669477373361588,0.4536728262901306,0.38727420568466187,-0.0839737057685852,0.49428245425224304,0.5852489471435547,-0.02912977524101734,0.4882262647151947,0.4736632704734802,-0.04744203761219978,0.4878479838371277,0.4038851261138916,-0.06531529873609543,0.4895026981830597,0.34046471118927,-0.07978914678096771,0.5346298217773438,0.594140350818634,-0.03971990942955017,0.5287058353424072,0.4908878207206726,-0.05693938583135605,0.5241751074790955,0.4251328110694885,-0.0717083141207695,0.5209974646568298,0.3667019307613373,-0.08334793895483017,0.5760729312896729,0.6216475963592529,-0.053861137479543686,0.5690314173698425,0.5383555889129639,-0.06942369788885117,0.5618590116500854,0.4849156141281128,-0.078244149684906,0.5552260279655457,0.43519359827041626,-0.08554200828075409,B
0.6189002990722656,0.7514099478721619,4.789449121744838e-07,0.5556643009185791,0.7772424221038818,-0.032272063195705414,0.487562894821167,0.7638129591941833,-0.05282672867178917,0.4720626771450043,0.7069786190986633,-0.07163546979427338,0.5015248656272888,0.6531358361244202,-0.09056390076875687,0.4525638818740845,0.6104155778884888,-0.028198521584272385,0.40535596013069153,0.5367646813392639,-0.053020548075437546,0.37981319427490234,0.48752886056900024,-0.07557427883148193,0.35979580879211426,0.4401085674762726,-0.09309873729944229,0.47930681705474854,0.5652897357940674,-0.03124702349305153,0.4264953136444092,0.481157511472702,-0.05112580582499504,0.39534804224967957,0.4271000921726227,-0.06998226791620255,0.36915069818496704,0.3757784366607666,-0.0846576914191246,0.5146507024765015,0.5407138466835022,-0.03895435109734535,0.46616482734680176,0.46083277463912964,-0.05671096220612526,0.43528926372528076,0.4128049612045288,-0.07091562449932098,0.4081260859966278,0.36982548236846924,-0.08172046393156052,0.5595725774765015,0.5307718515396118,-0.05066502466797829,0.5212396383285522,0.4682459831237793,-0.0659869909286499,0.4935346245765686,0.4318290948867798,-0.07359961420297623,0.4667994976043701,0.3977018892765045,-0.07945919036865234,B
0.5673655271530151,0.8637518286705017,4.727754685518448e-07,0.5071232318878174,0.8157196044921875,-0.02742833085358143,0.4749087691307068,0.7245426177978516,-0.04145092889666557,0.507044792175293,0.6690211296081543,-0.054078031331300735,0.555956244468689,0.6784316897392273,-0.06732761114835739,0.5413770079612732,0.5967339277267456,-0.020302357152104378,0.5584050416946411,0.505018413066864,-0.039349038153886795,0.5746766924858093,0.44906193017959595,-0.058027178049087524,0.5914758443832397,0.4008970856666565,-0.07349570095539093,0.5842817425727844,0.5986272692680359,-0.02367325872182846,0.6041528582572937,0.4940817356109619,-0.038393784314394,0.6187417507171631,0.43126380443573,-0.05293186753988266,0.6321853399276733,0.3759387731552124,-0.06484097242355347,0.6190503239631653,0.6211425065994263,-0.03158954530954361,0.6369590163230896,0.5248171091079712,-0.04527127370238304,0.646392285823822,0.4631820023059845,-0.05789559334516525,0.6544199585914612,0.4096296727657318,-0.06791391223669052,0.6509533524513245,0.6610386967658997,-0.0433933362364769,0.6653378009796143,0.5820677280426025,-0.0565568245947361,0.6710087060928345,0.5296707153320312,-0.06446459889411926,0.6754894852638245,0.48132750391960144,-0.07095867395401001,B
0.7866067290306091,0.8615221977233887,4.282245811282337e-07,0.7301566004753113,0.8358721733093262,-0.028940904885530472,0.6896545886993408,0.7768670916557312,-0.04674086719751358,0.7061063647270203,0.7196221351623535,-0.06267418712377548,0.7458117008209229,0.6993920803070068,-0.07868518680334091,0.7138941287994385,0.648586094379425,-0.02675790712237358,0.7057085037231445,0.5613130331039429,-0.04824664071202278,0.7064416408538818,0.5062705874443054,-0.06744647771120071,0.7098287343978882,0.45604830980300903,-0.08223651349544525,0.750539243221283,0.6327047944068909,-0.02916669100522995,0.7417902946472168,0.5342496037483215,-0.04560070112347603,0.7382883429527283,0.472835898399353,-0.06122466176748276,0.7362690567970276,0.4163861870765686,-0.07343766838312149,0.7858371138572693,0.6373640894889832,-0.035488028079271317,0.7792362570762634,0.5448939800262451,-0.049632955342531204,0.7739688158035278,0.4877324104309082,-0.06056467443704605,0.7691161036491394,0.43612897396087646,-0.06900229305028915,0.8231318593025208,0.6586523056030273,-0.04548948258161545,0.8166050910949707,0.5833990573883057,-0.05744652822613716,0.8097469806671143,0.5366275310516357,-0.062337011098861694,0.802657425403595,0.49304506182670593,-0.06612176448106766,B
0.8210761547088623,0.8250473737716675,3.9307965948864876e-07,0.7682262063026428,0.7985024452209473,-0.02584897167980671,0.7303404211997986,0.7436370849609375,-0.04215938597917557,0.7462108731269836,0.6913741827011108,-0.05689408257603645,0.7838286757469177,0.6714017391204834,-0.07158046960830688,0.7532548904418945,0.6247609257698059,-0.023555651307106018,0.7445410490036011,0.5435547232627869,-0.04332549124956131,0.7455183863639832,0.4938451647758484,-0.061078786849975586,0.7493069171905518,0.4489370584487915,-0.0744922086596489,0.7886884212493896,0.6109169721603394,-0.02576492540538311,0.780049204826355,0.5194689631462097,-0.04009942337870598,0.7766615152359009,0.46330615878105164,-0.053866755217313766,0.7750182151794434,0.412619411945343,-0.06460241973400116,0.8225809335708618,0.6154370307922363,-0.031575851142406464,0.8151674866676331,0.5306342840194702,-0.043515317142009735,0.8088682889938354,0.47901061177253723,-0.05225944519042969,0.8036569356918335,0.4335414469242096,-0.05905630439519882,0.8579323291778564,0.6349488496780396,-0.04080653190612793,0.850501298904419,0.5653319954872131,-0.05082934349775314,0.8428019881248474,0.5229454040527344,-0.053991999477148056,0.8356198668479919,0.48407888412475586,-0.0563262477517128,B
0.7849035859107971,0.6489871144294739,3.9967207499103097e-07,0.7298243641853333,0.6252480149269104,-0.026643788442015648,0.6854352951049805,0.5682298541069031,-0.04228679835796356,0.6948947906494141,0.5066621899604797,-0.0562601275742054,0.7324323058128357,0.4770481288433075,-0.06995634734630585,0.7090787291526794,0.44679662585258484,-0.02195579558610916,0.6994834542274475,0.36341607570648193,-0.0416952483355999,0.7002574801445007,0.3119996190071106,-0.05978089198470116,0.7046777606010437,0.2661541700363159,-0.07356233149766922,0.7442784905433655,0.42973393201828003,-0.023722639307379723,0.7354127168655396,0.33614790439605713,-0.038031063973903656,0.7326464056968689,0.27922147512435913,-0.05224579572677612,0.731745719909668,0.22782136499881744,-0.06345721334218979,0.7780811190605164,0.43214505910873413,-0.02936588227748871,0.7707705497741699,0.3466205298900604,-0.04184979945421219,0.7651102542877197,0.2952122986316681,-0.0515589602291584,0.7602765560150146,0.25110888481140137,-0.05921958386898041,0.8139223456382751,0.4506264925003052,-0.038534242659807205,0.8075637221336365,0.38149967789649963,-0.04909679293632507,0.8002660870552063,0.33971089124679565,-0.05337253957986832,0.7931646108627319,0.3021186590194702,-0.056755684316158295,B
0.7498403191566467,0.8335739970207214,3.838507041109551e-07,0.6971589922904968,0.809118390083313,-0.026174025610089302,0.6573469042778015,0.752061665058136,-0.04231441393494606,0.6680698394775391,0.6933073997497559,-0.05697004497051239,0.7015725374221802,0.6630093455314636,-0.07162365317344666,0.6789745092391968,0.6274451017379761,-0.02389722317457199,0.6696760654449463,0.5425664782524109,-0.04489162191748619,0.6707943081855774,0.4904753267765045,-0.06360989809036255,0.6756795048713684,0.4436398148536682,-0.07773540169000626,0.7151076197624207,0.6128326058387756,-0.026689903810620308,0.7065423130989075,0.5174176692962646,-0.04238080978393555,0.7041597962379456,0.45996883511543274,-0.05762806907296181,0.7040468454360962,0.4072488248348236,-0.06963885575532913,0.7498470544815063,0.6171888113021851,-0.03320862352848053,0.7423722147941589,0.5291343927383423,-0.0465409979224205,0.7367563247680664,0.47571682929992676,-0.0568983256816864,0.7326978445053101,0.42848914861679077,-0.06526531279087067,0.7862663865089417,0.6371868252754211,-0.04313376545906067,0.7789474129676819,0.5658708810806274,-0.054431669414043427,0.7714467644691467,0.5217493176460266,-0.05928526073694229,0.7647279500961304,0.48033201694488525,-0.06323827803134918,B
0.626924991607666,0.7411563396453857,3.5888891147806135e-07,0.5699678659439087,0.7259030342102051,-0.02317679487168789,0.5204484462738037,0.6720568537712097,-0.036083512008190155,0.5212990045547485,0.6098659634590149,-0.048146042972803116,0.5531385540962219,0.5772800445556641,-0.06000601500272751,0.541085958480835,0.5478025078773499,-0.015396111644804478,0.5268165469169617,0.4692911207675934,-0.033916961401700974,0.5236942768096924,0.4198707938194275,-0.05188611522316933,0.5245615243911743,0.3755212426185608,-0.06588427722454071,0.5728496313095093,0.5288070440292358,-0.018574858084321022,0.5579461455345154,0.439857542514801,-0.03276728093624115,0.551770806312561,0.3853567838668823,-0.047235749661922455,0.5483036041259766,0.3362236022949219,-0.05868503078818321,0.6047804355621338,0.5272984504699707,-0.025706829503178596,0.5926012396812439,0.444755494594574,-0.038479603826999664,0.5844177007675171,0.39377182722091675,-0.04841228947043419,0.5781052112579346,0.34968143701553345,-0.056306127458810806,0.6397204995155334,0.5402573943138123,-0.036133356392383575,0.629357099533081,0.4740152657032013,-0.047307200729846954,0.6203582286834717,0.4325299561023712,-0.05242820456624031,0.6124352216720581,0.3948250412940979,-0.056528251618146896,B
0.7129368185997009,0.741216778755188,3.565352244550013e-07,0.6574200391769409,0.7150723338127136,-0.020379330962896347,0.6163052916526794,0.6497845649719238,-0.031406890600919724,0.6322612166404724,0.5924594402313232,-0.0419803261756897,0.6736437678337097,0.5794762969017029,-0.05315500870347023,0.640484631061554,0.5336318612098694,-0.013910738751292229,0.6321197748184204,0.4540362060070038,-0.030203459784388542,0.6328822374343872,0.4043433666229248,-0.04679819196462631,0.6369885206222534,0.3597193658351898,-0.0604916475713253,0.6755689978599548,0.5196024775505066,-0.018236849457025528,0.6668466925621033,0.4303969442844391,-0.030254565179347992,0.6640517711639404,0.37567394971847534,-0.04418445751070976,0.6627205014228821,0.3255991041660309,-0.055743854492902756,0.7093107104301453,0.5241316556930542,-0.026008788496255875,0.7025370597839355,0.4419134259223938,-0.036906905472278595,0.6972331404685974,0.39175695180892944,-0.04774383455514908,0.6922968029975891,0.34780699014663696,-0.056713029742240906,0.7443867921829224,0.5443383455276489,-0.03682462126016617,0.7381519675254822,0.4778692126274109,-0.04708229750394821,0.7312449812889099,0.4354762136936188,-0.052771203219890594,0.7247950434684753,0.39628028869628906,-0.057705678045749664,B
0.7122287750244141,0.7329104542732239,3.4891618838628347e-07,0.6572350263595581,0.7076090574264526,-0.02153143100440502,0.6181429624557495,0.6422995924949646,-0.03312606364488602,0.635747492313385,0.5837650299072266,-0.04402030631899834,0.6770658493041992,0.5740910172462463,-0.055366650223731995,0.6400744318962097,0.5252114534378052,-0.013303987681865692,0.6320669651031494,0.44890397787094116,-0.028711402788758278,0.6324473023414612,0.4004921317100525,-0.04518451169133186,0.6363874077796936,0.3564952611923218,-0.0590035617351532,0.6751118302345276,0.511286735534668,-0.016939861699938774,0.6661860346794128,0.4246358871459961,-0.027919506654143333,0.6628859639167786,0.37062257528305054,-0.0413493849337101,0.6610795855522156,0.3211700916290283,-0.05274691432714462,0.7084580659866333,0.5163127779960632,-0.02415549010038376,0.7017000317573547,0.4359443485736847,-0.03398362174630165,0.6960026621818542,0.38623636960983276,-0.04436742514371872,0.6907674074172974,0.3427185118198395,-0.053151220083236694,0.7428827285766602,0.5370140075683594,-0.03462265431880951,0.7362706065177917,0.4712781608104706,-0.043806541711091995,0.7294179797172546,0.42923304438591003,-0.048933371901512146,0.7230719327926636,0.39111751317977905,-0.053564198315143585,B
0.7010098099708557,0.7295742630958557,3.7198839208940626e-07,0.6447814106941223,0.7040771245956421,-0.022441476583480835,0.6057068109512329,0.636031448841095,-0.03391975909471512,0.6247174739837646,0.5767409205436707,-0.04449787363409996,0.667084276676178,0.5697686672210693,-0.055611029267311096,0.6292291879653931,0.5213420987129211,-0.01438224595040083,0.6221860647201538,0.4438723921775818,-0.03001353330910206,0.6230010986328125,0.3947249948978424,-0.046693865209817886,0.627038300037384,0.3498668670654297,-0.06083659455180168,0.6645011901855469,0.5073107481002808,-0.017636258155107498,0.6566014885902405,0.4196968078613281,-0.028966911137104034,0.6537477374076843,0.3642366826534271,-0.04288044944405556,0.6518946886062622,0.3130156993865967,-0.05475510284304619,0.6978139281272888,0.5125755667686462,-0.024518799036741257,0.6918296217918396,0.4319050908088684,-0.03491917625069618,0.686547040939331,0.3820032477378845,-0.04613173380494118,0.6814113259315491,0.3381084203720093,-0.05550713464617729,0.7318882942199707,0.5334764122962952,-0.03471706062555313,0.7262477874755859,0.46787935495376587,-0.044632162898778915,0.7200750708580017,0.4255540668964386,-0.050719253718853,0.7143201231956482,0.3871186077594757,-0.05612853914499283,B
0.7026739120483398,0.7306627035140991,3.680966642605199e-07,0.6466476321220398,0.7053551077842712,-0.02356203831732273,0.6075772047042847,0.6379150748252869,-0.03527773171663284,0.6273772120475769,0.5780198574066162,-0.04581327736377716,0.6708481907844543,0.5703071355819702,-0.056871771812438965,0.6313732266426086,0.5231621265411377,-0.01525338925421238,0.6242678165435791,0.44604751467704773,-0.0306012574583292,0.624768078327179,0.3971238136291504,-0.047122322022914886,0.628676176071167,0.3526375889778137,-0.06119060888886452,0.6675092577934265,0.508873701095581,-0.017958931624889374,0.6600315570831299,0.42057961225509644,-0.029000187292695045,0.6573623418807983,0.3650226593017578,-0.043029021471738815,0.6557961702346802,0.3139142692089081,-0.05507098510861397,0.7012448310852051,0.5143556594848633,-0.02433871291577816,0.6959843039512634,0.4328445792198181,-0.034629661589860916,0.6907903552055359,0.38227957487106323,-0.04624156281352043,0.6859636902809143,0.33817794919013977,-0.05597284436225891,0.7353110909461975,0.5357518792152405,-0.03406892344355583,0.7297359704971313,0.46998023986816406,-0.04387303441762924,0.7236143350601196,0.42763927578926086,-0.04998979717493057,0.7182415127754211,0.38930371403694153,-0.055501312017440796,B
0.6968847513198853,0.7352421283721924,3.641783621333161e-07,0.6425899863243103,0.7108540534973145,-0.02197013795375824,0.603388249874115,0.6468765735626221,-0.03380580618977547,0.6203271150588989,0.5872170925140381,-0.04475562646985054,0.6619176864624023,0.573249340057373,-0.056177787482738495,0.6230670809745789,0.530979335308075,-0.015742085874080658,0.6156396269798279,0.45176956057548523,-0.03189592808485031,0.6164319515228271,0.40183043479919434,-0.048375364392995834,0.6203793883323669,0.3567345142364502,-0.06209426373243332,0.658271074295044,0.5158551335334778,-0.019236287102103233,0.6500807404518127,0.4272371530532837,-0.030981646850705147,0.6474263668060303,0.37180855870246887,-0.044850945472717285,0.645953893661499,0.3206065595149994,-0.05662943795323372,0.6918190717697144,0.519815981388092,-0.026170725002884865,0.6855507493019104,0.4381446838378906,-0.03678775206208229,0.6804859042167664,0.3874242901802063,-0.04761050269007683,0.6757094860076904,0.3425178825855255,-0.05680576339364052,0.7263534665107727,0.5393346548080444,-0.036282461136579514,0.7204247713088989,0.47322121262550354,-0.046135153621435165,0.7143276929855347,0.4309072494506836,-0.05163669213652611,0.7086023688316345,0.3923371434211731,-0.05663493275642395,B
0.6032568216323853,0.8247962594032288,3.350095312271151e-07,0.5490002632141113,0.8052440881729126,-0.020059384405612946,0.5116807222366333,0.743979275226593,-0.03019954264163971,0.5297578573226929,0.6820336580276489,-0.03990872949361801,0.5674762725830078,0.6607750058174133,-0.0501423217356205,0.5256463289260864,0.6285654306411743,-0.011369267478585243,0.5165968537330627,0.5516836643218994,-0.026759028434753418,0.5167482495307922,0.5020016431808472,-0.042726773768663406,0.5201773643493652,0.4582389295101166,-0.05582146719098091,0.557813823223114,0.6129406094551086,-0.01521334145218134,0.5477954149246216,0.5282511115074158,-0.02664722502231598,0.5445290803909302,0.4752649664878845,-0.039914172142744064,0.543170154094696,0.4274459183216095,-0.050849225372076035,0.5891736149787903,0.6159025430679321,-0.022615624591708183,0.580827534198761,0.5363794565200806,-0.03316500410437584,0.5749929547309875,0.48789381980895996,-0.04282907769083977,0.5701854228973389,0.44467779994010925,-0.05091207101941109,0.6221840977668762,0.634039044380188,-0.0330921895802021,0.613964855670929,0.569599449634552,-0.04306906461715698,0.6069175004959106,0.5289287567138672,-0.048050496727228165,0.6002601385116577,0.491884708404541,-0.05230194330215454,B
0.6187956929206848,0.8189083933830261,3.428597210586304e-07,0.5670804381370544,0.797299861907959,-0.019765418022871017,0.5316213369369507,0.7355417013168335,-0.029706966131925583,0.5502994060516357,0.6783280968666077,-0.039076436311006546,0.5872631072998047,0.6585769653320312,-0.04907073825597763,0.5465891361236572,0.6237468123435974,-0.012589448131620884,0.5393721461296082,0.5476198196411133,-0.027747327461838722,0.5401498675346375,0.4990094304084778,-0.043239668011665344,0.543822705745697,0.45574602484703064,-0.05600779876112938,0.5802291035652161,0.6091874837875366,-0.016365446150302887,0.5721396207809448,0.5243179202079773,-0.027534954249858856,0.5698777437210083,0.47163665294647217,-0.04093179851770401,0.5688459873199463,0.42321181297302246,-0.05210204795002937,0.6120169758796692,0.6131216287612915,-0.023509126156568527,0.6054758429527283,0.5342130661010742,-0.0339045487344265,0.600666344165802,0.48604220151901245,-0.04434308037161827,0.5964958071708679,0.44266247749328613,-0.053153861314058304,0.6445584297180176,0.6319075226783752,-0.0335393026471138,0.6378223299980164,0.5687937140464783,-0.04326552897691727,0.6321174502372742,0.5289270281791687,-0.04859275743365288,0.6267801523208618,0.4915112257003784,-0.05338099226355553,B
0.822108805179596,0.6477272510528564,3.9639101601096627e-07,0.7667999267578125,0.6084722876548767,-0.02586842142045498,0.7367374300956726,0.5247055292129517,-0.03607979416847229,0.7718884348869324,0.4559989869594574,-0.04481099173426628,0.8201685547828674,0.44240325689315796,-0.053242720663547516,0.750311017036438,0.41656285524368286,-0.010636156424880028,0.7441263794898987,0.3267247676849365,-0.024266637861728668,0.7477036714553833,0.27188050746917725,-0.04013657197356224,0.7535756826400757,0.2230496108531952,-0.05378378927707672,0.7901920676231384,0.4017430245876312,-0.011232875287532806,0.7831870913505554,0.3026469349861145,-0.01967858150601387,0.7823856472969055,0.24182789027690887,-0.032889410853385925,0.7816954851150513,0.18801084160804749,-0.0446070060133934,0.8268624544143677,0.40801769495010376,-0.016113486140966415,0.8230672478675842,0.3173885941505432,-0.02405058778822422,0.8181706666946411,0.26336175203323364,-0.03406520560383797,0.8133283853530884,0.21766364574432373,-0.04298142343759537,0.8650349974632263,0.43058860301971436,-0.02492508478462696,0.861198365688324,0.3572515845298767,-0.032580506056547165,0.8551774024963379,0.31245484948158264,-0.036964379251003265,0.8493467569351196,0.27364253997802734,-0.041411299258470535,B
0.7367551922798157,0.8691197037696838,3.5826568023367145e-07,0.6863142251968384,0.8405361175537109,-0.02083781734108925,0.6542609333992004,0.7749139666557312,-0.03189483657479286,0.6800326704978943,0.7195680141448975,-0.04193267971277237,0.7198013067245483,0.7052947878837585,-0.052675049751996994,0.6656933426856995,0.6739916205406189,-0.017050346359610558,0.6593512892723083,0.5953100919723511,-0.03247971832752228,0.6610254049301147,0.5462004542350769,-0.047955065965652466,0.6645494103431702,0.5020242929458618,-0.06075553968548775,0.700993001461029,0.6590297818183899,-0.020167797803878784,0.6938241124153137,0.5694090723991394,-0.0312640555202961,0.6911425590515137,0.5140427350997925,-0.04488211125135422,0.6884210109710693,0.46422749757766724,-0.05637896806001663,0.7341620922088623,0.6629574298858643,-0.02620430290699005,0.7290151715278625,0.5798807740211487,-0.03587882220745087,0.7241858839988708,0.5296533703804016,-0.04630650207400322,0.7193566560745239,0.4860740303993225,-0.055221252143383026,0.7679657936096191,0.6819379329681396,-0.035146333277225494,0.7623516321182251,0.6152968406677246,-0.04417755454778671,0.7562884092330933,0.5735194683074951,-0.04901643842458725,0.7504995465278625,0.5365486145019531,-0.05351795256137848,B
0.6990320086479187,0.5437184572219849,4.297839382161328e-07,0.6392338275909424,0.5044913291931152,-0.02852567844092846,0.6036691665649414,0.41847750544548035,-0.04234258458018303,0.6353705525398254,0.3436838388442993,-0.05450395494699478,0.6886391639709473,0.32822465896606445,-0.06657937169075012,0.6295337080955505,0.29501405358314514,-0.01686880737543106,0.6281462907791138,0.20137856900691986,-0.03476041927933693,0.6345511078834534,0.14306214451789856,-0.053925175219774246,0.643997073173523,0.09014882147312164,-0.07024003565311432,0.6723244190216064,0.28132373094558716,-0.018829911947250366,0.6703969240188599,0.17722249031066895,-0.031664371490478516,0.6729262471199036,0.11213885247707367,-0.04777941852807999,0.675733745098114,0.05135419964790344,-0.0617951974272728,0.711236834526062,0.2898395359516144,-0.025242358446121216,0.7113121747970581,0.19447270035743713,-0.037441685795784,0.710096538066864,0.13540500402450562,-0.05017171800136566,0.7083843946456909,0.08291050791740417,-0.061111826449632645,0.7502726912498474,0.31607797741889954,-0.03570013493299484,0.7500527501106262,0.23878213763237,-0.04751570522785187,0.7476907968521118,0.18863219022750854,-0.054635144770145416,0.7447847127914429,0.14334984123706818,-0.061130307614803314,B
0.8233773112297058,0.7064948081970215,3.8188755979717826e-07,0.7736684083938599,0.6722245216369629,-0.02411026880145073,0.7488228678703308,0.6013259887695312,-0.036040373146533966,0.7827783226966858,0.5485835075378418,-0.0467027872800827,0.8244384527206421,0.5402762293815613,-0.058102600276470184,0.7645004987716675,0.5024808049201965,-0.01821676641702652,0.762337327003479,0.42146921157836914,-0.03517215698957443,0.7686004042625427,0.3708832263946533,-0.0521768257021904,0.7771487832069397,0.3266144394874573,-0.06607386469841003,0.8015775084495544,0.489613801240921,-0.020384017378091812,0.7989309430122375,0.3966657519340515,-0.032968949526548386,0.8003033995628357,0.339407354593277,-0.048394352197647095,0.801371157169342,0.2880944013595581,-0.061259012669324875,0.8348456025123596,0.49599647521972656,-0.026023197919130325,0.8349617123603821,0.40965887904167175,-0.03735150396823883,0.8328869342803955,0.3567945957183838,-0.050294071435928345,0.8306117653846741,0.3110214173793793,-0.06097092479467392,0.8682757616043091,0.5177690982818604,-0.034867141395807266,0.8674282431602478,0.4491625130176544,-0.04536909982562065,0.8637309074401855,0.4058472514152527,-0.05222802236676216,0.8597211241722107,0.36724191904067993,-0.058414213359355927,B
0.6635148525238037,0.7994415163993835,3.7068116398586426e-07,0.6138450503349304,0.7773466110229492,-0.020733412355184555,0.5813502073287964,0.7164073586463928,-0.031217919662594795,0.6031792163848877,0.6634113192558289,-0.040651023387908936,0.6404259204864502,0.6506481170654297,-0.05057474225759506,0.5960847735404968,0.6151338815689087,-0.015654688701033592,0.5905850529670715,0.5414751172065735,-0.03081761673092842,0.5940284729003906,0.49471259117126465,-0.045874349772930145,0.6004719734191895,0.4541087746620178,-0.05795184522867203,0.6284794211387634,0.6016920804977417,-0.017938217148184776,0.6230294704437256,0.5184852480888367,-0.028508510440587997,0.6231991648674011,0.46679258346557617,-0.040519312024116516,0.624636709690094,0.42092466354370117,-0.050563134253025055,0.6585800051689148,0.6058236956596375,-0.023423414677381516,0.6542520523071289,0.5289670825004578,-0.03252002224326134,0.6504872441291809,0.481571227312088,-0.04176539555191994,0.6481575965881348,0.4409215450286865,-0.049664776772260666,0.6892386674880981,0.6237046718597412,-0.0319393053650856,0.6846911311149597,0.562350869178772,-0.04048221930861473,0.679685652256012,0.522799015045166,-0.04522997885942459,0.6754610538482666,0.48743224143981934,-0.04951423034071922,B
0.875169038772583,0.9386351108551025,3.8969221805018606e-07,0.8281965255737305,0.8982899785041809,-0.023928722366690636,0.8046091794967651,0.8315750360488892,-0.03801461681723595,0.8381432890892029,0.7948423624038696,-0.05095444247126579,0.8801145553588867,0.7948519587516785,-0.06447720527648926,0.8277772665023804,0.7324106693267822,-0.021204562857747078,0.826324999332428,0.6524175405502319,-0.03940081223845482,0.8325051069259644,0.6043494939804077,-0.05649085342884064,0.8413965106010437,0.5621361136436462,-0.06988079100847244,0.8641613721847534,0.724635660648346,-0.023777402937412262,0.8627104759216309,0.6335846781730652,-0.03713756799697876,0.8645824193954468,0.5770537257194519,-0.05243907496333122,0.8674644231796265,0.5264080762863159,-0.06490176916122437,0.8970875144004822,0.7341976165771484,-0.029599571600556374,0.8984593749046326,0.6495606303215027,-0.04032313823699951,0.8965030312538147,0.5979456901550293,-0.052058931440114975,0.8948214650154114,0.5523817539215088,-0.06158190220594406,0.9298779964447021,0.7584401965141296,-0.03864270821213722,0.9300143122673035,0.6903012990951538,-0.04756795987486839,0.9264800548553467,0.647104024887085,-0.05257566645741463,0.9226925373077393,0.6086323261260986,-0.05707215890288353,B
0.8294640183448792,0.6297144889831543,3.6551637094817124e-07,0.7795331478118896,0.5979971885681152,-0.023246750235557556,0.7501459121704102,0.5353997349739075,-0.03544319048523903,0.7737457156181335,0.4787943661212921,-0.046233732253313065,0.8133779764175415,0.46540674567222595,-0.056699808686971664,0.7613562345504761,0.43773913383483887,-0.013180428184568882,0.7552411556243896,0.36405473947525024,-0.026850927621126175,0.7573404312133789,0.31908074021339417,-0.041921216994524,0.7618691921234131,0.27845025062561035,-0.05444750189781189,0.7946486473083496,0.4241859018802643,-0.014144349843263626,0.7869061827659607,0.3421977162361145,-0.02291152998805046,0.7853327989578247,0.29224199056625366,-0.035263873636722565,0.7841829657554626,0.24570848047733307,-0.046023573726415634,0.8263051509857178,0.4282015860080719,-0.018554529175162315,0.8211833834648132,0.35158610343933105,-0.026134170591831207,0.8170704245567322,0.30483561754226685,-0.03459303826093674,0.813489556312561,0.2639337182044983,-0.042138345539569855,0.8596705794334412,0.44636374711990356,-0.026302827522158623,0.8535600304603577,0.3845924735069275,-0.03246542438864708,0.8477648496627808,0.3463006913661957,-0.03499177470803261,0.842802882194519,0.3124295771121979,-0.03785484656691551,B
0.6849555969238281,0.6937543153762817,3.883708075136383e-07,0.6300289630889893,0.6698368787765503,-0.02534426748752594,0.5954293012619019,0.6081693172454834,-0.03858817368745804,0.6178017854690552,0.5498374104499817,-0.05031656473875046,0.6573496460914612,0.5306342840194702,-0.06244359537959099,0.6148882508277893,0.5000200867652893,-0.02040313184261322,0.6090099811553955,0.419103741645813,-0.038617394864559174,0.6120613813400269,0.3676435947418213,-0.05609208345413208,0.6179876327514648,0.32193535566329956,-0.06990822404623032,0.6495361328125,0.48433321714401245,-0.022228384390473366,0.6426998972892761,0.3944091796875,-0.03556419163942337,0.6415309906005859,0.33891329169273376,-0.05045393854379654,0.6415066123008728,0.2878493666648865,-0.06264933198690414,0.681613028049469,0.48754024505615234,-0.027612678706645966,0.6771467328071594,0.4065842628479004,-0.039370253682136536,0.6736017465591431,0.35614368319511414,-0.05059598758816719,0.670900821685791,0.3120034337043762,-0.059806931763887405,0.7150235176086426,0.5061072707176208,-0.03640371561050415,0.7102327346801758,0.44127917289733887,-0.04698677361011505,0.7048664689064026,0.40028756856918335,-0.05262431129813194,0.6994578242301941,0.3634304404258728,-0.057490989565849304,B
0.485550194978714,0.7154982089996338,4.3943748551100725e-07,0.42093735933303833,0.6926639080047607,-0.024887163192033768,0.3676629364490509,0.616703450679779,-0.0392153337597847,0.3757835626602173,0.5399350523948669,-0.05314629152417183,0.4221417009830475,0.5132271647453308,-0.06789585202932358,0.39674457907676697,0.4683789014816284,-0.018615730106830597,0.38993576169013977,0.37403497099876404,-0.040016766637563705,0.38970309495925903,0.31261152029037476,-0.06085292249917984,0.393292635679245,0.2563983201980591,-0.0779237449169159,0.4372600317001343,0.4508047103881836,-0.025176141411066055,0.42968815565109253,0.3403351306915283,-0.042365171015262604,0.4273749589920044,0.26970845460891724,-0.05958393216133118,0.42688924074172974,0.20527300238609314,-0.0736437663435936,0.47690948843955994,0.45709002017974854,-0.03607279807329178,0.4703892469406128,0.35362547636032104,-0.052328623831272125,0.46558690071105957,0.28882232308387756,-0.06635156273841858,0.4614280164241791,0.2308744490146637,-0.07770542055368423,0.5174345970153809,0.4826621115207672,-0.05050868168473244,0.5105503797531128,0.3997257649898529,-0.06559260934591293,0.503758430480957,0.3448839783668518,-0.07426116615533829,0.4970019459724426,0.2943112254142761,-0.08161557465791702,B
0.4943736791610718,0.9271168112754822,8.49200944230688e-07,0.3909549117088318,0.8792319297790527,-0.0446743480861187,0.3131946325302124,0.7522467374801636,-0.0734868273139,0.3400346636772156,0.6533178091049194,-0.10092479735612869,0.4192076325416565,0.6431022882461548,-0.1311863660812378,0.37496218085289,0.5192863345146179,-0.046461645513772964,0.3767368793487549,0.36121147871017456,-0.08554274588823318,0.3838675618171692,0.26058414578437805,-0.12103965133428574,0.39545929431915283,0.1678164005279541,-0.15021921694278717,0.4432767927646637,0.5026573538780212,-0.05746445804834366,0.4429267346858978,0.31626787781715393,-0.08995383232831955,0.44742268323898315,0.19878283143043518,-0.1210639476776123,0.45258966088294983,0.08929497003555298,-0.14655683934688568,0.5065957307815552,0.5244901776313782,-0.07510706782341003,0.5056999325752258,0.3509047031402588,-0.10545839369297028,0.5052564144134521,0.2412554919719696,-0.13325166702270508,0.5039319396018982,0.14233890175819397,-0.15499942004680634,0.5695295333862305,0.5758850574493408,-0.09829641878604889,0.567592978477478,0.4355108439922333,-0.1259727030992508,0.5626876354217529,0.3424365222454071,-0.14356815814971924,0.5568184852600098,0.2561623156070709,-0.15850110352039337,B
0.7755702137947083,0.841279149055481,4.778220272783074e-07,0.7120668888092041,0.8027076125144958,-0.027096964418888092,0.6716858744621277,0.7204392552375793,-0.042945705354213715,0.7019587159156799,0.6586617231369019,-0.057732004672288895,0.7539904713630676,0.6560600996017456,-0.07338465005159378,0.7058789134025574,0.5866477489471436,-0.022266091778874397,0.7036828994750977,0.4916622042655945,-0.04328562319278717,0.7109253406524658,0.4321942925453186,-0.06390581279993057,0.7225196957588196,0.3788626194000244,-0.08052151650190353,0.7494624853134155,0.574144721031189,-0.026791023090481758,0.7466980218887329,0.4639015793800354,-0.04200398549437523,0.748924970626831,0.39376387000083923,-0.05864959955215454,0.7528683543205261,0.33115875720977783,-0.07232484966516495,0.790054440498352,0.5845914483070374,-0.03544916957616806,0.7884204983711243,0.4821489453315735,-0.0486479289829731,0.7865495681762695,0.41693979501724243,-0.0616193562746048,0.7853417992591858,0.3600693941116333,-0.07215534150600433,0.8309246301651001,0.6143519282341003,-0.04798741266131401,0.8272902369499207,0.5312613844871521,-0.059850797057151794,0.8223686814308167,0.4775699973106384,-0.06589552760124207,0.8182574510574341,0.4291330575942993,-0.07114801555871964,B
0.7630088329315186,0.6724954843521118,4.116542129395384e-07,0.7025052309036255,0.6428136229515076,-0.02505127526819706,0.6615786552429199,0.5669907331466675,-0.03716059401631355,0.684973955154419,0.5019590258598328,-0.048294633626937866,0.7308031320571899,0.4899540841579437,-0.05987178534269333,0.6865830421447754,0.44519227743148804,-0.015226555988192558,0.6810354590415955,0.35864463448524475,-0.032634757459163666,0.6845911145210266,0.3034365773200989,-0.051004599779844284,0.6915911436080933,0.2540154755115509,-0.0661909356713295,0.7256470918655396,0.42987287044525146,-0.018330831080675125,0.7192045450210571,0.3317243456840515,-0.030691655352711678,0.7184697985649109,0.2695423662662506,-0.04595727100968361,0.7192294597625732,0.212631493806839,-0.05888073891401291,0.7619647979736328,0.43520694971084595,-0.02552676387131214,0.7567864060401917,0.34511011838912964,-0.03661618381738663,0.7518566250801086,0.28801989555358887,-0.048725251108407974,0.7479650974273682,0.23826362192630768,-0.0589633546769619,0.7994663715362549,0.4574953615665436,-0.03645186871290207,0.7940893769264221,0.3847581148147583,-0.04668853431940079,0.7876114249229431,0.33730441331863403,-0.0526655912399292,0.7818390727043152,0.29425549507141113,-0.05819376930594444,B
0.7945390939712524,0.8321031928062439,4.287324486540456e-07,0.7398706674575806,0.7984219789505005,-0.023690810427069664,0.7053654193878174,0.7301806211471558,-0.0379398949444294,0.7318927049636841,0.6774685382843018,-0.051101312041282654,0.7756340503692627,0.6700400114059448,-0.06491100788116455,0.7306459546089172,0.6171169281005859,-0.021365709602832794,0.7284335494041443,0.5328888297080994,-0.04005858674645424,0.7341941595077515,0.48078805208206177,-0.05772976949810982,0.7425915598869324,0.4341999292373657,-0.07176409661769867,0.7693144083023071,0.6061046719551086,-0.024974890053272247,0.7668142318725586,0.5093199014663696,-0.03862548619508743,0.7676682472229004,0.448559045791626,-0.053308382630348206,0.7691100835800171,0.3936344385147095,-0.06532038003206253,0.8050649166107178,0.6143980622291565,-0.03196427971124649,0.8030041456222534,0.5242084860801697,-0.04354586824774742,0.79991614818573,0.4684661030769348,-0.05443676933646202,0.7972963452339172,0.4199954569339752,-0.06330220401287079,0.8411467671394348,0.6385388374328613,-0.042229510843753815,0.8378969430923462,0.5656713843345642,-0.05269245430827141,0.8327586650848389,0.5190219283103943,-0.05773245543241501,0.8283593654632568,0.4772810637950897,-0.0620315745472908,B
0.8007129430770874,0.8061441779136658,4.1749404999791295e-07,0.7469766139984131,0.7689412236213684,-0.024387294426560402,0.7156420946121216,0.6951049566268921,-0.038017068058252335,0.7465658783912659,0.6433326601982117,-0.05051778256893158,0.7922834157943726,0.6421745419502258,-0.06361515820026398,0.7433997988700867,0.5853963494300842,-0.019253311678767204,0.7420784831047058,0.5028890371322632,-0.03721603751182556,0.7488043904304504,0.45188915729522705,-0.055117249488830566,0.758743405342102,0.4063723683357239,-0.06962047517299652,0.7817075252532959,0.5757079720497131,-0.022203870117664337,0.7804380655288696,0.4809212386608124,-0.03510861098766327,0.7822427749633789,0.4203886389732361,-0.05014650151133537,0.785179078578949,0.3656313419342041,-0.06265229731798172,0.8167449831962585,0.5852341055870056,-0.028722092509269714,0.8171359896659851,0.49671676754951477,-0.03970718756318092,0.8157315850257874,0.4408240020275116,-0.05114065110683441,0.8149652481079102,0.3921319246292114,-0.060571424663066864,0.8515061140060425,0.6107094287872314,-0.038698162883520126,0.8507026433944702,0.5392298698425293,-0.04848843812942505,0.8475562930107117,0.4932827055454254,-0.05365671589970589,0.8452014923095703,0.4522007703781128,-0.058293066918849945,B
0.7933839559555054,0.8017278909683228,4.2595746663209866e-07,0.7385630011558533,0.7664228081703186,-0.024670274928212166,0.7056605219841003,0.6926704049110413,-0.038059964776039124,0.7363508343696594,0.6387492418289185,-0.050155725330114365,0.7824843525886536,0.6349011659622192,-0.06293168663978577,0.7316994667053223,0.5819675326347351,-0.020041363313794136,0.7297738790512085,0.49809420108795166,-0.0379478745162487,0.7361923456192017,0.4457424283027649,-0.05565853789448738,0.7456110715866089,0.3990023136138916,-0.07004107534885406,0.7707924842834473,0.5705829858779907,-0.02285774052143097,0.7689869403839111,0.4745202660560608,-0.035439446568489075,0.7710449695587158,0.41384950280189514,-0.05011912062764168,0.7739139795303345,0.3588843047618866,-0.062496792525053024,0.8063758015632629,0.5790574550628662,-0.029265109449625015,0.806604266166687,0.4897693395614624,-0.04009568318724632,0.8049520254135132,0.43328940868377686,-0.051726434379816055,0.8035846948623657,0.3841056525707245,-0.061478205025196075,0.8416784405708313,0.6038062572479248,-0.0391215942800045,0.8403422832489014,0.5318194031715393,-0.04897749051451683,0.8368797898292542,0.4856874346733093,-0.05439072102308273,0.8338503837585449,0.44470053911209106,-0.059344932436943054,B
0.7929165959358215,0.8054031133651733,4.1850839238577464e-07,0.7382326722145081,0.7703284621238708,-0.024122098460793495,0.7040887475013733,0.6967480778694153,-0.03766496852040291,0.733182966709137,0.6438528299331665,-0.05009864643216133,0.779754638671875,0.6407005786895752,-0.06313509494066238,0.7315001487731934,0.583641767501831,-0.01972717046737671,0.7297061085700989,0.49981725215911865,-0.03781733289361,0.7361812591552734,0.4479714035987854,-0.055479276925325394,0.7458990216255188,0.40199190378189087,-0.06971988081932068,0.7708301544189453,0.573113203048706,-0.02309633605182171,0.769707202911377,0.4764310121536255,-0.035957109183073044,0.7716416120529175,0.4152187705039978,-0.05037367716431618,0.7745609879493713,0.3604871332645416,-0.062345024198293686,0.8069468140602112,0.5823572874069214,-0.030069876462221146,0.8069984912872314,0.4917668402194977,-0.04113306105136871,0.8050817251205444,0.4344516098499298,-0.05243873968720436,0.8035540580749512,0.38489198684692383,-0.061762258410453796,0.8424071669578552,0.6080003976821899,-0.04044433310627937,0.8406444191932678,0.535254716873169,-0.0504513643682003,0.836600661277771,0.4882742166519165,-0.05561517924070358,0.8332478404045105,0.44660043716430664,-0.06022363528609276,B
0.7886691689491272,0.8029114603996277,4.18770838450655e-07,0.7340855002403259,0.7683396339416504,-0.02465358003973961,0.7007903456687927,0.6958845257759094,-0.038614265620708466,0.7307366728782654,0.6418391466140747,-0.05132916569709778,0.7769232988357544,0.6374420523643494,-0.06468380987644196,0.7272865772247314,0.5811749696731567,-0.020112862810492516,0.7258880138397217,0.4974935054779053,-0.038262203335762024,0.7325286865234375,0.4454766809940338,-0.05617779865860939,0.7422860860824585,0.3991730809211731,-0.07073227316141129,0.7664650678634644,0.5703765153884888,-0.023167075589299202,0.7647819519042969,0.4748436212539673,-0.03602796420454979,0.766940176486969,0.41473501920700073,-0.050831083208322525,0.7700714468955994,0.3601922392845154,-0.06327611207962036,0.8023723363876343,0.579337477684021,-0.029833268374204636,0.8021218180656433,0.49049490690231323,-0.04091868922114372,0.8007814884185791,0.43419191241264343,-0.0525633879005909,0.7998637557029724,0.38484811782836914,-0.06230257824063301,0.837858259677887,0.6045914888381958,-0.03993646427989006,0.8358452916145325,0.5325850248336792,-0.050098709762096405,0.832088053226471,0.48631811141967773,-0.05561342462897301,0.8288891315460205,0.44492191076278687,-0.0605553574860096,B
0.7873950004577637,0.804470956325531,4.181646318102139e-07,0.7320533990859985,0.769370436668396,-0.02465544454753399,0.698295533657074,0.695139467716217,-0.03820396214723587,0.7279661893844604,0.639975905418396,-0.05063726007938385,0.7746616005897522,0.6350602507591248,-0.06371832638978958,0.7255023717880249,0.581427276134491,-0.01976453885436058,0.7236613035202026,0.4958927631378174,-0.03815050423145294,0.7306838631629944,0.4433765113353729,-0.05621984601020813,0.7409669756889343,0.39678335189819336,-0.07087232172489166,0.7646028995513916,0.5705142021179199,-0.022986384108662605,0.7627988457679749,0.4729601740837097,-0.036136187613010406,0.765352725982666,0.41211196780204773,-0.051112107932567596,0.7689810991287231,0.35724833607673645,-0.06360466033220291,0.8005937337875366,0.579606831073761,-0.029905347153544426,0.7998554706573486,0.48880070447921753,-0.04135400056838989,0.7984254360198975,0.4312742352485657,-0.05332900211215019,0.7975231409072876,0.381217896938324,-0.06326105445623398,0.8365617990493774,0.6051387786865234,-0.04030001908540726,0.8344756364822388,0.5323652029037476,-0.05083106458187103,0.8303683996200562,0.4852421283721924,-0.05674118176102638,0.8268976807594299,0.44295167922973633,-0.06201210618019104,B
0.7861020565032959,0.802543580532074,4.1552141283318633e-07,0.7308971285820007,0.7681056261062622,-0.025215888395905495,0.6975748538970947,0.6946675777435303,-0.03914380818605423,0.7282900214195251,0.6398876309394836,-0.05174623429775238,0.7744821310043335,0.6342950463294983,-0.06505905091762543,0.7255046963691711,0.5801860094070435,-0.020833482965826988,0.7242425680160522,0.4959273040294647,-0.039367202669382095,0.730900764465332,0.4437098503112793,-0.05761965364217758,0.740580677986145,0.3971114158630371,-0.07256321609020233,0.7649631500244141,0.5694506764411926,-0.023915547877550125,0.7636677622795105,0.4727570414543152,-0.03733312338590622,0.7660573720932007,0.41230639815330505,-0.05267167463898659,0.7691006064414978,0.35726064443588257,-0.06561193615198135,0.8006126880645752,0.5791258215904236,-0.030689822509884834,0.8005579710006714,0.48901045322418213,-0.042610373347997665,0.7993474006652832,0.4320985972881317,-0.055020980536937714,0.7984945178031921,0.38235902786254883,-0.06534190475940704,0.8359919786453247,0.6052938103675842,-0.04090852290391922,0.8341219425201416,0.5329426527023315,-0.05205715075135231,0.8301820755004883,0.48598968982696533,-0.058494213968515396,0.8268408179283142,0.44369450211524963,-0.06420198827981949,B
0.7855167388916016,0.8024224042892456,4.208650636883249e-07,0.7294434905052185,0.7674959897994995,-0.024994725361466408,0.6954935193061829,0.6943356394767761,-0.038918331265449524,0.7253392338752747,0.638346791267395,-0.051529910415410995,0.7712538838386536,0.632042407989502,-0.06471753865480423,0.722937822341919,0.5803008675575256,-0.0205394197255373,0.721622109413147,0.49537813663482666,-0.039036788046360016,0.7286960482597351,0.4430796205997467,-0.057226333767175674,0.7388697266578674,0.3965509533882141,-0.0719362124800682,0.762508749961853,0.5694423913955688,-0.023562319576740265,0.7610096335411072,0.4722103476524353,-0.036667123436927795,0.763533890247345,0.4115622639656067,-0.05152977630496025,0.7669162154197693,0.3570597171783447,-0.06396732479333878,0.7985953688621521,0.5787850022315979,-0.030242180451750755,0.7982149124145508,0.488331139087677,-0.041652582585811615,0.7968850135803223,0.4317761957645416,-0.05311709642410278,0.7960109114646912,0.3829127848148346,-0.06265973299741745,0.8347070813179016,0.6045727133750916,-0.04039997607469559,0.8324052691459656,0.5316228270530701,-0.05093369632959366,0.828329861164093,0.4850567579269409,-0.05643339827656746,0.8249348402023315,0.44357308745384216,-0.0612926259636879,B
0.7832050919532776,0.800616443157196,4.0714428450883133e-07,0.7279697060585022,0.7664293050765991,-0.024836832657456398,0.6930115222930908,0.6932770013809204,-0.038752276450395584,0.721998393535614,0.6379590034484863,-0.05136681720614433,0.7685337066650391,0.6321264505386353,-0.06459984183311462,0.7215726971626282,0.578204333782196,-0.020688842982053757,0.7192686796188354,0.4941839873790741,-0.039110779762268066,0.7257692813873291,0.4422738552093506,-0.05705679580569267,0.7357208728790283,0.39589500427246094,-0.07162648439407349,0.7606964707374573,0.5670475959777832,-0.023805180564522743,0.7585131525993347,0.4704904854297638,-0.036912064999341965,0.7605392932891846,0.410561740398407,-0.05159582942724228,0.7637852430343628,0.35645681619644165,-0.06391844153404236,0.7964779138565063,0.5762171149253845,-0.03056362085044384,0.795958399772644,0.4859636425971985,-0.04208375886082649,0.794521689414978,0.4285494089126587,-0.053747132420539856,0.7937078475952148,0.3783688545227051,-0.06347135454416275,0.832062840461731,0.6020838022232056,-0.040753673762083054,0.83006751537323,0.5294681787490845,-0.0513705275952816,0.8262273073196411,0.48247823119163513,-0.057088177651166916,0.8231433629989624,0.44026029109954834,-0.06217928230762482,B
0.7813459038734436,0.7978888750076294,4.156480599704082e-07,0.7261128425598145,0.7645763158798218,-0.02517540566623211,0.6911454200744629,0.691972553730011,-0.039294298738241196,0.719093918800354,0.6359016299247742,-0.05209633708000183,0.7651491165161133,0.6310991644859314,-0.06545454263687134,0.7189100384712219,0.5749250054359436,-0.020386110991239548,0.7167187929153442,0.49125024676322937,-0.03873772174119949,0.7230151295661926,0.4392830729484558,-0.056838810443878174,0.7328779697418213,0.3928937315940857,-0.07148858159780502,0.7579895853996277,0.5641164779663086,-0.02328755147755146,0.7556619048118591,0.46822410821914673,-0.036312565207481384,0.7576905488967896,0.40790581703186035,-0.051027778536081314,0.7610721588134766,0.3532317280769348,-0.06332879513502121,0.7940833568572998,0.5733469724655151,-0.029875831678509712,0.7931857109069824,0.4844360053539276,-0.04119562357664108,0.791684091091156,0.4277836084365845,-0.05272405967116356,0.7908121347427368,0.3782126307487488,-0.062294118106365204,0.8299242258071899,0.5990771055221558,-0.039985544979572296,0.8272671103477478,0.5269626379013062,-0.05025896430015564,0.8231485486030579,0.48045164346694946,-0.05576479807496071,0.8198421001434326,0.4385586977005005,-0.060665782541036606,B
0.7805625796318054,0.7964566349983215,4.151818586706213e-07,0.725168764591217,0.7608915567398071,-0.024448223412036896,0.6918148994445801,0.6878877282142639,-0.03835442662239075,0.7213648557662964,0.6327124238014221,-0.05110912397503853,0.7669966220855713,0.6274594664573669,-0.06449834257364273,0.7196508049964905,0.5735903382301331,-0.019948776811361313,0.7178800106048584,0.4895143508911133,-0.038320351392030716,0.7242944240570068,0.43717166781425476,-0.05642267316579819,0.7340249419212341,0.3903130888938904,-0.07111334055662155,0.7585698962211609,0.5629762411117554,-0.023381756618618965,0.7565406560897827,0.4663388729095459,-0.03664630278944969,0.7589160203933716,0.4055895209312439,-0.05160652473568916,0.7623527646064758,0.3506208062171936,-0.06406320631504059,0.7945502996444702,0.5725669860839844,-0.030439119786024094,0.7936760187149048,0.4826376438140869,-0.042119745165109634,0.7924078106880188,0.4254240393638611,-0.05392219498753548,0.7915626168251038,0.3757307529449463,-0.06364323943853378,0.830629825592041,0.5985609889030457,-0.040920596569776535,0.8282364010810852,0.5258958339691162,-0.05165630951523781,0.8240852355957031,0.4788006842136383,-0.057450830936431885,0.82052081823349,0.43665435910224915,-0.06253331899642944,B
0.7803859114646912,0.7987765073776245,4.07589141104836e-07,0.7246813178062439,0.7640239000320435,-0.02446614019572735,0.6905447840690613,0.6914515495300293,-0.038649413734674454,0.719728410243988,0.636620283126831,-0.05169643834233284,0.7660759687423706,0.6321805119514465,-0.06541672348976135,0.7191712260246277,0.5753394961357117,-0.020733771845698357,0.7172972559928894,0.49155473709106445,-0.03949090093374252,0.7236562371253967,0.4397013187408447,-0.05771857127547264,0.7333968281745911,0.39320242404937744,-0.07254612445831299,0.7581560611724854,0.5646250247955322,-0.02440633997321129,0.756129801273346,0.468120813369751,-0.038172926753759384,0.7581401467323303,0.40750014781951904,-0.053161438554525375,0.7612326741218567,0.3526163697242737,-0.06561978161334991,0.7941972613334656,0.5743410587310791,-0.031700119376182556,0.7933698892593384,0.48395514488220215,-0.04395636171102524,0.7917753458023071,0.42668217420578003,-0.05582303926348686,0.7905818223953247,0.376464307308197,-0.06554991751909256,0.8300848603248596,0.600857675075531,-0.04238517954945564,0.8276473879814148,0.5281916856765747,-0.053726229816675186,0.8235734701156616,0.48093608021736145,-0.059745922684669495,0.8202311992645264,0.43835121393203735,-0.0649452954530716,B
0.7807106375694275,0.7997141480445862,4.163722451266949e-07,0.7250794768333435,0.7653045654296875,-0.024749254807829857,0.6906431317329407,0.6926458477973938,-0.03899822384119034,0.7193486094474792,0.6370493173599243,-0.052070699632167816,0.7658036351203918,0.631168007850647,-0.06577397137880325,0.7188615202903748,0.5763950347900391,-0.02083432301878929,0.7168254256248474,0.49166110157966614,-0.03958979994058609,0.7233283519744873,0.4393463134765625,-0.05768684297800064,0.733283519744873,0.3925241231918335,-0.07231608778238297,0.7579999566078186,0.5656732320785522,-0.024286776781082153,0.7558478713035583,0.46849673986434937,-0.03787878155708313,0.7582234144210815,0.40780484676361084,-0.05268809199333191,0.7616333961486816,0.3529820144176483,-0.06498280167579651,0.7942253351211548,0.5752509236335754,-0.031393807381391525,0.7930565476417542,0.4848416745662689,-0.043369490653276443,0.791705310344696,0.4278833866119385,-0.05495789274573326,0.7907036542892456,0.37807178497314453,-0.06449152529239655,0.8302720189094543,0.6013546586036682,-0.04193533584475517,0.8273133039474487,0.5285428166389465,-0.052882902324199677,0.8232583999633789,0.4813241958618164,-0.058608535677194595,0.8199467062950134,0.43864428997039795,-0.06361990422010422,B
0.7142675518989563,0.8957623243331909,4.145489072016062e-07,0.6528666019439697,0.8628498315811157,-0.026849819347262383,0.6114328503608704,0.7960683107376099,-0.043994612991809845,0.633085310459137,0.7355654835700989,-0.05980928614735603,0.6748239398002625,0.7055014967918396,-0.07595449686050415,0.6416864395141602,0.6605553030967712,-0.0257329773157835,0.6360055804252625,0.5643348693847656,-0.048024486750364304,0.6366580128669739,0.5057318210601807,-0.06782548129558563,0.6398234963417053,0.4534823000431061,-0.08300189673900604,0.6841234564781189,0.6466140747070312,-0.030117658898234367,0.6775721311569214,0.5372751951217651,-0.0467415377497673,0.6740245223045349,0.47117292881011963,-0.063278928399086,0.6719672083854675,0.4123654067516327,-0.07648942619562149,0.7237788438796997,0.6545913219451904,-0.03831072896718979,0.7192762494087219,0.5528033971786499,-0.052680596709251404,0.7139662504196167,0.49140673875808716,-0.06428851932287216,0.709037184715271,0.4371577501296997,-0.07375624775886536,0.7638548612594604,0.6804944276809692,-0.04993817210197449,0.759162187576294,0.5990037322044373,-0.06283173710107803,0.7521397471427917,0.5480567812919617,-0.06809752434492111,0.7451125383377075,0.5010161995887756,-0.07227018475532532,B
0.8511850833892822,0.8719143867492676,4.1515758653076773e-07,0.7975438833236694,0.8303645253181458,-0.026793023571372032,0.768628716468811,0.7621096968650818,-0.043295953422784805,0.803773820400238,0.7163131833076477,-0.0581231489777565,0.8496984243392944,0.7078592777252197,-0.07351060956716537,0.7976506948471069,0.6490402817726135,-0.0266769677400589,0.7969008684158325,0.5590170621871948,-0.04622820392251015,0.7995613217353821,0.504747748374939,-0.0638665035367012,0.8036491870880127,0.45714157819747925,-0.07784496247768402,0.8372059464454651,0.639873206615448,-0.02885357104241848,0.8364125490188599,0.5388864874839783,-0.04328843951225281,0.8357982635498047,0.47826266288757324,-0.05831011384725571,0.8350322842597961,0.4253329932689667,-0.07063817977905273,0.8726812601089478,0.6501567363739014,-0.03438647463917732,0.8735162615776062,0.5566129684448242,-0.04602354019880295,0.8696132898330688,0.5007302761077881,-0.05726495385169983,0.8652796745300293,0.45321744680404663,-0.06661687791347504,0.9081602096557617,0.6762287616729736,-0.04338549077510834,0.9090273976325989,0.6013558506965637,-0.054131943732500076,0.9045501947402954,0.5537171363830566,-0.05979779735207558,0.8992994427680969,0.511865496635437,-0.06451433151960373,B
0.8753951191902161,0.6259239315986633,4.3609492195173516e-07,0.8189952373504639,0.5848769545555115,-0.03167843073606491,0.7872859239578247,0.5025845766067505,-0.04766317829489708,0.8238703608512878,0.43629252910614014,-0.06107942759990692,0.8770979046821594,0.4245656728744507,-0.07409600168466568,0.8138921856880188,0.38421377539634705,-0.023622091859579086,0.8128130435943604,0.29034149646759033,-0.04239156097173691,0.8184762597084045,0.23322628438472748,-0.06120143085718155,0.8264601826667786,0.18306510150432587,-0.07672085613012314,0.8569106459617615,0.371656209230423,-0.02336888574063778,0.855917751789093,0.2651057839393616,-0.0365394726395607,0.8573344945907593,0.20065584778785706,-0.05205366387963295,0.8582164645195007,0.1431853175163269,-0.06531543284654617,0.8954907059669495,0.38115203380584717,-0.027423014864325523,0.8965286016464233,0.28289908170700073,-0.039059851318597794,0.8936721682548523,0.22380110621452332,-0.05127820000052452,0.89009028673172,0.17388029396533966,-0.06162149831652641,0.9341492056846619,0.40811002254486084,-0.035663705319166183,0.9352579712867737,0.33069953322410583,-0.046533599495887756,0.9307940006256104,0.28152936697006226,-0.05318808928132057,0.9257077574729919,0.2391679435968399,-0.059130117297172546,B
0.8720494508743286,0.6216055154800415,4.3022856743846205e-07,0.8152726888656616,0.5789492130279541,-0.03129951283335686,0.7841111421585083,0.49644407629966736,-0.04691996052861214,0.8226065635681152,0.43282121419906616,-0.06005717068910599,0.8755990266799927,0.42218852043151855,-0.0728883221745491,0.8138139247894287,0.37903860211372375,-0.022776545956730843,0.8136274814605713,0.2859532833099365,-0.04112862050533295,0.8189605474472046,0.2289377897977829,-0.059870634227991104,0.8262213468551636,0.17864851653575897,-0.07541479170322418,0.8567778468132019,0.36809495091438293,-0.022707540541887283,0.8565765023231506,0.26243698596954346,-0.03539973869919777,0.8578769564628601,0.1980985850095749,-0.050729356706142426,0.8585653305053711,0.14023706316947937,-0.0639164075255394,0.8948500156402588,0.3787105977535248,-0.026947295293211937,0.8965968489646912,0.2816275954246521,-0.038037557154893875,0.8937855958938599,0.2229815274477005,-0.049576543271541595,0.8905073404312134,0.1730457991361618,-0.059482965618371964,0.9331329464912415,0.4061944782733917,-0.0354284942150116,0.9340180158615112,0.32871609926223755,-0.045902520418167114,0.9299349784851074,0.27961021661758423,-0.05188595503568649,0.9257373213768005,0.23680874705314636,-0.057290080934762955,B
0.6046817302703857,0.7339207530021667,3.7917504869255936e-07,0.54856276512146,0.7142953276634216,-0.02236364781856537,0.5079910755157471,0.6534096598625183,-0.03484199941158295,0.5210713148117065,0.5921813249588013,-0.04655914008617401,0.5549361109733582,0.5615862607955933,-0.058712683618068695,0.5274742841720581,0.529811441898346,-0.017350884154438972,0.5209755897521973,0.44817960262298584,-0.03574191406369209,0.5233839154243469,0.3968484401702881,-0.053209591656923294,0.5295562744140625,0.3515891432762146,-0.06692823767662048,0.5633096098899841,0.5141807198524475,-0.021572036668658257,0.5570563673973083,0.42014163732528687,-0.03536231070756912,0.5558135509490967,0.3629559874534607,-0.050085507333278656,0.5565404891967773,0.3120195269584656,-0.06204421818256378,0.5971948504447937,0.5182751417160034,-0.029445428401231766,0.5919925570487976,0.4324052929878235,-0.041824545711278915,0.5875112414360046,0.3796311914920807,-0.05305958539247513,0.5840460658073425,0.33326640725135803,-0.06246583163738251,0.6318432688713074,0.5383870601654053,-0.04040895774960518,0.6265585422515869,0.4694730043411255,-0.051569581031799316,0.6205654144287109,0.4259779453277588,-0.05748659744858742,0.6144503951072693,0.38585108518600464,-0.06268984079360962,B
0.6075159907341003,0.7279922366142273,3.8040457184251864e-07,0.5503706932067871,0.7068796157836914,-0.02149384096264839,0.5098304748535156,0.6447342038154602,-0.03294406831264496,0.5248532891273499,0.5835562944412231,-0.043789055198431015,0.5605613589286804,0.5561426877975464,-0.055249087512493134,0.5310665369033813,0.5216212272644043,-0.015182518400251865,0.5248808264732361,0.43990635871887207,-0.0325445756316185,0.5271214246749878,0.38828492164611816,-0.049616578966379166,0.5329115986824036,0.3428431749343872,-0.06331679970026016,0.5675891041755676,0.5059670209884644,-0.0197185967117548,0.5623122453689575,0.4115985631942749,-0.032596223056316376,0.5614768862724304,0.35382863879203796,-0.04729883000254631,0.5621960163116455,0.3023573160171509,-0.05945058912038803,0.6014732718467712,0.5105686187744141,-0.02792026661336422,0.5970723628997803,0.42474865913391113,-0.039717897772789,0.5930883884429932,0.3720073699951172,-0.05123552307486534,0.589694619178772,0.32561877369880676,-0.06100483611226082,0.6360182762145996,0.5315682888031006,-0.03917163237929344,0.6313826441764832,0.46318528056144714,-0.050003062933683395,0.6258730888366699,0.4200635552406311,-0.05602274462580681,0.6201384663581848,0.3800971508026123,-0.06147673353552818,B
0.6080350279808044,0.7285832762718201,3.831126775821758e-07,0.5507085919380188,0.7061547040939331,-0.021412471309304237,0.5111623406410217,0.6442977786064148,-0.033109281212091446,0.5257385969161987,0.5831257700920105,-0.04421917349100113,0.5601561069488525,0.55427485704422,-0.05593181028962135,0.5320509672164917,0.5211302042007446,-0.01522152777761221,0.5258036255836487,0.43836259841918945,-0.0327363945543766,0.5279971361160278,0.3864598870277405,-0.04994002357125282,0.5337547659873962,0.34062787890434265,-0.06367085874080658,0.5687450170516968,0.5054293870925903,-0.019880803301930428,0.5632489323616028,0.4100586771965027,-0.03273056447505951,0.5619081258773804,0.35177528858184814,-0.047615230083465576,0.5621187686920166,0.29995352029800415,-0.0599651113152504,0.6028152108192444,0.5099470019340515,-0.028173886239528656,0.5986183285713196,0.42374515533447266,-0.03981877118349075,0.5946242213249207,0.3700680136680603,-0.051441628485918045,0.5911230444908142,0.3228030204772949,-0.06142902746796608,0.6373257040977478,0.53080153465271,-0.039496276527643204,0.6330572366714478,0.4621258080005646,-0.05016176775097847,0.6277832388877869,0.41861864924430847,-0.05609075352549553,0.622032880783081,0.3782312870025635,-0.06154768168926239,B
0.8551592826843262,0.8183795809745789,-8.453626065829667e-08,0.7764443755149841,0.818263590335846,-0.005163256544619799,0.6957668662071228,0.7799444198608398,-0.00915099773555994,0.6377575397491455,0.7642321586608887,-0.018928777426481247,0.5900427103042603,0.7453588247299194,-0.02797817811369896,0.7169025540351868,0.6088442802429199,0.028700198978185654,0.6734000444412231,0.5336635112762451,0.01578063704073429,0.6367709636688232,0.5058320760726929,-0.0031822258606553078,0.5999804139137268,0.49662500619888306,-0.01727663166821003,0.742872416973114,0.5920674800872803,0.014573788270354271,0.6934754252433777,0.5110010504722595,0.0009635762544348836,0.6492559909820557,0.4848034381866455,-0.017823733389377594,0.6067312955856323,0.484566330909729,-0.030327964574098587,0.7723095417022705,0.5817438364028931,-0.0049307458102703094,0.7188548445701599,0.49879205226898193,-0.019220780581235886,0.6711714267730713,0.4739638566970825,-0.03184310719370842,0.6262590885162354,0.47119852900505066,-0.03869190812110901,0.803803563117981,0.5788785815238953,-0.026621825993061066,0.7493325471878052,0.5130255222320557,-0.04091135784983635,0.7047725915908813,0.4876457452774048,-0.048419833183288574,0.6633593440055847,0.4786617159843445,-0.051889121532440186,C
0.8618452548980713,0.8731924295425415,-1.3048003211224568e-07,0.7756528258323669,0.8741647005081177,-0.005332108121365309,0.6848047375679016,0.8291186094284058,-0.009958521462976933,0.6209441423416138,0.8076521158218384,-0.020082002505660057,0.5715628862380981,0.7922260761260986,-0.02938990108668804,0.7147966623306274,0.6359853744506836,0.026797518134117126,0.6698377728462219,0.5465226769447327,0.01132031437009573,0.6299180388450623,0.5180565118789673,-0.009587092325091362,0.5885635614395142,0.5137794017791748,-0.024202454835176468,0.7468055486679077,0.6192969083786011,0.012037123553454876,0.6946544647216797,0.5193688273429871,-0.005147022195160389,0.6459885239601135,0.49577784538269043,-0.025851119309663773,0.5985971689224243,0.5051531791687012,-0.03843509778380394,0.7791856527328491,0.6113016605377197,-0.008013186044991016,0.7238688468933105,0.5152854919433594,-0.024878069758415222,0.6703741550445557,0.49244266748428345,-0.0385882742702961,0.6219478845596313,0.49767106771469116,-0.04530777782201767,0.8110823631286621,0.6126884818077087,-0.029912855476140976,0.7513920068740845,0.5408154129981995,-0.044660501182079315,0.7047562003135681,0.5146403312683105,-0.051414523273706436,0.6639010906219482,0.5064889192581177,-0.05397865176200867,C
0.833878755569458,0.7667054533958435,-3.541128705819574e-07,0.7434326410293579,0.7642300724983215,0.010991164483129978,0.6778674721717834,0.7246502637863159,0.006167279090732336,0.6218143701553345,0.7100764513015747,-0.006541126873344183,0.5746476054191589,0.6996434926986694,-0.01862991973757744,0.7373529672622681,0.5401275157928467,0.028252029791474342,0.6748852729797363,0.4714711904525757,0.011345409788191319,0.6173697113990784,0.46372368931770325,-0.0068474444560706615,0.5717816352844238,0.4740630090236664,-0.01840595155954361,0.7523351311683655,0.5277870297431946,0.0073314537294209,0.6699761152267456,0.44660741090774536,-0.006724534090608358,0.6035746335983276,0.4441310465335846,-0.020855478942394257,0.5604013204574585,0.4624626040458679,-0.030755216255784035,0.7547153234481812,0.5384561419487,-0.016979200765490532,0.6719965934753418,0.45303136110305786,-0.031241534277796745,0.6051098704338074,0.4509260654449463,-0.04052087292075157,0.5612402558326721,0.46867161989212036,-0.045988503843545914,0.7411489486694336,0.5659360885620117,-0.041390277445316315,0.6745277643203735,0.49734899401664734,-0.054045937955379486,0.6248910427093506,0.4815792441368103,-0.059448543936014175,0.5878644585609436,0.481820285320282,-0.0622544102370739,C
0.8263043761253357,0.7682809829711914,2.904525686631132e-08,0.7525527477264404,0.7850463390350342,-0.008447020314633846,0.6796648502349854,0.7636561393737793,-0.011713827960193157,0.6259613037109375,0.7444565296173096,-0.019555339589715004,0.5820393562316895,0.7152872085571289,-0.02650316059589386,0.6934367418289185,0.6007497906684875,0.031282443553209305,0.6526395678520203,0.5381218791007996,0.023982489481568336,0.6211448907852173,0.5093636512756348,0.008467375300824642,0.5904682874679565,0.4923976957798004,-0.0043726153671741486,0.716655433177948,0.5775066614151001,0.02095499075949192,0.6706100702285767,0.5113794803619385,0.013714606873691082,0.6331636309623718,0.48301467299461365,-0.0020622117444872856,0.5980232357978821,0.47230011224746704,-0.014013493433594704,0.7429723739624023,0.5600764155387878,0.005063005723059177,0.6939725279808044,0.49415498971939087,-0.004123411141335964,0.6555283665657043,0.4678485095500946,-0.014413907192647457,0.6186058521270752,0.4574471414089203,-0.021147502586245537,0.7736932635307312,0.5499892234802246,-0.0135823804885149,0.7256521582603455,0.4955211281776428,-0.024542536586523056,0.688671350479126,0.4713980257511139,-0.030612051486968994,0.653043806552887,0.45884811878204346,-0.03397189453244209,C
0.8408921957015991,0.8010010719299316,-2.333131590148696e-07,0.7581574320793152,0.7926510572433472,0.003711142810061574,0.6803425550460815,0.7485494017601013,0.0010447041131556034,0.6239475011825562,0.7343155145645142,-0.010210494510829449,0.5798335075378418,0.7136926651000977,-0.020632890984416008,0.7084977030754089,0.5785038471221924,0.039320919662714005,0.6643398404121399,0.5062864422798157,0.022915435954928398,0.6201856732368469,0.48895254731178284,0.0015144924400374293,0.5815954804420471,0.49303966760635376,-0.013893021270632744,0.7314271926879883,0.5628761053085327,0.018176358193159103,0.675855278968811,0.4749496877193451,-0.0024992944672703743,0.6220707297325134,0.46640971302986145,-0.025823794305324554,0.5792156457901001,0.49061357975006104,-0.03953765332698822,0.7565173506736755,0.5592670440673828,-0.008192266337573528,0.69720059633255,0.4714619219303131,-0.027066461741924286,0.6383040547370911,0.46652519702911377,-0.04305674508213997,0.5933327078819275,0.48828941583633423,-0.05092831701040268,0.7792105078697205,0.5700345635414124,-0.03590860962867737,0.7190859913825989,0.5085241794586182,-0.05167077109217644,0.6693201065063477,0.4953385591506958,-0.06121521070599556,0.6296407580375671,0.4999158978462219,-0.06607509404420853,C
0.8028031587600708,0.7983348965644836,-5.004073386771779e-07,0.7088795304298401,0.786078691482544,0.02560366876423359,0.6377238035202026,0.7402053475379944,0.026244375854730606,0.5824356079101562,0.7203913927078247,0.015638580545783043,0.539800226688385,0.6966403722763062,0.005377905443310738,0.699981689453125,0.5454642176628113,0.04815540835261345,0.6220793128013611,0.49891600012779236,0.03748072683811188,0.5646774768829346,0.49992835521698,0.02182966098189354,0.5180698037147522,0.5148153305053711,0.011789186857640743,0.7157835960388184,0.5325819849967957,0.02036917395889759,0.6144479513168335,0.4754093885421753,0.014955349266529083,0.5504500865936279,0.4796062707901001,0.004713166039437056,0.5052558183670044,0.5062506794929504,-0.003272163914516568,0.7170454263687134,0.5428021550178528,-0.010078576393425465,0.6197670102119446,0.47586750984191895,-0.015740716829895973,0.5516437888145447,0.4777126610279083,-0.018157539889216423,0.5022122859954834,0.5018721222877502,-0.02029273845255375,0.7008447647094727,0.5717625617980957,-0.040058307349681854,0.6214636564254761,0.5153995752334595,-0.04592970013618469,0.5702446103096008,0.5035033822059631,-0.045532066375017166,0.5289199352264404,0.5083160400390625,-0.044230539351701736,C
0.9009923934936523,0.7592290043830872,-1.9363650949344446e-07,0.8261587023735046,0.7500276565551758,-0.005368127021938562,0.7542839646339417,0.7061891555786133,-0.012729707174003124,0.700487494468689,0.6865214109420776,-0.026211095973849297,0.6587474942207336,0.6568996906280518,-0.038407400250434875,0.7801805734634399,0.5506500601768494,0.025640733540058136,0.7398290634155273,0.4734201431274414,0.003749079769477248,0.6998753547668457,0.45632776618003845,-0.020825225859880447,0.6643624305725098,0.46165958046913147,-0.03654802590608597,0.803367018699646,0.5353797674179077,0.010731072165071964,0.7565188407897949,0.4444253146648407,-0.01333360280841589,0.708638072013855,0.4320645332336426,-0.03770872578024864,0.6683311462402344,0.45330318808555603,-0.05116213485598564,0.8298512101173401,0.5286446213722229,-0.009568917565047741,0.7804449796676636,0.43820884823799133,-0.029319288209080696,0.7291474342346191,0.427990198135376,-0.04474325850605965,0.6881519556045532,0.4457082450389862,-0.05151361972093582,0.8579868078231812,0.5319989919662476,-0.03178185969591141,0.8056032061576843,0.4659664034843445,-0.047277726233005524,0.760458767414093,0.44769376516342163,-0.056162551045417786,0.7231348156929016,0.4491937756538391,-0.05984443053603172,C
0.8569190502166748,0.7671706080436707,-1.5034240163913637e-07,0.7795330286026001,0.7697643637657166,-0.009632488712668419,0.7015256285667419,0.7393534183502197,-0.017493469640612602,0.6475411653518677,0.7180804014205933,-0.02992609515786171,0.6026296615600586,0.6873270869255066,-0.04160444438457489,0.7073370814323425,0.5726006627082825,0.020234135910868645,0.6621949076652527,0.5031014680862427,-0.00039436088991351426,0.6278569102287292,0.48320549726486206,-0.025304527953267097,0.5929271578788757,0.48316508531570435,-0.04288185015320778,0.7335028052330017,0.5495583415031433,0.00792183168232441,0.6817668676376343,0.47121208906173706,-0.016719775274395943,0.6437618732452393,0.4556443691253662,-0.04398937523365021,0.6069657802581787,0.46902668476104736,-0.060626525431871414,0.7656354904174805,0.5350448489189148,-0.009417708031833172,0.711449921131134,0.45624232292175293,-0.030230779200792313,0.6688490509986877,0.4401310086250305,-0.04772552102804184,0.6288830041885376,0.4501281976699829,-0.057131510227918625,0.8054217100143433,0.5299537181854248,-0.02884642966091633,0.7535750269889832,0.4693114161491394,-0.0473504364490509,0.7104038000106812,0.44592922925949097,-0.05894247442483902,0.6697033047676086,0.43890613317489624,-0.06496221572160721,C
0.8775126934051514,0.767858624458313,-5.568412575485127e-07,0.7801398038864136,0.7425671815872192,0.030504310503602028,0.7143396735191345,0.6885576248168945,0.033305466175079346,0.6626291871070862,0.6687827110290527,0.02284039370715618,0.6191088557243347,0.6454352736473083,0.0120615903288126,0.7788273692131042,0.5163971781730652,0.05523558706045151,0.7058333158493042,0.46348726749420166,0.03869958594441414,0.6466819643974304,0.4632355570793152,0.0170713122934103,0.5994945168495178,0.48021185398101807,0.0031905437353998423,0.7957744002342224,0.5052006244659424,0.022127753123641014,0.7000978589057922,0.4394814074039459,0.010074479505419731,0.6354494094848633,0.4410092830657959,-0.007377846632152796,0.5931677222251892,0.4695039987564087,-0.020500056445598602,0.8008188009262085,0.5156040191650391,-0.014358077198266983,0.7087833881378174,0.44183844327926636,-0.025785386562347412,0.6400474309921265,0.44434797763824463,-0.035117343068122864,0.5925130248069763,0.46930986642837524,-0.04196541756391525,0.7903598546981812,0.544044554233551,-0.050007786601781845,0.7133118510246277,0.48547232151031494,-0.05997572839260101,0.6599701642990112,0.4736167788505554,-0.06446238607168198,0.6165476441383362,0.47824275493621826,-0.06760212779045105,C
0.8006848692893982,0.7820902466773987,-6.156878384899755e-07,0.6986842155456543,0.7574179172515869,0.03167710080742836,0.625443696975708,0.6950182318687439,0.03328536078333855,0.56600022315979,0.6684982180595398,0.021067051216959953,0.5168057680130005,0.6387301087379456,0.009198286570608616,0.7059759497642517,0.49452054500579834,0.056634582579135895,0.6265360713005066,0.42820000648498535,0.04185459762811661,0.5602086186408997,0.4241972267627716,0.02307361178100109,0.5087519884109497,0.44118592143058777,0.011745838448405266,0.7247025966644287,0.4814724028110504,0.022491591051220894,0.6186721324920654,0.4017648696899414,0.014975177124142647,0.5443455576896667,0.40408390760421753,0.0031080867629498243,0.4948042333126068,0.4356310963630676,-0.005939680151641369,0.727421760559082,0.49003544449806213,-0.015146924182772636,0.6224772930145264,0.40248894691467285,-0.024620573967695236,0.543973445892334,0.40832167863845825,-0.029037201777100563,0.49038270115852356,0.4390539526939392,-0.03197397291660309,0.7103809118270874,0.5165256261825562,-0.05191752687096596,0.6218820810317993,0.44094204902648926,-0.060934677720069885,0.5626715421676636,0.43130916357040405,-0.06147706136107445,0.516854465007782,0.44288164377212524,-0.060693152248859406,C
0.86820387840271,0.5640914440155029,-2.814305730680644e-07,0.7811465263366699,0.5543664693832397,0.017722975462675095,0.7110115885734558,0.5202887058258057,0.024754256010055542,0.6584024429321289,0.5010735988616943,0.018955372273921967,0.6173921823501587,0.4617483615875244,0.013221451081335545,0.7420892715454102,0.36026594042778015,0.07486450672149658,0.698481023311615,0.29148510098457336,0.06653031706809998,0.6579844951629639,0.2757917642593384,0.04523107782006264,0.6192740201950073,0.2797609269618988,0.029427040368318558,0.7610576748847961,0.3389381170272827,0.049177154898643494,0.7059068083763123,0.25639402866363525,0.036051008850336075,0.6566588282585144,0.24346493184566498,0.008197246119379997,0.6162934303283691,0.26708468794822693,-0.009810255840420723,0.7824180722236633,0.3248896896839142,0.018148917704820633,0.7252370119094849,0.23781253397464752,0.004725332371890545,0.6738939881324768,0.23039628565311432,-0.013711398467421532,0.6336050033569336,0.2542320191860199,-0.02362103760242462,0.8056564331054688,0.3196820020675659,-0.013545898720622063,0.7491885423660278,0.24991971254348755,-0.026806073263287544,0.6998392939567566,0.23594701290130615,-0.03627610206604004,0.6593768000602722,0.245494544506073,-0.04095917567610741,C
0.509716808795929,0.46490058302879333,-4.72386204819486e-07,0.42290765047073364,0.48951613903045654,0.10876522958278656,0.3677094876766205,0.46338117122650146,0.1715116947889328,0.3215389847755432,0.44649064540863037,0.20398250222206116,0.2737908959388733,0.41381919384002686,0.23281392455101013,0.4044939875602722,0.2882436215877533,0.22753992676734924,0.34720346331596375,0.24008165299892426,0.28197193145751953,0.30163437128067017,0.233893483877182,0.29444295167922974,0.2658913731575012,0.23748193681240082,0.2961518168449402,0.41105636954307556,0.25018519163131714,0.17028667032718658,0.3372271955013275,0.20015336573123932,0.22620512545108795,0.27759841084480286,0.204356849193573,0.22052040696144104,0.23854167759418488,0.22490495443344116,0.2084108591079712,0.4099705219268799,0.22493663430213928,0.11065994948148727,0.33334600925445557,0.17493928968906403,0.15399402379989624,0.2731932997703552,0.18851643800735474,0.15254735946655273,0.23087500035762787,0.21187427639961243,0.14282460510730743,0.39635103940963745,0.20957618951797485,0.05580694228410721,0.324144572019577,0.17296937108039856,0.08360284566879272,0.2737516462802887,0.18256719410419464,0.09168364852666855,0.23368804156780243,0.19726455211639404,0.09271542727947235,C
0.5079094171524048,0.7650026082992554,-6.723399792463169e-07,0.4134870171546936,0.7650715112686157,0.10282734036445618,0.356133371591568,0.721741795539856,0.15199287235736847,0.3086339235305786,0.6962563395500183,0.17180946469306946,0.258780837059021,0.6696388721466064,0.18740001320838928,0.4087052345275879,0.5384269952774048,0.18244332075119019,0.33654242753982544,0.49385347962379456,0.21419990062713623,0.2809797525405884,0.496380090713501,0.21846000850200653,0.24081814289093018,0.5087815523147583,0.21724215149879456,0.4199836850166321,0.5102855563163757,0.1201576218008995,0.3271033465862274,0.45673102140426636,0.15360604226589203,0.2603255808353424,0.46332716941833496,0.15003861486911774,0.21638092398643494,0.49154117703437805,0.14270958304405212,0.41865646839141846,0.5035266876220703,0.05634835734963417,0.3222440481185913,0.4462559223175049,0.0766557827591896,0.2539692223072052,0.4582950472831726,0.0790380910038948,0.20455731451511383,0.48654115200042725,0.07611086964607239,0.39903485774993896,0.5120558738708496,-0.0022786434274166822,0.3129991292953491,0.46172428131103516,0.007112153340131044,0.2606998383998871,0.46725696325302124,0.014767582528293133,0.21933847665786743,0.4838715195655823,0.01875634305179119,C
0.3580138087272644,0.9104169011116028,-5.630759005725849e-07,0.2617577910423279,0.9142493009567261,0.09343117475509644,0.19702564179897308,0.8680439591407776,0.14229930937290192,0.14663130044937134,0.8519837260246277,0.16366279125213623,0.09821461141109467,0.822487473487854,0.1820497065782547,0.2513408958911896,0.6788228154182434,0.1865355372428894,0.1874614655971527,0.619960367679596,0.2276982069015503,0.13531489670276642,0.6146841645240784,0.23810577392578125,0.09274930506944656,0.6189892888069153,0.2397371083498001,0.26484987139701843,0.6469712257385254,0.1299334615468979,0.17890383303165436,0.5865075588226318,0.17277754843235016,0.11236737668514252,0.5887293219566345,0.17113034427165985,0.0666201263666153,0.6144089102745056,0.16371257603168488,0.2660887539386749,0.6342595815658569,0.07079867273569107,0.17106086015701294,0.5702996253967285,0.09849461168050766,0.10191360861063004,0.5838838815689087,0.0985783264040947,0.05078577995300293,0.6124402284622192,0.09260403364896774,0.24871884286403656,0.6335309147834778,0.015959005802869797,0.15824206173419952,0.5806240439414978,0.029796753078699112,0.10377153009176254,0.5921832323074341,0.037029363214969635,0.06179662048816681,0.6182755827903748,0.03977067768573761,C
0.388650119304657,0.474528968334198,-6.280005209191586e-07,0.3017861247062683,0.4890232980251312,0.1240302175283432,0.2474217265844345,0.4506325423717499,0.19531677663326263,0.20326341688632965,0.4258633852005005,0.2351696640253067,0.15780943632125854,0.39280635118484497,0.27204883098602295,0.2958526313304901,0.26876315474510193,0.2326200008392334,0.2358335554599762,0.21770033240318298,0.2907516062259674,0.18839150667190552,0.20835624635219574,0.3124653100967407,0.15306776762008667,0.20780052244663239,0.3222072422504425,0.3030243217945099,0.2306276261806488,0.17115743458271027,0.22181318700313568,0.17247392237186432,0.23205667734146118,0.1587001234292984,0.17444565892219543,0.2420261651277542,0.11643190681934357,0.19096079468727112,0.2435992956161499,0.2995235025882721,0.20918521285057068,0.10844556242227554,0.213243305683136,0.1491934210062027,0.15253783762454987,0.1484522670507431,0.16110078990459442,0.16504010558128357,0.10302092134952545,0.1826009750366211,0.16774359345436096,0.27779310941696167,0.19682210683822632,0.05206307768821716,0.1966455578804016,0.15488523244857788,0.07816921174526215,0.14623579382896423,0.16714757680892944,0.09261089563369751,0.10785704851150513,0.182653546333313,0.10168302059173584,C
0.5608582496643066,0.7430081367492676,-6.995171588641824e-07,0.44866663217544556,0.7380646467208862,0.07675176858901978,0.38112872838974,0.6906572580337524,0.10493995249271393,0.32799145579338074,0.6712561845779419,0.10874279588460922,0.2726917266845703,0.6469627022743225,0.10963472723960876,0.44023245573043823,0.4686070680618286,0.13223125040531158,0.35240671038627625,0.41793739795684814,0.14171572029590607,0.28492385149002075,0.4252760708332062,0.13428784906864166,0.2353975772857666,0.4457266330718994,0.12781478464603424,0.4519820809364319,0.4499596357345581,0.07770951092243195,0.3407791554927826,0.3850930631160736,0.09241526573896408,0.26501697301864624,0.3973924517631531,0.08569538593292236,0.2179057002067566,0.43456366658210754,0.07799980044364929,0.4485921263694763,0.45977461338043213,0.020641325041651726,0.3351905047893524,0.38948318362236023,0.028285954147577286,0.2578957676887512,0.40560251474380493,0.02838100679218769,0.20443911850452423,0.43887847661972046,0.024962499737739563,0.4269970655441284,0.4916117489337921,-0.033007144927978516,0.3283877372741699,0.43205684423446655,-0.03208950161933899,0.26826536655426025,0.4341088831424713,-0.028220975771546364,0.22079351544380188,0.4490726590156555,-0.026304880157113075,C
0.8263819217681885,0.6713744401931763,-3.345485311001539e-07,0.7469396591186523,0.6672884225845337,0.010006769560277462,0.6766713857650757,0.6291826367378235,0.011956164613366127,0.6285436749458313,0.6108779311180115,0.003416777355596423,0.5962551832199097,0.5743266344070435,-0.004302890505641699,0.7094153165817261,0.46479594707489014,0.0519271083176136,0.6647850871086121,0.40206682682037354,0.03803679347038269,0.620771050453186,0.3931545615196228,0.01728285476565361,0.5844884514808655,0.4035005569458008,0.0028470854740589857,0.7287449240684509,0.4450322985649109,0.02904336340725422,0.6710604429244995,0.3670884370803833,0.01274602860212326,0.6180610656738281,0.36113595962524414,-0.009627018123865128,0.5784651637077332,0.388134241104126,-0.02317636087536812,0.7496922612190247,0.4359225928783417,0.0008046309230849147,0.6870079636573792,0.3572692275047302,-0.016251910477876663,0.6314069628715515,0.3590129315853119,-0.030905848369002342,0.5916914939880371,0.386108934879303,-0.03769778087735176,0.7673048377037048,0.4400991201400757,-0.028513990342617035,0.7046223878860474,0.3816511631011963,-0.04501675069332123,0.6539530158042908,0.3745459020137787,-0.05420132353901863,0.6145399808883667,0.386928915977478,-0.058205973356962204,C
0.8851824402809143,0.5162738561630249,-1.4437600270866824e-07,0.8125529885292053,0.5194566249847412,-0.007628818042576313,0.7465783357620239,0.4931657612323761,-0.014173824340105057,0.6980347633361816,0.4741719961166382,-0.025881582871079445,0.6682510375976562,0.43377256393432617,-0.036307934671640396,0.7656407952308655,0.3432266414165497,0.025743503123521805,0.7288684844970703,0.27831342816352844,0.006797734647989273,0.6962698101997375,0.26132768392562866,-0.01633559726178646,0.664905846118927,0.2639712989330292,-0.03170925751328468,0.7864809036254883,0.3253346085548401,0.014618923887610435,0.744815468788147,0.2527858316898346,-0.006352233234792948,0.7064749598503113,0.23920036852359772,-0.03006831929087639,0.6710559725761414,0.2542629837989807,-0.04392135515809059,0.8105630874633789,0.3128981590270996,-0.001806041575036943,0.7661937475204468,0.2397998571395874,-0.02020835317671299,0.7254360318183899,0.22714528441429138,-0.035675421357154846,0.6891008615493774,0.23982366919517517,-0.04281334578990936,0.8377975821495056,0.3077356517314911,-0.020230412483215332,0.7928119897842407,0.2506410479545593,-0.03600357845425606,0.7547616958618164,0.23394599556922913,-0.04504088684916496,0.7208792567253113,0.2353292852640152,-0.04871344193816185,C
0.9034228324890137,0.5073912739753723,-5.767170705439639e-07,0.8117769956588745,0.49831563234329224,0.09114518761634827,0.7537810802459717,0.4618472158908844,0.12994235754013062,0.7093192338943481,0.445613294839859,0.14247028529644012,0.6685311794281006,0.41741180419921875,0.15150263905525208,0.8066758513450623,0.29898107051849365,0.15123282372951508,0.7475156784057617,0.2459305226802826,0.1713835746049881,0.6982502937316895,0.24695774912834167,0.17165595293045044,0.6607052087783813,0.2635265588760376,0.16990743577480316,0.8185957670211792,0.2821795642375946,0.0947103276848793,0.7397027611732483,0.21858227252960205,0.11634022742509842,0.6817417144775391,0.22782938182353973,0.11186782270669937,0.6452074646949768,0.2573162317276001,0.10653018951416016,0.8199877738952637,0.2820935845375061,0.03718430921435356,0.7372667193412781,0.21664239466190338,0.05062833055853844,0.6787871718406677,0.22825756669044495,0.05371953919529915,0.6379159688949585,0.25468724966049194,0.05335363745689392,0.8076689839363098,0.29479095339775085,-0.01551761757582426,0.7328221797943115,0.24326953291893005,-0.010725293308496475,0.6847147941589355,0.24484175443649292,-0.004958632402122021,0.6475343704223633,0.25620463490486145,-0.0010721655562520027,C
0.897968590259552,0.40803319215774536,-2.682691331301612e-07,0.8250520825386047,0.4103204607963562,0.041398871690034866,0.7694247364997864,0.3863855004310608,0.06325698643922806,0.7267321944236755,0.3720437288284302,0.06836122274398804,0.6956651210784912,0.33800649642944336,0.0718541145324707,0.7994107007980347,0.24642686545848846,0.11067556589841843,0.7590527534484863,0.19388209283351898,0.12522810697555542,0.7222163677215576,0.18541795015335083,0.11907779425382614,0.6906282901763916,0.19174903631210327,0.11135700345039368,0.8137829899787903,0.22700172662734985,0.0782182440161705,0.7617945671081543,0.16621018946170807,0.08909021317958832,0.7162162065505981,0.16054779291152954,0.072310671210289,0.6833022236824036,0.18208865821361542,0.058463871479034424,0.8280855417251587,0.21482272446155548,0.04178570955991745,0.7709522247314453,0.15160758793354034,0.04515131935477257,0.7243452072143555,0.15386123955249786,0.03257680684328079,0.6901916265487671,0.17730078101158142,0.023074394091963768,0.8386523723602295,0.2113841027021408,0.006429828237742186,0.7809038162231445,0.16274185478687286,0.002982018981128931,0.7368027567863464,0.16127623617649078,-0.0030450213234871626,0.7029717564582825,0.17474493384361267,-0.00768310995772481,C
0.7956014275550842,0.7777224779129028,-1.616328688669455e-07,0.7199432253837585,0.7847588062286377,0.0035723622422665358,0.6459320187568665,0.7518981695175171,0.006737909745424986,0.5942786335945129,0.7303010821342468,0.0018405704759061337,0.5572593212127686,0.6930021643638611,-0.0014624397736042738,0.6694658398628235,0.5894215106964111,0.053753070533275604,0.6287928819656372,0.5265254974365234,0.047246336936950684,0.5904998183250427,0.5117142200469971,0.03035549819469452,0.552639901638031,0.5142121315002441,0.017442205920815468,0.6895877718925476,0.5690577626228333,0.037028491497039795,0.6384185552597046,0.5009719133377075,0.028625810518860817,0.592030942440033,0.4855581521987915,0.009060000069439411,0.5519099831581116,0.4986000657081604,-0.003941486123949289,0.7113832235336304,0.5554263591766357,0.014659096486866474,0.655813455581665,0.4866980016231537,0.0037958649918437004,0.6069788932800293,0.47354453802108765,-0.009294364601373672,0.5652259588241577,0.4849567413330078,-0.01605461910367012,0.7342658638954163,0.5497643947601318,-0.009494832716882229,0.6784456968307495,0.49137288331985474,-0.02135113626718521,0.6331514716148376,0.4740680754184723,-0.028608281165361404,0.5939904451370239,0.47491949796676636,-0.03179185464978218,C
0.8013334274291992,0.8430860638618469,-2.4894777084227826e-07,0.7256523370742798,0.8454515933990479,0.003943020943552256,0.6415774822235107,0.8063777089118958,0.0024385966826230288,0.5805957913398743,0.7977811098098755,-0.007966266013681889,0.53279709815979,0.7972642779350281,-0.017301365733146667,0.6582759022712708,0.6347792744636536,0.04353941231966019,0.6070381999015808,0.5704799294471741,0.02897883579134941,0.5607788562774658,0.561369776725769,0.00921656284481287,0.521801233291626,0.5721377730369568,-0.0051454887725412846,0.6777603626251221,0.6178156137466431,0.02262309566140175,0.6161272525787354,0.5396096110343933,0.004402726422995329,0.5601682662963867,0.5369454026222229,-0.016308555379509926,0.5169826745986938,0.5648674964904785,-0.0284451674669981,0.6991458535194397,0.6114835739135742,-0.004024010617285967,0.632910430431366,0.5348666906356812,-0.02195257693529129,0.573907732963562,0.5369125008583069,-0.03623194620013237,0.5296999216079712,0.56305992603302,-0.04274729639291763,0.7174062132835388,0.617232084274292,-0.03224176913499832,0.6503699421882629,0.5628896951675415,-0.04691433534026146,0.5983046889305115,0.5538255572319031,-0.05589931085705757,0.556376576423645,0.5620774030685425,-0.060513369739055634,C
0.8886808156967163,0.8965749144554138,-1.9896879166481085e-07,0.8163033723831177,0.8885273337364197,0.000355812517227605,0.746766209602356,0.8477799296379089,-0.0038629374466836452,0.6952838897705078,0.8344112038612366,-0.01520970556885004,0.6517060995101929,0.8175334334373474,-0.02546066790819168,0.7666767835617065,0.7009175419807434,0.031138930469751358,0.7221877574920654,0.6325824856758118,0.010939369909465313,0.6816396713256836,0.6208287477493286,-0.01141669973731041,0.6489688158035278,0.6307374835014343,-0.025520941242575645,0.7865245938301086,0.6859133839607239,0.014089404605329037,0.7355280518531799,0.605076253414154,-0.0075154984369874,0.6871142387390137,0.5995040535926819,-0.02926171012222767,0.6505883932113647,0.6238110065460205,-0.041115935891866684,0.8091549873352051,0.6809774041175842,-0.008149581961333752,0.7558315992355347,0.6030409336090088,-0.026298021897673607,0.7024257779121399,0.6008949279785156,-0.04052671417593956,0.6625529527664185,0.6224347352981567,-0.046936191618442535,0.8315157890319824,0.6883556842803955,-0.031900517642498016,0.7797854542732239,0.6346173882484436,-0.04545782878994942,0.7355313897132874,0.62434321641922,-0.05353422835469246,0.6997740268707275,0.6298474669456482,-0.057258717715740204,C
0.7492152452468872,0.9163511395454407,-3.325260422570864e-07,0.6664310097694397,0.9074524641036987,0.0153013551607728,0.5943089723587036,0.8626758456230164,0.01621958054602146,0.5402039289474487,0.848321795463562,0.005680982954800129,0.49423733353614807,0.8415786027908325,-0.0038090741727501154,0.6275421977043152,0.6940832734107971,0.0535082072019577,0.5756595134735107,0.6334917545318604,0.039642468094825745,0.5264140367507935,0.6288991570472717,0.021398181095719337,0.487704336643219,0.642099916934967,0.009175089187920094,0.6446120738983154,0.6769204139709473,0.02715509757399559,0.5743939280509949,0.6010366082191467,0.013039999641478062,0.5147593021392822,0.6033896803855896,-0.002795505803078413,0.4734841585159302,0.6329569816589355,-0.011586343869566917,0.6589013338088989,0.6767361164093018,-0.004533871077001095,0.584013819694519,0.6068102717399597,-0.019002310931682587,0.5186125040054321,0.6125690937042236,-0.028159331530332565,0.4734097719192505,0.6403651833534241,-0.03163263946771622,0.6640366911888123,0.6945472359657288,-0.0372026264667511,0.5976918339729309,0.6406140327453613,-0.04821104556322098,0.5461004972457886,0.6336544752120972,-0.05276059731841087,0.5057063102722168,0.6445470452308655,-0.05438388139009476,C
0.7813222408294678,0.6403369903564453,-1.438120875718596e-07,0.6997244358062744,0.6431717872619629,0.01307034119963646,0.6273811459541321,0.6119124889373779,0.018218958750367165,0.5749021172523499,0.5962727665901184,0.01213969849050045,0.5239997506141663,0.5771117806434631,0.005672993138432503,0.646117627620697,0.45948538184165955,0.06426699459552765,0.599682092666626,0.40172335505485535,0.059298075735569,0.5614405274391174,0.3837204575538635,0.042712822556495667,0.523659348487854,0.3826010227203369,0.028662284836173058,0.6654412746429443,0.4371722340583801,0.03957001492381096,0.6114595532417297,0.3720041513442993,0.030111031606793404,0.5645025968551636,0.3569350242614746,0.00831615086644888,0.5222223997116089,0.36976656317710876,-0.0071373386308550835,0.6871205568313599,0.4236786961555481,0.009408896788954735,0.6312084197998047,0.3554385006427765,-0.0038180688861757517,0.5828303098678589,0.344468355178833,-0.019006045535206795,0.5397919416427612,0.35622847080230713,-0.028024524450302124,0.7085832357406616,0.42000746726989746,-0.021804204210639,0.6528962850570679,0.3653693199157715,-0.035502705723047256,0.6073348522186279,0.3491496443748474,-0.0443885363638401,0.565889835357666,0.3477981686592102,-0.049810804426670074,C
0.796175479888916,0.48998913168907166,-1.2633189783173293e-07,0.7256630659103394,0.5044777393341064,0.00203647930175066,0.6595577597618103,0.4847877621650696,0.002601510612294078,0.6112282276153564,0.46983420848846436,-0.003906096564605832,0.5698111057281494,0.44383853673934937,-0.010276042856276035,0.6710896492004395,0.34094274044036865,0.038899365812540054,0.6302005052566528,0.2860944867134094,0.02980426512658596,0.5970379114151001,0.2690631151199341,0.013239258900284767,0.5646796226501465,0.2675541341304779,0.00033422678825445473,0.688864529132843,0.3189343810081482,0.023211035877466202,0.6413201689720154,0.25749391317367554,0.010400686413049698,0.6011356711387634,0.24408140778541565,-0.009754044935107231,0.5651466250419617,0.2551465928554535,-0.02323032170534134,0.7096304297447205,0.30341869592666626,0.0029192082583904266,0.6584096550941467,0.23941351473331451,-0.011060993187129498,0.6171351075172424,0.22976309061050415,-0.025412272661924362,0.5814087390899658,0.24205289781093597,-0.033542998135089874,0.7326456308364868,0.2945139408111572,-0.018668130040168762,0.6811720728874207,0.24587610363960266,-0.033103689551353455,0.6414502859115601,0.23358669877052307,-0.042142461985349655,0.6068510413169861,0.23593342304229736,-0.047054897993803024,C
0.8918430805206299,0.6427479982376099,-1.957792932216762e-07,0.8127031326293945,0.6310893297195435,0.007122144568711519,0.7460247874259949,0.5907439589500427,0.0050702886655926704,0.6945972442626953,0.5750962495803833,-0.006850715726613998,0.6474961638450623,0.5476399660110474,-0.018335020169615746,0.7701977491378784,0.4395718574523926,0.04764861240983009,0.7259122729301453,0.375121533870697,0.03316880762577057,0.6866493821144104,0.36032092571258545,0.011830856092274189,0.6506872177124023,0.36348992586135864,-0.0034983179066330194,0.7916372418403625,0.4238390028476715,0.024712687358260155,0.7382198572158813,0.34726062417030334,0.006526548881083727,0.6895939111709595,0.3360431492328644,-0.018002931028604507,0.6485702991485596,0.355204701423645,-0.03337543085217476,0.8153055906295776,0.4178033173084259,-0.0035606420133262873,0.7598515152931213,0.3399231731891632,-0.021645700559020042,0.7072560787200928,0.33212316036224365,-0.038057561963796616,0.6654422283172607,0.3494906425476074,-0.04643499106168747,0.8379660844802856,0.42236387729644775,-0.0330064631998539,0.7819734215736389,0.36305421590805054,-0.04895981028676033,0.7348998785018921,0.3481352925300598,-0.05860356241464615,0.6959848999977112,0.3517155647277832,-0.06353242695331573,C
0.905439019203186,0.9125723838806152,-2.2798046472871647e-07,0.8321073651313782,0.8977085947990417,0.001736926380544901,0.7644851207733154,0.8519203662872314,-0.002783461706712842,0.7145242094993591,0.8337734937667847,-0.014728119596838951,0.6721660494804382,0.811750054359436,-0.02553604729473591,0.7920240163803101,0.710557222366333,0.030321994796395302,0.7501851916313171,0.6430928707122803,0.009540682658553123,0.709109365940094,0.630424976348877,-0.012922795489430428,0.6746737360954285,0.6387398838996887,-0.02750515751540661,0.8136699199676514,0.6964938044548035,0.011987047269940376,0.7649999856948853,0.6143666505813599,-0.010051860474050045,0.7144976854324341,0.6090009212493896,-0.03062194027006626,0.6757439970970154,0.6324256658554077,-0.0420665368437767,0.8365996479988098,0.6957696676254272,-0.011554984375834465,0.784224808216095,0.6168526411056519,-0.030678212642669678,0.7271668910980225,0.6163108348846436,-0.04418611899018288,0.6847810745239258,0.6382797956466675,-0.050499431788921356,0.8562975525856018,0.7101693153381348,-0.03650345280766487,0.804532527923584,0.6584867835044861,-0.05140652135014534,0.757718026638031,0.6513556241989136,-0.059761691838502884,0.7200714945793152,0.6590659022331238,-0.06396407634019852,C
0.7076730132102966,0.8585343360900879,-3.882821317802154e-07,0.6263246536254883,0.8539743423461914,0.020271193236112595,0.561491847038269,0.8208499550819397,0.023322829976677895,0.5122714042663574,0.8136789202690125,0.014539224095642567,0.4714093804359436,0.793009340763092,0.006745864171534777,0.6015856266021729,0.6436132192611694,0.05961073562502861,0.5459728837013245,0.5897103548049927,0.04971708729863167,0.49582037329673767,0.5892856121063232,0.03276840224862099,0.45446550846099854,0.6025927066802979,0.020866304636001587,0.6177250742912292,0.6277039647102356,0.032480496913194656,0.5435945987701416,0.5665214657783508,0.0232127346098423,0.4851612448692322,0.5697678327560425,0.005360283423215151,0.4437759518623352,0.59746253490448,-0.006788190454244614,0.6277498006820679,0.6270114183425903,0.0008878076332621276,0.5501254200935364,0.5651565194129944,-0.010480127297341824,0.48699259757995605,0.5707613825798035,-0.021771347150206566,0.4417628049850464,0.5983150601387024,-0.027891213074326515,0.6265314817428589,0.6421954035758972,-0.03092450462281704,0.5547456741333008,0.5952141880989075,-0.042029544711112976,0.5027046203613281,0.5885956287384033,-0.0474683903157711,0.4616650342941284,0.598981499671936,-0.0496041439473629,C
0.7386682033538818,0.46127596497535706,-1.6395870261476375e-07,0.6573351621627808,0.472781240940094,0.02729007601737976,0.5918390154838562,0.4492201507091522,0.044967520982027054,0.5423375368118286,0.4298066198825836,0.049042388796806335,0.4961784780025482,0.4075116515159607,0.05169261246919632,0.6137869954109192,0.30006280541419983,0.0944313257932663,0.5681204795837402,0.2482980191707611,0.10536167025566101,0.5306254029273987,0.22945207357406616,0.09654761105775833,0.49503183364868164,0.2227630317211151,0.08569302409887314,0.628421425819397,0.27373284101486206,0.06802571564912796,0.5728462934494019,0.21748745441436768,0.07478919625282288,0.5271399617195129,0.1995847076177597,0.05679292604327202,0.48881828784942627,0.20381055772304535,0.04115595296025276,0.6459082365036011,0.2540273666381836,0.036831460893154144,0.5874582529067993,0.19383372366428375,0.03697745129466057,0.541947603225708,0.18154045939445496,0.02309705875813961,0.5023484826087952,0.18925423920154572,0.011946752667427063,0.6659741401672363,0.23986011743545532,0.005439718719571829,0.6091173887252808,0.1903364211320877,-0.0005724863731302321,0.5652615427970886,0.17975324392318726,-0.007663265336304903,0.5259654521942139,0.18169578909873962,-0.013438895344734192,C
0.7721794247627258,0.8962159156799316,-4.070570582825894e-07,0.6795477867126465,0.8787894248962402,0.022420033812522888,0.6094744801521301,0.8337923884391785,0.021510189399123192,0.5536117553710938,0.8214096426963806,0.00900567602366209,0.5075092315673828,0.8122092485427856,-0.003007501596584916,0.6640059947967529,0.6533016562461853,0.05078742280602455,0.5940284132957458,0.5987452864646912,0.037443067878484726,0.5369024276733398,0.601662814617157,0.018295198678970337,0.4878949522972107,0.6193564534187317,0.005639192182570696,0.6799784898757935,0.6415289044380188,0.022786226123571396,0.5854633450508118,0.5788859128952026,0.012997190468013287,0.5206888318061829,0.5856580138206482,-0.003126808675006032,0.4780789017677307,0.6191712021827698,-0.014674365520477295,0.6854996681213379,0.6511488556861877,-0.008646619506180286,0.5934653282165527,0.5859659314155579,-0.016326969489455223,0.523743748664856,0.5928655862808228,-0.023996394127607346,0.47566553950309753,0.6224234104156494,-0.029320470988750458,0.6773679852485657,0.6785959005355835,-0.03998970240354538,0.6013337969779968,0.624317467212677,-0.04462682083249092,0.5494002103805542,0.6192459464073181,-0.04528716579079628,0.5089480876922607,0.6314663887023926,-0.04544050991535187,C
0.854607105255127,0.7011579275131226,-1.8235174081837613e-07,0.7815074920654297,0.7012714147567749,-0.0022717479150742292,0.7146022319793701,0.663637638092041,-0.0059714242815971375,0.6650639176368713,0.6443588137626648,-0.01607069931924343,0.6260705590248108,0.616772472858429,-0.025308338925242424,0.7376365661621094,0.515465259552002,0.029775671660900116,0.6979247331619263,0.4484310746192932,0.012544696219265461,0.6598033308982849,0.4331696033477783,-0.008675726130604744,0.6264357566833496,0.4379810690879822,-0.022730810567736626,0.7585943937301636,0.4989989399909973,0.015263132750988007,0.7117747664451599,0.4204639792442322,-0.0032893596217036247,0.6659126281738281,0.4105348587036133,-0.024289458990097046,0.6289430856704712,0.43074721097946167,-0.036497440189123154,0.7826927304267883,0.49091261625289917,-0.004328582901507616,0.7344092130661011,0.41024211049079895,-0.0210752971470356,0.6850491166114807,0.40427166223526,-0.034720662981271744,0.6469458341598511,0.4235931634902954,-0.04095543920993805,0.8073318004608154,0.49248799681663513,-0.02561531960964203,0.7595818042755127,0.4308208227157593,-0.03998078405857086,0.7173812985420227,0.41866278648376465,-0.047904811799526215,0.6833154559135437,0.42591559886932373,-0.05118377506732941,C
0.8026224970817566,0.926123857498169,-3.7740900893368234e-07,0.7145465016365051,0.9123992919921875,0.013580668717622757,0.6422606110572815,0.8650374412536621,0.01269556488841772,0.5871179103851318,0.8419119119644165,0.0017774681327864528,0.5499228239059448,0.8083031177520752,-0.006876916624605656,0.6913511753082275,0.6975153088569641,0.04759957268834114,0.6345934867858887,0.6389945149421692,0.03202560544013977,0.5810093283653259,0.63742595911026,0.0128006087616086,0.537706732749939,0.6522966027259827,0.0006430466310121119,0.707419216632843,0.685201108455658,0.02400919422507286,0.6305722594261169,0.6159523129463196,0.01045558974146843,0.5690732002258301,0.6205206513404846,-0.005035808775573969,0.5297694802284241,0.6520546674728394,-0.013893087394535542,0.7172935605049133,0.6898530721664429,-0.004438298288732767,0.6386691927909851,0.6211506128311157,-0.017488015815615654,0.5725935697555542,0.6265407204627991,-0.02456977404654026,0.530086100101471,0.656561553478241,-0.026613594964146614,0.716383695602417,0.711439311504364,-0.03369700163602829,0.6507806181907654,0.6518570184707642,-0.04353221878409386,0.6005396842956543,0.6445477604866028,-0.0457809716463089,0.5641025304794312,0.6587029099464417,-0.04490159824490547,C
0.8829463720321655,0.8903971910476685,-2.0678895396031294e-07,0.8130622506141663,0.8750040531158447,-0.001748217735439539,0.7508159875869751,0.8336255550384521,-0.009529541246592999,0.7023541331291199,0.8160548210144043,-0.024122005328536034,0.66157466173172,0.7911352515220642,-0.03753182291984558,0.7754970192909241,0.6899258494377136,0.02482222020626068,0.7370709180831909,0.6169410943984985,0.0009213637094944715,0.6975124478340149,0.6029651165008545,-0.02355058863759041,0.6656717658042908,0.6122462749481201,-0.03865550085902214,0.7960259914398193,0.6765435934066772,0.008268844336271286,0.7514955997467041,0.588359534740448,-0.017725108191370964,0.7038038372993469,0.5826764106750488,-0.040602732449769974,0.667615532875061,0.6099458932876587,-0.052460093051195145,0.8187160491943359,0.673453152179718,-0.013447714038193226,0.7726225256919861,0.5892711877822876,-0.03425220400094986,0.7200977206230164,0.5872199535369873,-0.048770856112241745,0.6803838014602661,0.6107192039489746,-0.05503245070576668,0.8415768146514893,0.6826579570770264,-0.036754533648490906,0.7948869466781616,0.6294670104980469,-0.05215492844581604,0.7512186765670776,0.6187223792076111,-0.06124131754040718,0.7151451706886292,0.623195230960846,-0.06547556072473526,C
0.9184151887893677,0.5917068719863892,-4.024295776616782e-07,0.8271758556365967,0.5708406567573547,0.05682844668626785,0.7627423405647278,0.5264512300491333,0.07860725373029709,0.7148866057395935,0.5107413530349731,0.07939572632312775,0.6690351963043213,0.48692017793655396,0.07803259044885635,0.8064663410186768,0.3758138418197632,0.11495881527662277,0.7536227107048035,0.31391939520835876,0.11921948939561844,0.707186222076416,0.3077182173728943,0.10738684237003326,0.6673999428749084,0.31663015484809875,0.09682560712099075,0.8243101239204407,0.35885101556777954,0.06860135495662689,0.7554628849029541,0.2880849838256836,0.07011883705854416,0.6985286474227905,0.28455978631973267,0.05157804116606712,0.6585789322853088,0.3098505735397339,0.037169069051742554,0.8366258144378662,0.35671284794807434,0.018689069896936417,0.7636243104934692,0.28608381748199463,0.015075870789587498,0.7034711837768555,0.28879988193511963,0.005347206257283688,0.6608512997627258,0.3135422170162201,-0.001785731757991016,0.8398719429969788,0.36763960123062134,-0.02906424179673195,0.7703966498374939,0.3142961859703064,-0.034760572016239166,0.7202662229537964,0.30800461769104004,-0.03724951669573784,0.6812950968742371,0.3149682879447937,-0.03937314823269844,C
0.9041393399238586,0.40682223439216614,-1.9696165054483572e-07,0.8274204730987549,0.40347519516944885,0.016641691327095032,0.7658583521842957,0.3731887936592102,0.025490369647741318,0.7196468710899353,0.3553427755832672,0.023208973929286003,0.6767401695251465,0.3294745981693268,0.020610686391592026,0.792812168598175,0.23125049471855164,0.07102595269680023,0.751012921333313,0.17537792026996613,0.07061386853456497,0.7151467204093933,0.15901720523834229,0.056155066937208176,0.678661584854126,0.15633544325828552,0.043432172387838364,0.8100207448005676,0.21197274327278137,0.04839249700307846,0.7600714564323425,0.14984814822673798,0.04400316998362541,0.7174028158187866,0.1331804245710373,0.022799180820584297,0.6789646148681641,0.1415550708770752,0.007085931021720171,0.8288611769676208,0.19833457469940186,0.02096189185976982,0.777068018913269,0.1324613243341446,0.0130575867369771,0.7329710721969604,0.11882632970809937,-0.0019485378870740533,0.6925292611122131,0.12666156888008118,-0.011676700785756111,0.8488912582397461,0.19077113270759583,-0.007106467615813017,0.7966511845588684,0.1363258808851242,-0.017344214022159576,0.7543089389801025,0.12149298191070557,-0.02523800916969776,0.7158271670341492,0.12082506716251373,-0.03023642674088478,C
0.7401968240737915,0.6211978197097778,-3.1910732900541916e-07,0.6540678143501282,0.6204274892807007,0.06603491306304932,0.5938076972961426,0.5905249714851379,0.09474948048591614,0.5470295548439026,0.5794851183891296,0.10011756420135498,0.5004581809043884,0.5622674226760864,0.10211703926324844,0.6179245710372925,0.440708726644516,0.13736464083194733,0.5672409534454346,0.3900909423828125,0.15605765581130981,0.5258909463882446,0.3833778202533722,0.15209567546844482,0.4896372854709625,0.3907207250595093,0.14458711445331573,0.632231593132019,0.41916000843048096,0.08763951063156128,0.568208634853363,0.36202603578567505,0.10207131505012512,0.5145341753959656,0.3577123284339905,0.08709757030010223,0.4758169651031494,0.3806651532649994,0.07303587347269058,0.6434305310249329,0.41076213121414185,0.034676410257816315,0.5750696659088135,0.35216349363327026,0.039633750915527344,0.5196978449821472,0.3546041250228882,0.030534587800502777,0.4784262180328369,0.37876731157302856,0.021845029667019844,0.6475561261177063,0.41423994302749634,-0.015821533277630806,0.5806534290313721,0.3668844997882843,-0.018175238743424416,0.5310306549072266,0.36567574739456177,-0.021167075261473656,0.49082422256469727,0.378256618976593,-0.02497231587767601,C
0.6713091135025024,0.8770751953125,-4.299613465263974e-07,0.5780614018440247,0.8613558411598206,0.023389283567667007,0.5120503902435303,0.820095419883728,0.021692544221878052,0.45712631940841675,0.8010650277137756,0.00828627124428749,0.40707919001579285,0.7818774580955505,-0.004771011881530285,0.5649044513702393,0.6327390670776367,0.05016125738620758,0.49415603280067444,0.5797172784805298,0.036029916256666183,0.436480313539505,0.5819099545478821,0.017324818298220634,0.3891785442829132,0.5986912250518799,0.005538845434784889,0.5808225274085999,0.6204695701599121,0.02186962217092514,0.4863128960132599,0.5574026107788086,0.012798350304365158,0.42235326766967773,0.5643730759620667,-0.0009278155630454421,0.37973493337631226,0.5951414108276367,-0.01050543412566185,0.5850386619567871,0.6304292678833008,-0.009836563840508461,0.49276888370513916,0.562682032585144,-0.018052518367767334,0.42604392766952515,0.5690466165542603,-0.022508082911372185,0.37957650423049927,0.5971345901489258,-0.025283602997660637,0.5755353569984436,0.6585620045661926,-0.04131375625729561,0.49871018528938293,0.6017524600028992,-0.04709402099251747,0.45005548000335693,0.5965407490730286,-0.04569483920931816,0.4124288558959961,0.6091787219047546,-0.043537892401218414,C
0.48102009296417236,0.5729864835739136,-4.271732336746936e-07,0.3942458927631378,0.5925065279006958,0.09027417004108429,0.3361293077468872,0.5640894174575806,0.14100496470928192,0.2901920974254608,0.5502923727035522,0.1657344251871109,0.2438456267118454,0.5319297313690186,0.18740907311439514,0.3614581227302551,0.4010593891143799,0.1875784546136856,0.31157809495925903,0.3559195399284363,0.22835379838943481,0.27151215076446533,0.3498782515525818,0.23511642217636108,0.23694728314876556,0.3515121340751648,0.2329045683145523,0.36876845359802246,0.3700363039970398,0.13498780131340027,0.2995646893978119,0.3173457980155945,0.1714780628681183,0.24263104796409607,0.3186136484146118,0.16121843457221985,0.20359061658382416,0.34117060899734497,0.14785587787628174,0.3716612458229065,0.35196414589881897,0.08004588633775711,0.29798591136932373,0.2988066077232361,0.10531818121671677,0.24042321741580963,0.31009578704833984,0.09849183261394501,0.19914443790912628,0.3335360288619995,0.08783803880214691,0.36525583267211914,0.34315893054008484,0.029332153499126434,0.2948288321495056,0.3011115789413452,0.04359402135014534,0.24623453617095947,0.3067520260810852,0.04605462774634361,0.20741814374923706,0.3203798532485962,0.044185418635606766,C
0.5809686183929443,0.3617579936981201,-4.006774929621315e-07,0.4994281530380249,0.38662952184677124,0.0909414291381836,0.44204625487327576,0.35983598232269287,0.14632438123226166,0.3974137008190155,0.34300488233566284,0.1752713918685913,0.35499635338783264,0.31534621119499207,0.20126305520534515,0.4728775918483734,0.19804036617279053,0.20116162300109863,0.4239049553871155,0.1484934389591217,0.25143399834632874,0.3844563961029053,0.13587018847465515,0.26411503553390503,0.3505791127681732,0.1351926326751709,0.265527606010437,0.47966694831848145,0.16462403535842896,0.15056462585926056,0.41799822449684143,0.11156424134969711,0.1993664652109146,0.3629298508167267,0.1051473617553711,0.1941627711057663,0.3233007788658142,0.11913882941007614,0.18263313174247742,0.48197460174560547,0.14111270010471344,0.09679611027240753,0.41576826572418213,0.08848761022090912,0.13199345767498016,0.35897812247276306,0.0918622761964798,0.12709712982177734,0.3158441185951233,0.10834984481334686,0.11556579917669296,0.47500190138816833,0.12412962317466736,0.04661306366324425,0.4094376564025879,0.08258691430091858,0.06625505536794662,0.3609504699707031,0.08780205249786377,0.06934688240289688,0.32123705744743347,0.10157236456871033,0.06666656583547592,C
0.7026740312576294,0.7869082689285278,-5.488718670676462e-07,0.6087630987167358,0.7761321067810059,0.05816572159528732,0.5381345152854919,0.719387412071228,0.08066848665475845,0.4848637580871582,0.6978502869606018,0.08309800177812576,0.43550732731819153,0.676750659942627,0.08404860645532608,0.5916519165039062,0.5336853265762329,0.10936132073402405,0.5286959409713745,0.477741539478302,0.11814434826374054,0.47515133023262024,0.47286713123321533,0.11408936232328415,0.430945485830307,0.4801695942878723,0.10932779312133789,0.6089578866958618,0.5162755250930786,0.0635477602481842,0.5217854380607605,0.45212358236312866,0.07383313030004501,0.458504319190979,0.45329749584198,0.06971380114555359,0.4131743907928467,0.4790397882461548,0.06557930260896683,0.6144758462905884,0.5190054178237915,0.014372266829013824,0.5216404795646667,0.45259571075439453,0.015465525910258293,0.45369186997413635,0.458385705947876,0.01581384986639023,0.40301528573036194,0.48223966360092163,0.015527092851698399,0.6029363870620728,0.5376827716827393,-0.032668162137269974,0.5168728828430176,0.482738733291626,-0.03708206117153168,0.4629397988319397,0.4783228933811188,-0.03547734022140503,0.42006856203079224,0.48829177021980286,-0.033645112067461014,C
0.8149614334106445,0.8689272403717041,-4.382486622489523e-07,0.7231001853942871,0.8451087474822998,0.015332087874412537,0.6507329344749451,0.7832761406898499,0.014627352356910706,0.5955575704574585,0.7580519914627075,0.0035022159572690725,0.5510382056236267,0.7338559031486511,-0.006500978488475084,0.7141971588134766,0.6085522770881653,0.04538188502192497,0.653937578201294,0.5396525859832764,0.026190413162112236,0.5954192876815796,0.5297384262084961,0.002900037681683898,0.5450319647789001,0.5404020547866821,-0.012435344979166985,0.732848584651947,0.5971598625183105,0.019182750955224037,0.6502326130867004,0.5179457664489746,0.0021670092828571796,0.5840829610824585,0.5119386911392212,-0.0179903581738472,0.5365561246871948,0.5365421772003174,-0.031131034716963768,0.7444576025009155,0.6053682565689087,-0.01163970772176981,0.6613385081291199,0.5262876749038696,-0.027181928977370262,0.5915334820747375,0.5217292904853821,-0.038247715681791306,0.5408936738967896,0.5439268350601196,-0.04400838539004326,0.7433689832687378,0.6316608786582947,-0.043031346052885056,0.6718971133232117,0.5698080658912659,-0.055471040308475494,0.6177065968513489,0.5538277626037598,-0.06080343946814537,0.5735939145088196,0.5566738843917847,-0.06295060366392136,C
0.9166395664215088,0.8525814414024353,-2.833944847679959e-07,0.8374240398406982,0.8229755759239197,0.0046709091402590275,0.770089328289032,0.7584590315818787,0.0020842452067881823,0.7185166478157043,0.7250980734825134,-0.009224236011505127,0.6755369901657104,0.6899039149284363,-0.019418664276599884,0.8169147968292236,0.6106898784637451,0.04033974930644035,0.7789439558982849,0.5316171646118164,0.021250566467642784,0.7363548278808594,0.5107744932174683,-0.0019349780632182956,0.6972054243087769,0.5109601020812988,-0.017705168575048447,0.8399897813796997,0.5989835262298584,0.01963941566646099,0.7940624952316284,0.5025495886802673,-0.0031216086354106665,0.7415130734443665,0.4876953661441803,-0.026954466477036476,0.697078287601471,0.5058885812759399,-0.04030553996562958,0.8635097146034241,0.5998788475990295,-0.006323156412690878,0.8155915141105652,0.5048320889472961,-0.025407051667571068,0.7573570013046265,0.49140581488609314,-0.04080861434340477,0.709977924823761,0.505285918712616,-0.04822153225541115,0.884431779384613,0.6146479845046997,-0.0336109884083271,0.835459291934967,0.5475358963012695,-0.04805859178304672,0.7886888384819031,0.5278038382530212,-0.05666273832321167,0.7491778135299683,0.5257496237754822,-0.06093136593699455,C
0.8942633867263794,0.9347332715988159,-4.2454564663785277e-07,0.8092292547225952,0.9183954000473022,0.005061974748969078,0.7307459115982056,0.8670735359191895,-0.0011127142934128642,0.6750069260597229,0.8476589918136597,-0.015186249278485775,0.6283389329910278,0.8344201445579529,-0.027666039764881134,0.7664206027984619,0.6979072093963623,0.026334213092923164,0.7106146812438965,0.6248845458030701,-0.002295450773090124,0.6569710969924927,0.6274213790893555,-0.029649287462234497,0.6186432838439941,0.6532659530639648,-0.04566884785890579,0.7882557511329651,0.6840729713439941,0.005847080145031214,0.7109766006469727,0.6094774007797241,-0.020250242203474045,0.6499401330947876,0.6215377449989319,-0.04130002111196518,0.6128907799720764,0.6565526127815247,-0.052618447691202164,0.8095096945762634,0.689193606376648,-0.01976412534713745,0.7298312783241272,0.6247787475585938,-0.041197486221790314,0.6637829542160034,0.6358200311660767,-0.0526014119386673,0.6202362775802612,0.6653134822845459,-0.057140544056892395,0.8256906270980835,0.7140393853187561,-0.04647047817707062,0.7583712339401245,0.6714776754379272,-0.06168613210320473,0.7075161337852478,0.6679821610450745,-0.06786657124757767,0.668387234210968,0.6762032508850098,-0.06999224424362183,C
0.8292602896690369,0.9220107793807983,-2.460445784890908e-07,0.7490677833557129,0.9185551404953003,-0.000600246072281152,0.6670618057250977,0.8732838034629822,-0.0038150756154209375,0.6058690547943115,0.8550300598144531,-0.014917883090674877,0.5574346780776978,0.8235393166542053,-0.023844659328460693,0.6926199793815613,0.7139461636543274,0.03861444070935249,0.6433160901069641,0.6405775547027588,0.019805656746029854,0.5974936485290527,0.6314847469329834,-0.001491818344220519,0.5600652694702148,0.6423476338386536,-0.015138533897697926,0.7136160731315613,0.6971378922462463,0.020671242848038673,0.655170202255249,0.6064687371253967,-0.0011982284486293793,0.5990301370620728,0.6064586639404297,-0.021755661815404892,0.5585381984710693,0.6361204981803894,-0.0320623554289341,0.7368543744087219,0.6907333135604858,-0.0034777584951370955,0.6745902895927429,0.6006865501403809,-0.02298547886312008,0.6144376397132874,0.6035038828849792,-0.03526010736823082,0.5718927383422852,0.6301844120025635,-0.03924170881509781,0.7583737969398499,0.6968304514884949,-0.029509060084819794,0.6956860423088074,0.6337045431137085,-0.04440126195549965,0.6447769403457642,0.6240690350532532,-0.05174090713262558,0.6060851812362671,0.6312484741210938,-0.05419052019715309,C
0.9163690805435181,0.919612467288971,-4.7025594085425837e-07,0.8092226982116699,0.8752464652061462,0.0198358166962862,0.7374238967895508,0.8170095086097717,0.017341436818242073,0.6818583011627197,0.7914310693740845,0.0051294476725161076,0.6427109241485596,0.7755390405654907,-0.0065251742489635944,0.8183263540267944,0.6455324292182922,0.03528489172458649,0.7414705753326416,0.5866847634315491,0.014942063018679619,0.6806773543357849,0.5821922421455383,-0.008209708146750927,0.6293066143989563,0.5966676473617554,-0.022979222238063812,0.8336167335510254,0.6448652744293213,0.010190973989665508,0.7286185622215271,0.56940096616745,-0.010549820028245449,0.6648494601249695,0.5755903720855713,-0.0323893278837204,0.6234071254730225,0.6080374121665955,-0.046327780932188034,0.8374214768409729,0.6655761003494263,-0.016979485750198364,0.7435380220413208,0.5892359018325806,-0.033212196081876755,0.6750304102897644,0.5888332724571228,-0.04604669660329819,0.6267322897911072,0.6149585247039795,-0.05294060334563255,0.8259848356246948,0.7058910727500916,-0.04322100058197975,0.7542887926101685,0.6442650556564331,-0.053763773292303085,0.7001199722290039,0.6285748481750488,-0.05899185687303543,0.654516875743866,0.6323254704475403,-0.061517130583524704,C
0.8329700827598572,0.8564382791519165,-2.599445281248336e-07,0.75933837890625,0.8502137660980225,0.0101285669952631,0.6941510438919067,0.8106237053871155,0.01396868098527193,0.6448042392730713,0.7910149097442627,0.007908259518444538,0.6056644916534424,0.7595973610877991,0.0028222198598086834,0.7227109670639038,0.6541571617126465,0.05605125054717064,0.6812360286712646,0.5902364253997803,0.04679237678647041,0.6402878761291504,0.5764431953430176,0.02870042622089386,0.603171169757843,0.5809049010276794,0.015491649508476257,0.7391967177391052,0.6381368637084961,0.03538594767451286,0.6870994567871094,0.5639593601226807,0.02314262092113495,0.6379472613334656,0.5523117780685425,0.001884358818642795,0.5982780456542969,0.5708549618721008,-0.011482354253530502,0.756371259689331,0.6308918595314026,0.009573018178343773,0.7004741430282593,0.5554524064064026,-0.0036642153281718493,0.6500605940818787,0.5472465753555298,-0.01782602071762085,0.6105142831802368,0.5648490786552429,-0.024847256019711494,0.7710496187210083,0.6335076093673706,-0.017356397584080696,0.716131865978241,0.5728763341903687,-0.03011457622051239,0.6700037121772766,0.5584779977798462,-0.038127023726701736,0.6313179135322571,0.562595009803772,-0.0418110266327858,C
0.8754479885101318,0.8722425699234009,-1.7269850616230542e-07,0.7987340688705444,0.8643501400947571,-0.004485009238123894,0.7264068126678467,0.8211512565612793,-0.010109694674611092,0.6713076829910278,0.8018087148666382,-0.022053187713027,0.6277240514755249,0.7695464491844177,-0.03228084370493889,0.75117427110672,0.6635281443595886,0.02930113859474659,0.7079267501831055,0.5826189517974854,0.008140894584357738,0.6670359969139099,0.5646927356719971,-0.015422660857439041,0.6314190626144409,0.5710539817810059,-0.029648223891854286,0.7739957571029663,0.648921549320221,0.015149305574595928,0.7251014113426208,0.5599992275238037,-0.004921650979667902,0.6759086847305298,0.5443677306175232,-0.026538550853729248,0.635692834854126,0.562156081199646,-0.038582853972911835,0.7988917827606201,0.6420919299125671,-0.004791935905814171,0.7475587129592896,0.5536468625068665,-0.02219233848154545,0.6944823861122131,0.5407265424728394,-0.03563927486538887,0.6527109742164612,0.5557587146759033,-0.041197825223207474,0.8236921429634094,0.6445459723472595,-0.02670498564839363,0.7701740264892578,0.5790789723396301,-0.04091363772749901,0.7245161533355713,0.5614212155342102,-0.04821597412228584,0.6873919367790222,0.5635392069816589,-0.05043559893965721,C
0.8417649865150452,0.8976808190345764,-3.65007423397401e-07,0.7516312003135681,0.8780499696731567,0.014436624012887478,0.6783403754234314,0.8222696185112,0.013712975196540356,0.6225184202194214,0.7998430728912354,0.002495354041457176,0.5767393112182617,0.7839954495429993,-0.007717319764196873,0.7302500009536743,0.6514415144920349,0.04491616412997246,0.6761913299560547,0.5823491811752319,0.026639798656105995,0.6233969926834106,0.573606014251709,0.004308455623686314,0.5765185356140137,0.5835164785385132,-0.01049640029668808,0.7484157681465149,0.6403322219848633,0.01946169137954712,0.6752553582191467,0.5565914511680603,0.0006645995890721679,0.6134191751480103,0.5533870458602905,-0.020099174231290817,0.569299578666687,0.580167293548584,-0.0325494110584259,0.7606691718101501,0.647606372833252,-0.010389317758381367,0.6850376725196838,0.5662967562675476,-0.02707250416278839,0.6180528402328491,0.5654885768890381,-0.039495933800935745,0.5708261132240295,0.5906252861022949,-0.04519060254096985,0.7614713311195374,0.6724862456321716,-0.04074231535196304,0.6965888142585754,0.6069955825805664,-0.052743639796972275,0.6440487504005432,0.5935647487640381,-0.05816693231463432,0.6023733615875244,0.6013671159744263,-0.06026487424969673,C
0.7307548522949219,0.8221975564956665,-3.25758094277262e-07,0.6532151699066162,0.8225283622741699,0.011621708981692791,0.5841462016105652,0.7788715362548828,0.01205903198570013,0.5306680798530579,0.759294867515564,0.0027534631080925465,0.48413002490997314,0.7420787811279297,-0.005687706172466278,0.6207249760627747,0.6072065830230713,0.046325262635946274,0.567784309387207,0.5440444350242615,0.036671705543994904,0.5200623273849487,0.5350404381752014,0.022038504481315613,0.4808940887451172,0.541441798210144,0.01136639341711998,0.6379787921905518,0.5900826454162598,0.02336939424276352,0.5702605247497559,0.5142594575881958,0.012882341630756855,0.5109261870384216,0.5108773708343506,-0.001586509752087295,0.46763429045677185,0.5322219133377075,-0.010768154636025429,0.6506208181381226,0.5891838073730469,-0.004301662556827068,0.5783507823944092,0.5127755999565125,-0.017824586480855942,0.5159217715263367,0.5127250552177429,-0.028104452416300774,0.47114354372024536,0.5342837572097778,-0.03313138335943222,0.6531288623809814,0.604459822177887,-0.032753609120845795,0.5859453082084656,0.5439233779907227,-0.045323699712753296,0.5354345440864563,0.5331787467002869,-0.051535654813051224,0.49560242891311646,0.5411617159843445,-0.05449359863996506,C
0.8342876434326172,0.5670780539512634,-1.5756707227865263e-07,0.7536695003509521,0.5614309310913086,0.02029317058622837,0.6912650465965271,0.5270469188690186,0.031301967799663544,0.6434872150421143,0.5101042985916138,0.030544864013791084,0.6005277633666992,0.4808802902698517,0.029418300837278366,0.7184034585952759,0.38120296597480774,0.07370457798242569,0.6788193583488464,0.3143453896045685,0.07459397614002228,0.6418759822845459,0.2933621406555176,0.06225588917732239,0.6040917634963989,0.28750526905059814,0.05133990943431854,0.7360848784446716,0.36255839467048645,0.049419600516557693,0.6881764531135559,0.2874617576599121,0.04727843031287193,0.6413815021514893,0.26633068919181824,0.028971493244171143,0.5990360975265503,0.272894024848938,0.015204706229269505,0.7552680969238281,0.3519221842288971,0.020479479804635048,0.7053978443145752,0.272619366645813,0.013945777900516987,0.6584488153457642,0.25593435764312744,0.0003821123100351542,0.6168875694274902,0.2647940516471863,-0.008384118787944317,0.7734188437461853,0.348280668258667,-0.00882675964385271,0.7231359481811523,0.28522610664367676,-0.018474405631422997,0.6797059774398804,0.2676194906234741,-0.025664029642939568,0.640911340713501,0.2677052319049835,-0.03004017099738121,C
0.7136322855949402,0.47380244731903076,-2.0544882772810524e-07,0.6371965408325195,0.48684781789779663,0.03426426276564598,0.5765717625617981,0.46192726492881775,0.052639514207839966,0.529474139213562,0.44630318880081177,0.055284932255744934,0.48411473631858826,0.42963242530822754,0.056106507778167725,0.5962956547737122,0.3080194890499115,0.10071037709712982,0.5528833866119385,0.25815093517303467,0.1128464862704277,0.5141581892967224,0.24283742904663086,0.10550867766141891,0.47760364413261414,0.24058161675930023,0.09591740369796753,0.6097432374954224,0.2837026119232178,0.06893907487392426,0.5556650161743164,0.22563430666923523,0.07804685086011887,0.5070093870162964,0.21203292906284332,0.0630757287144661,0.467138409614563,0.22148121893405914,0.04950117692351341,0.624264121055603,0.26838934421539307,0.03250080719590187,0.5675197243690491,0.2063615918159485,0.03333103656768799,0.5184676647186279,0.19797207415103912,0.022152535617351532,0.47752881050109863,0.2098635882139206,0.012983866035938263,0.6366273760795593,0.2604021430015564,-0.0038624501321464777,0.5808963775634766,0.20824968814849854,-0.009133480489253998,0.535252034664154,0.2002994865179062,-0.014225693419575691,0.4959966242313385,0.20695239305496216,-0.01866401545703411,C
0.6406551003456116,0.7182098627090454,-3.050036525564792e-07,0.5697886347770691,0.7271657586097717,0.018594995141029358,0.5068262815475464,0.6883319020271301,0.02612808346748352,0.4589153826236725,0.6731542348861694,0.021682120859622955,0.41446810960769653,0.6558970212936401,0.017473263666033745,0.5287150144577026,0.5225059390068054,0.06642338633537292,0.48233023285865784,0.46453768014907837,0.06307502835988998,0.4388694167137146,0.45522257685661316,0.04959053918719292,0.40167295932769775,0.46178138256073,0.03865750506520271,0.5429657697677612,0.5042626857757568,0.04044095054268837,0.4852072596549988,0.43850070238113403,0.036208782345056534,0.4320030212402344,0.4329012334346771,0.020489390939474106,0.3899085819721222,0.4511116147041321,0.009116183035075665,0.5570319890975952,0.4960106909275055,0.009493553079664707,0.4930189847946167,0.4285529851913452,-0.0003423366288188845,0.4375832676887512,0.4293972849845886,-0.010773258283734322,0.3946526348590851,0.449515163898468,-0.016650516539812088,0.565152645111084,0.49986374378204346,-0.022154269739985466,0.5020365118980408,0.44469767808914185,-0.03285811096429825,0.45384782552719116,0.4398353397846222,-0.037558652460575104,0.41555100679397583,0.4522605836391449,-0.03992243483662605,C
0.768142580986023,0.788338303565979,-2.8011692165819113e-07,0.6934966444969177,0.7833983898162842,0.01610468700528145,0.6279501914978027,0.7425773739814758,0.021585583686828613,0.5805179476737976,0.7256532907485962,0.016077179461717606,0.5387448668479919,0.7014303207397461,0.010832841508090496,0.6513316035270691,0.5897748470306396,0.05816865712404251,0.6066568493843079,0.5314926505088806,0.05168474465608597,0.5657041668891907,0.5192440152168274,0.0365392304956913,0.52889084815979,0.522523045539856,0.024478644132614136,0.6682000756263733,0.5727534294128418,0.03333921730518341,0.6127316951751709,0.5023241639137268,0.02447531744837761,0.5628159046173096,0.4923627972602844,0.006450733169913292,0.5223584175109863,0.5090331435203552,-0.006031380966305733,0.6849614977836609,0.5675740242004395,0.0037593154702335596,0.6257126927375793,0.49596506357192993,-0.007841072045266628,0.5716666579246521,0.4898409843444824,-0.021139152348041534,0.5293433666229248,0.5062161684036255,-0.029088014736771584,0.696704626083374,0.5760311484336853,-0.026456916704773903,0.6376321315765381,0.5222870111465454,-0.03833717480301857,0.5902066230773926,0.51042240858078,-0.04637335240840912,0.5504381060600281,0.5148948431015015,-0.05128415673971176,C
0.8841362595558167,0.8072525262832642,-1.9921962746138888e-07,0.8127642869949341,0.7954104542732239,0.00047729938523843884,0.747360348701477,0.7506095170974731,-0.003137418534606695,0.6979082226753235,0.7286933660507202,-0.013677244074642658,0.6579113006591797,0.7006809711456299,-0.02313283458352089,0.7735549211502075,0.6085255742073059,0.03268945962190628,0.7339951395988464,0.5426953434944153,0.01712866500020027,0.6968320608139038,0.5246835947036743,-0.0028187562711536884,0.6645225286483765,0.5242144465446472,-0.016713976860046387,0.7938534617424011,0.5940580368041992,0.016194762662053108,0.7477720975875854,0.5128634572029114,-0.0024316711351275444,0.7027934789657593,0.501824140548706,-0.022950652986764908,0.6664600372314453,0.5210765600204468,-0.034635040909051895,0.816537618637085,0.589668333530426,-0.005121121183037758,0.7697716355323792,0.5087332129478455,-0.020651359111070633,0.7201710939407349,0.49933484196662903,-0.03368063271045685,0.6815351247787476,0.5147314071655273,-0.040043070912361145,0.8389772772789001,0.5970883965492249,-0.028012145310640335,0.7927796840667725,0.5389561057090759,-0.04040071368217468,0.7509142160415649,0.5234400033950806,-0.04783821478486061,0.7164457440376282,0.5246056318283081,-0.05147382989525795,C
0.8249166011810303,0.8315008878707886,-6.54904113162047e-08,0.7467758655548096,0.8347898125648499,-0.004519880749285221,0.6678587198257446,0.7994917631149292,-0.009010418318212032,0.6121100187301636,0.7839691638946533,-0.019816113635897636,0.5694019198417664,0.7595772743225098,-0.02984776720404625,0.6863080263137817,0.6208133101463318,0.030178934335708618,0.6432968378067017,0.5451918840408325,0.017641309648752213,0.6050321459770203,0.5161615014076233,-0.001340664573945105,0.567298412322998,0.5058957934379578,-0.016218213364481926,0.7101180553436279,0.6043235659599304,0.014501871541142464,0.6601676940917969,0.5191019773483276,-0.0012176247546449304,0.6127837300300598,0.49375051259994507,-0.021752098575234413,0.5684888958930969,0.49744713306427,-0.03526584804058075,0.7373313903808594,0.5959891676902771,-0.006511704530566931,0.6825326681137085,0.5094668865203857,-0.023090412840247154,0.6319520473480225,0.48833388090133667,-0.03774971142411232,0.5863745212554932,0.49128299951553345,-0.04586005583405495,0.7663219571113586,0.5969717502593994,-0.029582452028989792,0.7113460302352905,0.5313268303871155,-0.045808345079422,0.6656970977783203,0.5085794925689697,-0.055154722183942795,0.6244065761566162,0.5023199915885925,-0.060068219900131226,C
0.8772573471069336,0.7942217588424683,-2.8608429403220725e-08,0.7996401190757751,0.7975510358810425,-0.013648145832121372,0.721406877040863,0.7637609243392944,-0.022868791595101357,0.6661760210990906,0.7437483072280884,-0.03581104427576065,0.6194882988929749,0.7161781787872314,-0.04735530540347099,0.7400060296058655,0.5898475050926208,0.01775161363184452,0.7003780007362366,0.5130205750465393,0.00044599935063160956,0.6670889258384705,0.48284974694252014,-0.021483415737748146,0.6323057413101196,0.4722711443901062,-0.03737746551632881,0.7673016786575317,0.5717916488647461,0.00733758881688118,0.7227873802185059,0.48962876200675964,-0.012764392420649529,0.6827232241630554,0.4633218050003052,-0.03595775365829468,0.6426874399185181,0.46425265073776245,-0.05055476352572441,0.7970306277275085,0.5623542070388794,-0.008528504520654678,0.7490139603614807,0.47979938983917236,-0.02704589255154133,0.7065231204032898,0.45451417565345764,-0.04244772717356682,0.6661277413368225,0.45328712463378906,-0.05057555437088013,0.8299230337142944,0.5618249177932739,-0.02694900520145893,0.7798852324485779,0.4975937604904175,-0.043776802718639374,0.7387109994888306,0.469786137342453,-0.053161557763814926,0.700694739818573,0.45808783173561096,-0.05756036192178726,C
0.8674420118331909,0.7963567972183228,-5.388400481365352e-08,0.7897792458534241,0.7973029017448425,-0.011309557594358921,0.713302493095398,0.7636893391609192,-0.018922220915555954,0.6580987572669983,0.7448064088821411,-0.030999304726719856,0.6123473644256592,0.7153799533843994,-0.041709206998348236,0.7338786721229553,0.5931453108787537,0.02303135208785534,0.6931590437889099,0.5182644128799438,0.007484749890863895,0.6584802269935608,0.4892464876174927,-0.013669966720044613,0.6233460307121277,0.47937169671058655,-0.029388567432761192,0.758741557598114,0.5754584670066833,0.011785531416535378,0.7120947241783142,0.49371033906936646,-0.006878044921904802,0.6701619625091553,0.4682755172252655,-0.029847638681530952,0.6298454999923706,0.470575749874115,-0.04457520321011543,0.7869171500205994,0.5653718709945679,-0.004980471450835466,0.7363650798797607,0.48314303159713745,-0.02255171909928322,0.6918071508407593,0.46005743741989136,-0.03818309307098389,0.6501302123069763,0.4611985385417938,-0.04674840345978737,0.8190445303916931,0.5635794997215271,-0.024232167750597,0.768246054649353,0.5003334283828735,-0.04073372110724449,0.7256108522415161,0.47521939873695374,-0.050692178308963776,0.6862679719924927,0.46620646119117737,-0.05577045679092407,C
0.8603821396827698,0.7778339385986328,-9.55251593381945e-08,0.7814759612083435,0.7704242467880249,0.0018498832359910011,0.7094581723213196,0.7318894863128662,-0.0012846247991546988,0.6573863625526428,0.7176907062530518,-0.01221491303294897,0.6167033910751343,0.6906283497810364,-0.022292068228125572,0.7346930503845215,0.5632597208023071,0.03802434727549553,0.6953862309455872,0.4839795231819153,0.024072004482150078,0.6559025645256042,0.45829465985298157,0.00471121072769165,0.6193937659263611,0.45413273572921753,-0.009305727668106556,0.7578563690185547,0.5475600957870483,0.019050059840083122,0.7104202508926392,0.45470139384269714,0.0021013771183788776,0.6610206365585327,0.43384402990341187,-0.018122844398021698,0.6178455352783203,0.4459923505783081,-0.030349211767315865,0.78215491771698,0.5416106581687927,-0.005399695131927729,0.7320959568023682,0.4496699273586273,-0.02120046690106392,0.6800599098205566,0.4325512647628784,-0.035622406750917435,0.6359311938285828,0.44291096925735474,-0.04342005401849747,0.8051037192344666,0.5468447804450989,-0.03151876851916313,0.7544618844985962,0.4853181838989258,-0.04595324769616127,0.7101892828941345,0.4658689498901367,-0.05528569594025612,0.670890212059021,0.46211013197898865,-0.06046835705637932,C
0.8110852837562561,0.7698097229003906,-9.043336035574612e-08,0.734548807144165,0.7783557176589966,0.0007842509658075869,0.6592830419540405,0.7565366625785828,-0.0024359936360269785,0.6055678129196167,0.7544260621070862,-0.013106000609695911,0.5597468018531799,0.7466268539428711,-0.023071225732564926,0.6626001596450806,0.5895388126373291,0.03532610461115837,0.6139817237854004,0.5289322137832642,0.024039363488554955,0.5733576416969299,0.5099359750747681,0.00648686196655035,0.5344427824020386,0.5067746043205261,-0.007738177198916674,0.6812391877174377,0.5714665651321411,0.016798488795757294,0.6234259009361267,0.5014083981513977,0.0023672168608754873,0.5736473798751831,0.48801374435424805,-0.01620958186686039,0.530188798904419,0.4982675313949585,-0.028759298846125603,0.7023189663887024,0.5625321269035339,-0.006949149072170258,0.641651451587677,0.4916878342628479,-0.021986456587910652,0.5887972116470337,0.4817385673522949,-0.03537531569600105,0.5442615151405334,0.4914129972457886,-0.04337192699313164,0.7230470776557922,0.5634734630584717,-0.032524969428777695,0.6672170162200928,0.5138628482818604,-0.04620787128806114,0.6222672462463379,0.5018670558929443,-0.054575614631175995,0.582617998123169,0.5030513405799866,-0.059840165078639984,C
0.8961922526359558,0.7849847674369812,-1.356596897039708e-07,0.8167870044708252,0.777174174785614,-0.006601040717214346,0.738486647605896,0.735370397567749,-0.014004688709974289,0.6795259118080139,0.7217562794685364,-0.027210498228669167,0.6343121528625488,0.7059713006019592,-0.03944318741559982,0.7624616622924805,0.5664146542549133,0.023338541388511658,0.7160508036613464,0.48684144020080566,0.002894357545301318,0.6735978126525879,0.4602101445198059,-0.021129580214619637,0.6323527693748474,0.45617395639419556,-0.037920285016298294,0.7860609889030457,0.5499982833862305,0.008466050960123539,0.7334086298942566,0.46415919065475464,-0.013202018104493618,0.6828158497810364,0.44025421142578125,-0.036540836095809937,0.6357041597366333,0.44742655754089355,-0.051135577261447906,0.8118230700492859,0.5427892208099365,-0.01185655314475298,0.7558494806289673,0.4568653702735901,-0.03063618391752243,0.7021211981773376,0.43492260575294495,-0.046011101454496384,0.6552331447601318,0.4393044710159302,-0.05414274334907532,0.8372941017150879,0.5464972257614136,-0.03439993038773537,0.7821117043495178,0.4833674430847168,-0.04975205659866333,0.7354944348335266,0.45928454399108887,-0.05869773030281067,0.6940978169441223,0.45228350162506104,-0.06322981417179108,C
0.7754715085029602,0.6758741140365601,-2.0866087879767292e-07,0.6939114332199097,0.68558269739151,0.020615098997950554,0.6221890449523926,0.6587457060813904,0.027788382023572922,0.5714489817619324,0.6517930626869202,0.021428270265460014,0.5242012143135071,0.629605233669281,0.014917664229869843,0.6337724328041077,0.4822608232498169,0.07348914444446564,0.5881353616714478,0.4182560443878174,0.07129436731338501,0.5464568734169006,0.4076075553894043,0.05725958198308945,0.5094088315963745,0.4152568280696869,0.04528651013970375,0.6498740315437317,0.4605677127838135,0.044637419283390045,0.5911864638328552,0.38328635692596436,0.04170418530702591,0.536056399345398,0.3740357458591461,0.025351880118250847,0.4921037554740906,0.39368903636932373,0.012289606034755707,0.6686443090438843,0.45016589760780334,0.01002171915024519,0.6040666103363037,0.36981505155563354,0.0009221629588864744,0.5477651953697205,0.37463533878326416,-0.012306823395192623,0.5055243372917175,0.40471869707107544,-0.02163253165781498,0.6856812834739685,0.4510054588317871,-0.025338884443044662,0.6234643459320068,0.3973430097103119,-0.03669461980462074,0.577579140663147,0.40581637620925903,-0.04388676956295967,0.5415943264961243,0.43353429436683655,-0.04912181198596954,C
0.8385512828826904,0.6362934708595276,-1.111079299676021e-07,0.7651511430740356,0.6441277265548706,-0.002970348112285137,0.6931875944137573,0.6194577813148499,-0.0066167498007416725,0.6448790431022644,0.6048702597618103,-0.015734096989035606,0.6060411930084229,0.5823413133621216,-0.024263564497232437,0.7046581506729126,0.46195119619369507,0.024405019357800484,0.6637510657310486,0.3954550623893738,0.009527899324893951,0.6296458840370178,0.37386080622673035,-0.009920759126543999,0.5963886380195618,0.3716716766357422,-0.02363811619579792,0.7279398441314697,0.443428635597229,0.010272853076457977,0.6828351020812988,0.3719785511493683,-0.0061702970415353775,0.6424410343170166,0.3542763292789459,-0.02578866481781006,0.6043355464935303,0.3621818423271179,-0.038231343030929565,0.7535667419433594,0.4320879578590393,-0.008412846364080906,0.7067142128944397,0.3612653613090515,-0.023979434743523598,0.6634171009063721,0.34596461057662964,-0.03700007125735283,0.624481201171875,0.35212141275405884,-0.04399868845939636,0.7805529236793518,0.42896768450737,-0.028760824352502823,0.7334461808204651,0.37690895795822144,-0.04304739087820053,0.6938595771789551,0.35860675573349,-0.05056910589337349,0.6577427387237549,0.35513928532600403,-0.05410556122660637,C
0.7601509094238281,0.7273584604263306,2.407053223407729e-09,0.6902041435241699,0.7481817007064819,-0.005514805670827627,0.6163779497146606,0.7312490940093994,-0.008980593644082546,0.562711775302887,0.7208455801010132,-0.018164487555623055,0.5152952671051025,0.7005228996276855,-0.025970079004764557,0.6196339130401611,0.5648203492164612,0.03507659584283829,0.5737854838371277,0.5051677823066711,0.02611534111201763,0.5351836085319519,0.48583394289016724,0.009010471403598785,0.49686259031295776,0.4837154746055603,-0.004552751313894987,0.6371470093727112,0.5423611402511597,0.021810829639434814,0.5830490589141846,0.47785598039627075,0.010966687463223934,0.5361428260803223,0.45998498797416687,-0.007542817387729883,0.4938204288482666,0.46709775924682617,-0.020458102226257324,0.6569936275482178,0.5273569822311401,0.0029455190524458885,0.5999840497970581,0.4615538716316223,-0.009922293946146965,0.5537479519844055,0.4475291669368744,-0.023414213210344315,0.5139042139053345,0.4567893445491791,-0.031206782907247543,0.6789932250976562,0.5192725658416748,-0.01822224073112011,0.6236193776130676,0.4676850438117981,-0.03182879835367203,0.5815833210945129,0.45243388414382935,-0.04017163813114166,0.5450587868690491,0.45418792963027954,-0.044610511511564255,C
0.489797979593277,0.5998771786689758,-2.3745877797409776e-07,0.40828269720077515,0.6307836174964905,0.026970095932483673,0.3424605429172516,0.6076468229293823,0.03793194144964218,0.28618577122688293,0.5976927876472473,0.033101633191108704,0.2308329939842224,0.5865458250045776,0.027863917872309685,0.34929776191711426,0.3858603239059448,0.09845490008592606,0.288687527179718,0.330727219581604,0.10725206881761551,0.2349379062652588,0.3216072916984558,0.09683925658464432,0.18801571428775787,0.3237185478210449,0.0851542130112648,0.3581562638282776,0.3604394495487213,0.06739296019077301,0.27998727560043335,0.29352867603302,0.07548769563436508,0.21350441873073578,0.29053542017936707,0.059137411415576935,0.16108770668506622,0.30663827061653137,0.04386003687977791,0.36626699566841125,0.34865909814834595,0.03066074661910534,0.28470176458358765,0.276754230260849,0.03148425370454788,0.21884264051914215,0.2813207805156708,0.01932571828365326,0.16806071996688843,0.3070649802684784,0.00854266807436943,0.3686220347881317,0.35055407881736755,-0.007052689325064421,0.29438695311546326,0.29188862442970276,-0.009552983567118645,0.23846715688705444,0.2905369997024536,-0.01230351161211729,0.19246411323547363,0.30875155329704285,-0.015655485913157463,C
0.5471253395080566,0.8180562853813171,-1.4280124105425784e-07,0.44976359605789185,0.8301368355751038,0.07143692672252655,0.3860186040401459,0.8089746236801147,0.10161319375038147,0.3351559340953827,0.8027822971343994,0.10402010381221771,0.2821255922317505,0.7957812547683716,0.10146123170852661,0.41098955273628235,0.6259401440620422,0.17359690368175507,0.3499932885169983,0.5721059441566467,0.20829270780086517,0.3013918101787567,0.5594497919082642,0.20942266285419464,0.25950878858566284,0.5642184019088745,0.202825129032135,0.42508774995803833,0.5979229211807251,0.11997080594301224,0.35033008456230164,0.5362238883972168,0.1525917947292328,0.28949958086013794,0.528866171836853,0.13748924434185028,0.24634665250778198,0.5471742749214172,0.12012485414743423,0.4331440329551697,0.5835487842559814,0.06169721856713295,0.3557361364364624,0.5235739946365356,0.08393236249685287,0.2914433479309082,0.5194679498672485,0.07420796900987625,0.24435222148895264,0.5406644344329834,0.060841649770736694,0.43178051710128784,0.585266649723053,0.005066007375717163,0.3575836718082428,0.5347709059715271,0.01860778033733368,0.3038533627986908,0.5323879718780518,0.021392524242401123,0.2601717710494995,0.546582818031311,0.018503300845623016,C
0.7570783495903015,0.8533751964569092,-2.784600496852363e-07,0.6806892156600952,0.8621475696563721,0.012968556955456734,0.6005301475524902,0.8261783719062805,0.016352301463484764,0.5422367453575134,0.8157120943069458,0.009059333242475986,0.5016428828239441,0.8120938539505005,0.0031506994273513556,0.6211914420127869,0.6471186876296997,0.05729801952838898,0.5687842965126038,0.5837509632110596,0.04947059601545334,0.5189463496208191,0.5773579478263855,0.03540044650435448,0.4773508906364441,0.5864039063453674,0.02438616380095482,0.636924684047699,0.6272595524787903,0.03290722519159317,0.5688068866729736,0.5492233037948608,0.022971557453274727,0.5086501240730286,0.5475636124610901,0.00972452387213707,0.4649178683757782,0.570253312587738,0.002006437396630645,0.6525850892066956,0.6207493543624878,0.00274380249902606,0.5769564509391785,0.5469289422035217,-0.010870260186493397,0.5141390562057495,0.5522890686988831,-0.020902976393699646,0.46987906098365784,0.5785702466964722,-0.025134112685918808,0.6631967425346375,0.6275677680969238,-0.02854585088789463,0.5891225337982178,0.5796591639518738,-0.04163534566760063,0.535548985004425,0.5794176459312439,-0.048340365290641785,0.4943135380744934,0.5934016108512878,-0.051517535001039505,C
0.789838969707489,0.5864866971969604,-3.320895984870731e-07,0.7062699198722839,0.5843560695648193,0.03815498575568199,0.6372390985488892,0.5495133399963379,0.05416109412908554,0.5888181328773499,0.5365738868713379,0.053339291363954544,0.5440571308135986,0.5125927329063416,0.05153016000986099,0.6605383157730103,0.38824933767318726,0.09537176787853241,0.6073882579803467,0.3337225615978241,0.09855690598487854,0.5620133280754089,0.32742854952812195,0.08677133917808533,0.5216476917266846,0.33628833293914795,0.07517920434474945,0.6749399900436401,0.3688504695892334,0.058379583060741425,0.6048575639724731,0.30570244789123535,0.05719182640314102,0.5499093532562256,0.3016557991504669,0.038680799305438995,0.5084606409072876,0.32368719577789307,0.024063313379883766,0.6891254782676697,0.3616625666618347,0.016830602660775185,0.6143137812614441,0.3002777099609375,0.009638248011469841,0.5569183230400085,0.3031887412071228,-0.004109816625714302,0.5137903690338135,0.32689017057418823,-0.014113428071141243,0.6992908120155334,0.36657950282096863,-0.02399759367108345,0.627369225025177,0.3293495178222656,-0.03421483561396599,0.5763179063796997,0.328993022441864,-0.0422108992934227,0.5348795652389526,0.3394007980823517,-0.048405326902866364,C
0.8615362048149109,0.4709009528160095,-2.317113683147909e-07,0.7870482206344604,0.47723522782325745,0.00830330140888691,0.7184560298919678,0.4446033835411072,0.014939259737730026,0.6681843996047974,0.42865192890167236,0.01272072084248066,0.6232996582984924,0.4054326117038727,0.010869987308979034,0.7385833263397217,0.29046332836151123,0.0547378845512867,0.6893312931060791,0.24754153192043304,0.050382666289806366,0.6455541849136353,0.23141133785247803,0.03664662316441536,0.6055607795715332,0.22419357299804688,0.02445194311439991,0.7552341818809509,0.26700323820114136,0.03526364639401436,0.6948380470275879,0.21791362762451172,0.027132585644721985,0.6448177695274353,0.20036984980106354,0.010206843726336956,0.5984956622123718,0.1998983919620514,-0.0015432582003995776,0.7763944268226624,0.25184351205825806,0.01065219659358263,0.7127697467803955,0.20020921528339386,-0.004031551536172628,0.6619667410850525,0.1868845671415329,-0.015695994719862938,0.6134337782859802,0.18816594779491425,-0.021029317751526833,0.7981104254722595,0.24616655707359314,-0.01506585069000721,0.734436571598053,0.19951513409614563,-0.03234032541513443,0.6869701147079468,0.1860898733139038,-0.03998669236898422,0.6434345841407776,0.18347012996673584,-0.04263059049844742,C
0.922781229019165,0.4201156497001648,-9.867977013300333e-08,0.8522935509681702,0.4235885441303253,-0.0067827277816832066,0.785027027130127,0.39435455203056335,-0.01066659763455391,0.739348828792572,0.37317144870758057,-0.01922624558210373,0.700304388999939,0.3450104594230652,-0.026961395516991615,0.8059231042861938,0.2570924162864685,0.023723507300019264,0.7630867958068848,0.20378641784191132,0.010255471803247929,0.7290281653404236,0.1836053729057312,-0.007975582964718342,0.6960186958312988,0.17393891513347626,-0.02181893028318882,0.8280938863754272,0.23883554339408875,0.012182014994323254,0.7792063355445862,0.1833246350288391,-0.0033685551024973392,0.7400210499763489,0.16304264962673187,-0.02301601879298687,0.702607274055481,0.15949614346027374,-0.03618430346250534,0.8537436723709106,0.2258743941783905,-0.004220198839902878,0.8023400902748108,0.1702125519514084,-0.021662335842847824,0.7607651948928833,0.1531996726989746,-0.03498120605945587,0.7217723727226257,0.1507396250963211,-0.04182128608226776,0.8828266859054565,0.21810460090637207,-0.02244499698281288,0.8303971886634827,0.1728225201368332,-0.03958006203174591,0.789228618144989,0.15617913007736206,-0.04814305156469345,0.7518581748008728,0.14999516308307648,-0.05198246240615845,C
0.8440964818000793,0.7687402963638306,-1.1311472292163671e-07,0.7733520269393921,0.7817815542221069,-0.003255286021158099,0.7029383182525635,0.7660357356071472,-0.008503015153110027,0.6552484631538391,0.7632133960723877,-0.01913105510175228,0.6176174879074097,0.7436730861663818,-0.029219450429081917,0.7027506232261658,0.6040757298469543,0.021449431777000427,0.6553741097450256,0.5453868508338928,0.005256389267742634,0.6172645092010498,0.531296968460083,-0.014586412347853184,0.5822769999504089,0.5352722406387329,-0.028837965801358223,0.7244128584861755,0.5864478945732117,0.006897686515003443,0.6686089038848877,0.5240435004234314,-0.010031984187662601,0.6238849759101868,0.5122128129005432,-0.029742883518338203,0.5838767886161804,0.5230671763420105,-0.042645107954740524,0.7500903606414795,0.5745016932487488,-0.012309737503528595,0.6904449462890625,0.5124158263206482,-0.028927307575941086,0.6426885724067688,0.5020937919616699,-0.04247603565454483,0.6007421016693115,0.5102290511131287,-0.05011124536395073,0.7782115936279297,0.5702640414237976,-0.03313228487968445,0.7213938236236572,0.5281233191490173,-0.04967372119426727,0.6788187026977539,0.5181097984313965,-0.05861688777804375,0.6409541964530945,0.518250584602356,-0.0630585253238678,C
0.7458335757255554,0.82904452085495,-1.2674757243757995e-08,0.6711916923522949,0.8432630300521851,-0.013907065615057945,0.5880578756332397,0.8187936544418335,-0.022633062675595284,0.530494213104248,0.8100031614303589,-0.03488681837916374,0.4794434905052185,0.7895840406417847,-0.04628778621554375,0.5839267373085022,0.643858790397644,0.0165542159229517,0.5352369546890259,0.5802433490753174,0.0017267544753849506,0.49955496191978455,0.5566073656082153,-0.018896833062171936,0.46424800157546997,0.5450142025947571,-0.03565485402941704,0.6092705130577087,0.6203411817550659,0.005983495153486729,0.5581144094467163,0.5557283759117126,-0.009077729657292366,0.5157598257064819,0.5357413291931152,-0.02926793321967125,0.47329196333885193,0.5314449071884155,-0.04458669200539589,0.6418328285217285,0.6049911379814148,-0.010206048376858234,0.5879987478256226,0.5394171476364136,-0.026261042803525925,0.5437473058700562,0.5214771628379822,-0.0399826318025589,0.4992440640926361,0.5179332494735718,-0.049429312348365784,0.6808006763458252,0.5984399914741516,-0.02920096553862095,0.6285955905914307,0.543578028678894,-0.04573958367109299,0.5857591032981873,0.5247077941894531,-0.05491440370678902,0.5441344380378723,0.5176352262496948,-0.06065433844923973,C
0.8143131136894226,0.728801965713501,-9.736811534821754e-08,0.7472761273384094,0.73866206407547,-0.002793418476358056,0.6770809888839722,0.7107419967651367,-0.003280145348981023,0.6265438795089722,0.6924033164978027,-0.008974876254796982,0.5843330025672913,0.6676653623580933,-0.01379324309527874,0.6857041716575623,0.5689650177955627,0.028407473117113113,0.6422013640403748,0.5137013792991638,0.020722391083836555,0.605943500995636,0.49050259590148926,0.006983347237110138,0.570550799369812,0.4796726703643799,-0.0047936937771737576,0.7032251954078674,0.5504360795021057,0.01556837372481823,0.6533573269844055,0.4929143190383911,0.00708866398781538,0.6100132465362549,0.47118622064590454,-0.00670463964343071,0.5690370798110962,0.46678075194358826,-0.017377033829689026,0.7239134907722473,0.5372831225395203,-0.001945334835909307,0.6696925759315491,0.47949913144111633,-0.0134816262871027,0.6256358623504639,0.4612351655960083,-0.02289334312081337,0.5842260122299194,0.4577723443508148,-0.028950966894626617,0.7459696531295776,0.5293577909469604,-0.02134079858660698,0.6922222375869751,0.48385897278785706,-0.03428265079855919,0.6521331667900085,0.4688017666339874,-0.040436554700136185,0.6149896383285522,0.46487829089164734,-0.04394786059856415,C
0.830338180065155,0.7595160603523254,-4.160954460985522e-07,0.7420753240585327,0.750659704208374,0.012660437263548374,0.6770228743553162,0.7082352042198181,0.00975022278726101,0.6259316802024841,0.6929894685745239,-0.0017599217826500535,0.5827975273132324,0.6786074042320251,-0.012981712818145752,0.7283861041069031,0.5343465805053711,0.03076973371207714,0.6647422909736633,0.4807671010494232,0.012449046596884727,0.6092951893806458,0.4764265716075897,-0.008459090255200863,0.5644610524177551,0.4876786768436432,-0.02219879999756813,0.7456890940666199,0.5221154689788818,0.008474881760776043,0.6598913073539734,0.4587772488594055,-0.007900306954979897,0.59529709815979,0.45767688751220703,-0.025560354813933372,0.5517064332962036,0.47711706161499023,-0.03781750798225403,0.7535957098007202,0.5309404134750366,-0.017192257568240166,0.6699268221855164,0.4627017378807068,-0.03232473507523537,0.6039085388183594,0.46028292179107666,-0.04310600459575653,0.5583650469779968,0.4773498773574829,-0.04965956136584282,0.7485321760177612,0.5572555065155029,-0.04311278834939003,0.6844789385795593,0.5024630427360535,-0.05677949637174606,0.635026752948761,0.48839128017425537,-0.06343810260295868,0.5959141850471497,0.4890832006931305,-0.06695342063903809,C
0.8679714202880859,0.7620553970336914,-1.4836861339517782e-07,0.7927389144897461,0.7581908702850342,0.008458244614303112,0.7278876304626465,0.7270715236663818,0.008372561074793339,0.6813621520996094,0.7134865522384644,-0.0003455073747318238,0.6435338258743286,0.683519721031189,-0.00861446000635624,0.7459527850151062,0.5791587829589844,0.04241891950368881,0.7034635543823242,0.5186833739280701,0.03291504457592964,0.6663813591003418,0.5021446943283081,0.017119329422712326,0.6328670382499695,0.5022448897361755,0.005184951703995466,0.7673894166946411,0.5644634962081909,0.021792598068714142,0.7129010558128357,0.4965391159057617,0.010396887548267841,0.6665224432945251,0.4841061234474182,-0.007198222912847996,0.6286389827728271,0.49708205461502075,-0.018964679911732674,0.7893127202987671,0.5595994591712952,-0.00338075403124094,0.732784628868103,0.49126914143562317,-0.015823563560843468,0.682941198348999,0.4821307063102722,-0.027937429025769234,0.643241286277771,0.49329978227615356,-0.035089824348688126,0.8087633848190308,0.5656886696815491,-0.02945822663605213,0.7571525573730469,0.5176168084144592,-0.04210902005434036,0.7159313559532166,0.502997100353241,-0.049673594534397125,0.6809988617897034,0.5001124143600464,-0.053979385644197464,C
0.8221319317817688,0.737263023853302,-5.108835665623701e-08,0.7528588771820068,0.7572903037071228,-0.01129425410181284,0.6795295476913452,0.7422820329666138,-0.019614093005657196,0.6297459602355957,0.7311953902244568,-0.031044485047459602,0.5888299942016602,0.7119688391685486,-0.0415707565844059,0.6767582893371582,0.5907797813415527,0.007451316807419062,0.6287482976913452,0.5297070741653442,-0.012075684033334255,0.5931179523468018,0.5116415023803711,-0.033500876277685165,0.5598105192184448,0.5112527012825012,-0.04796652868390083,0.6999070048332214,0.5695456266403198,-0.0017709844978526235,0.6489508748054504,0.5098237991333008,-0.01977544091641903,0.6081387400627136,0.4962884783744812,-0.03778538852930069,0.569766104221344,0.502467155456543,-0.04937899485230446,0.7268152236938477,0.5537070035934448,-0.015456821769475937,0.673841655254364,0.49908941984176636,-0.031299736350774765,0.6326796412467957,0.4885975122451782,-0.040793731808662415,0.5954309701919556,0.49322986602783203,-0.04576064646244049,0.7577192187309265,0.5449174642562866,-0.03144435957074165,0.7063949108123779,0.5038484930992126,-0.044879332184791565,0.6687230467796326,0.49444854259490967,-0.04912378638982773,0.6356028318405151,0.49597039818763733,-0.05021653324365616,C
0.8289784789085388,0.7367419004440308,-9.044734383678588e-08,0.7599755525588989,0.7541703581809998,-0.0015466504264622927,0.6874812841415405,0.7354645729064941,-0.0030051013454794884,0.6388334631919861,0.7251370549201965,-0.009940608404576778,0.6003608703613281,0.7071089744567871,-0.016375023871660233,0.6895416378974915,0.5887181162834167,0.02564801648259163,0.6430590748786926,0.5310711860656738,0.014294788241386414,0.6076716780662537,0.5125945210456848,-0.0017325992230325937,0.5740803480148315,0.5108039379119873,-0.013864601030945778,0.7098089456558228,0.5689990520477295,0.012031769379973412,0.6559825539588928,0.5093177556991577,-0.0007708152988925576,0.6133626699447632,0.49321186542510986,-0.017472678795456886,0.5746111869812012,0.49767929315567017,-0.02868584170937538,0.7336759567260742,0.55256187915802,-0.005916181486099958,0.6759620904922485,0.49497687816619873,-0.02000298723578453,0.6316626071929932,0.4836519658565521,-0.03171493858098984,0.5920791625976562,0.48882025480270386,-0.03828248381614685,0.7604950666427612,0.5410681962966919,-0.025322236120700836,0.7046034932136536,0.5029517412185669,-0.03949825465679169,0.6641004085540771,0.49398374557495117,-0.04676045477390289,0.6281698346138,0.4952349066734314,-0.050370749086141586,C
0.789050817489624,0.7206170558929443,-1.506766125203285e-07,0.717620313167572,0.723821759223938,-0.0020496274810284376,0.6474465131759644,0.6830142736434937,-0.006392579525709152,0.5924525856971741,0.6674806475639343,-0.017153939232230186,0.5439671874046326,0.6535969972610474,-0.027255451306700706,0.6623443365097046,0.5264802575111389,0.027349412441253662,0.6168021559715271,0.459677129983902,0.013120200484991074,0.5751993656158447,0.43975239992141724,-0.004913807846605778,0.5367462635040283,0.43897682428359985,-0.018059514462947845,0.6816746592521667,0.5091934204101562,0.011586825363337994,0.6272174715995789,0.43220290541648865,-0.0033194893039762974,0.5779545307159424,0.4174743890762329,-0.020575981587171555,0.5348255038261414,0.428561806678772,-0.03177341818809509,0.703190803527832,0.5024304986000061,-0.009047005325555801,0.6462244987487793,0.42251330614089966,-0.023962892591953278,0.5937270522117615,0.4109206795692444,-0.03592849522829056,0.5491594672203064,0.42108649015426636,-0.042745742946863174,0.7231684327125549,0.5066454410552979,-0.03144189342856407,0.6679561138153076,0.44960010051727295,-0.044817499816417694,0.6240013241767883,0.4353055953979492,-0.05205322429537773,0.5856763124465942,0.4352755844593048,-0.05604614317417145,C
0.7836806774139404,0.7059618234634399,-1.4207593324044865e-07,0.711527407169342,0.708621084690094,-0.005494887940585613,0.6413651704788208,0.6729946136474609,-0.010978576727211475,0.5872905254364014,0.6595796346664429,-0.02247028984129429,0.5380613803863525,0.6400837898254395,-0.03291010856628418,0.6518272757530212,0.5224457383155823,0.027660826221108437,0.6072410941123962,0.45890966057777405,0.011469991877675056,0.5673645734786987,0.44206923246383667,-0.009089818224310875,0.5299429893493652,0.4439128041267395,-0.02378530614078045,0.6703963279724121,0.5036444067955017,0.013730923645198345,0.6168453693389893,0.4321863055229187,-0.004024401307106018,0.5695027709007263,0.4200426936149597,-0.025088870897889137,0.5284665822982788,0.4353962540626526,-0.03863450512290001,0.6925775408744812,0.4933466613292694,-0.005478834733366966,0.6367343664169312,0.4175375699996948,-0.02346097119152546,0.5861232876777649,0.40981537103652954,-0.03800828382372856,0.5432872772216797,0.4260290265083313,-0.045700930058956146,0.7160025238990784,0.492156982421875,-0.026569344103336334,0.6611379981040955,0.43720072507858276,-0.04284079372882843,0.6170026063919067,0.4259977340698242,-0.05186663195490837,0.57837975025177,0.431355744600296,-0.056439388543367386,C
0.7842897176742554,0.6946843266487122,-1.4112366386598296e-07,0.7100637555122375,0.6981106996536255,-0.002803081413730979,0.6409180164337158,0.6670236587524414,-0.00779223907738924,0.5873444080352783,0.6552197933197021,-0.019694138318300247,0.5391013622283936,0.633317768573761,-0.030767787247896194,0.6509362459182739,0.5177497863769531,0.032000645995140076,0.606204092502594,0.4546939730644226,0.01541090477257967,0.5673626065254211,0.4393060803413391,-0.006059350911527872,0.5310626029968262,0.4434719979763031,-0.021205803379416466,0.6698036193847656,0.49953579902648926,0.01619265042245388,0.6151494979858398,0.4291500151157379,-0.0031479739118367434,0.5690696835517883,0.41899317502975464,-0.02663566917181015,0.5299253463745117,0.43781739473342896,-0.04142630472779274,0.6922605633735657,0.4890219569206238,-0.0048709530383348465,0.6354992389678955,0.41491401195526123,-0.02370195835828781,0.5862053632736206,0.4094456732273102,-0.03987990692257881,0.5458535552024841,0.42892006039619446,-0.04830251261591911,0.716379702091217,0.4867035448551178,-0.027601992711424828,0.6614808440208435,0.4326743483543396,-0.0444997102022171,0.6174709796905518,0.4216874837875366,-0.054669249802827835,0.5797454118728638,0.4281752407550812,-0.05990040302276611,C
0.7583034634590149,0.8311047554016113,4.212941462355957e-08,0.7124975919723511,0.7930682897567749,-0.030742192640900612,0.6918494701385498,0.7278637290000916,-0.048220064491033554,0.721360445022583,0.6773481369018555,-0.06456632912158966,0.7552110552787781,0.6553463339805603,-0.07975772768259048,0.7026687860488892,0.6116756200790405,-0.02810380794107914,0.6914311647415161,0.5137667655944824,-0.05156759172677994,0.690339982509613,0.45489853620529175,-0.06760220229625702,0.6904292702674866,0.40322738885879517,-0.08009851723909378,0.7492371797561646,0.6104559302330017,-0.029183927923440933,0.7605453133583069,0.5361829400062561,-0.06680809706449509,0.7646936178207397,0.5957826375961304,-0.07788260281085968,0.7615839838981628,0.6447985172271729,-0.07625147700309753,0.7904098033905029,0.6273952126502991,-0.03355676308274269,0.8066210746765137,0.5700380802154541,-0.06920917332172394,0.8029291033744812,0.627893328666687,-0.06517181545495987,0.795178234577179,0.6740385890007019,-0.05220860242843628,0.8254340887069702,0.6568616628646851,-0.04073069989681244,0.8406388163566589,0.6024041771888733,-0.06402754783630371,0.8345910906791687,0.6338352560997009,-0.05860113352537155,0.8259386420249939,0.6661186814308167,-0.0483156256377697,D
0.7500601410865784,0.8353646993637085,7.462182871620371e-09,0.7036468386650085,0.7963940501213074,-0.031134484335780144,0.6824263334274292,0.7281610369682312,-0.04838290065526962,0.7149321436882019,0.6780929565429688,-0.06465839594602585,0.7519739270210266,0.6551605463027954,-0.0796690359711647,0.6952028274536133,0.6044710278511047,-0.026091989129781723,0.6862712502479553,0.5066089034080505,-0.049096666276454926,0.6868206262588501,0.449323832988739,-0.06521744281053543,0.6887760162353516,0.398285448551178,-0.07786265760660172,0.7419660687446594,0.6053644418716431,-0.026881160214543343,0.7551828026771545,0.5357686877250671,-0.06536731868982315,0.7587975859642029,0.5974189639091492,-0.07803750038146973,0.755876898765564,0.6473496556282043,-0.07730469852685928,0.7827017307281494,0.6236738562583923,-0.031113862991333008,0.799167275428772,0.5689225196838379,-0.06733519583940506,0.7956063151359558,0.6260894536972046,-0.06551912426948547,0.7884906530380249,0.67299884557724,-0.05382099747657776,0.8172698020935059,0.654782235622406,-0.03819703683257103,0.8328249454498291,0.6004438400268555,-0.06183597445487976,0.8262702226638794,0.632445752620697,-0.057791680097579956,0.8172473907470703,0.6665570139884949,-0.04839827120304108,D
0.7489147186279297,0.8637950420379639,2.459317638425773e-09,0.7019400000572205,0.8268743753433228,-0.03221956640481949,0.678894579410553,0.7587786316871643,-0.05033866688609123,0.71070396900177,0.7055543661117554,-0.06716947257518768,0.7486587166786194,0.6795504093170166,-0.08263101428747177,0.6922826170921326,0.6301742196083069,-0.027835236862301826,0.6809988617897034,0.5299943685531616,-0.050985392183065414,0.6807785630226135,0.47167354822158813,-0.06667780131101608,0.6822314858436584,0.41980716586112976,-0.07895082980394363,0.7399066686630249,0.6291049122810364,-0.027873605489730835,0.757373034954071,0.5618342757225037,-0.06689567863941193,0.7616052031517029,0.6275520324707031,-0.0780339315533638,0.7567868828773499,0.6803704500198364,-0.07581008225679398,0.780493974685669,0.6464525461196899,-0.03144503012299538,0.7988518476486206,0.5941632986068726,-0.06739214062690735,0.7955038547515869,0.6530904769897461,-0.06355880945920944,0.7867525815963745,0.7007490992546082,-0.05062740668654442,0.814024806022644,0.6773496866226196,-0.0380658395588398,0.8314456939697266,0.6279939413070679,-0.061623137444257736,0.8251338005065918,0.6631556153297424,-0.05666140839457512,0.8145029544830322,0.6986804604530334,-0.04648708552122116,D
0.7834180593490601,0.8040152788162231,4.37692264654288e-08,0.7194241285324097,0.7497948408126831,-0.04844674840569496,0.691519558429718,0.6557791233062744,-0.07600189000368118,0.7445747256278992,0.581575870513916,-0.10106228291988373,0.8031221032142639,0.5454773306846619,-0.12374230474233627,0.7128405570983887,0.48008355498313904,-0.040707409381866455,0.6967897415161133,0.3481336236000061,-0.07310833781957626,0.694732129573822,0.2695521414279938,-0.09406469017267227,0.6945109367370605,0.20200562477111816,-0.11073651164770126,0.7806018590927124,0.4759945273399353,-0.04037647321820259,0.7992885708808899,0.3784220218658447,-0.09572454541921616,0.8100287318229675,0.467532217502594,-0.11242915689945221,0.8072593808174133,0.54022216796875,-0.10992325842380524,0.8381257057189941,0.500649631023407,-0.04551061615347862,0.8653973340988159,0.42367517948150635,-0.09918007999658585,0.8647224307060242,0.5016905069351196,-0.09779214859008789,0.8527026176452637,0.5676374435424805,-0.08158030360937119,0.8851712942123413,0.5457301139831543,-0.05488826334476471,0.9111272692680359,0.4728251099586487,-0.09248535335063934,0.9038000106811523,0.5145295858383179,-0.09037449210882187,0.886238694190979,0.5619031190872192,-0.07907310128211975,D
0.6846922039985657,0.8907898664474487,-6.521432993622511e-08,0.6409967541694641,0.8559302687644958,-0.023793060332536697,0.6130714416503906,0.7882115840911865,-0.037624161690473557,0.639947772026062,0.7436341047286987,-0.051628824323415756,0.6777477264404297,0.73524010181427,-0.06525051593780518,0.6303685903549194,0.6757445931434631,-0.021827105432748795,0.6187540888786316,0.5901070833206177,-0.04089612886309624,0.6133847236633301,0.5391160845756531,-0.053278371691703796,0.6100800633430481,0.4932711124420166,-0.0635664090514183,0.6720211505889893,0.6773757338523865,-0.024453582242131233,0.678554117679596,0.6171913146972656,-0.05813411623239517,0.6777129173278809,0.6791712641716003,-0.06641697138547897,0.6745492219924927,0.7275076508522034,-0.06354696303606033,0.7093638181686401,0.6944233179092407,-0.029850095510482788,0.7188441753387451,0.6425281167030334,-0.061379723250865936,0.7120606899261475,0.6990963816642761,-0.05672834441065788,0.706559419631958,0.7440850138664246,-0.044239580631256104,0.7415594458580017,0.7230309844017029,-0.03750182315707207,0.7498242855072021,0.6710730791091919,-0.05753673240542412,0.7418166995048523,0.7019310593605042,-0.05204027146100998,0.73582923412323,0.7342156171798706,-0.04248267039656639,D
0.7702426910400391,0.854779839515686,-6.955788389717554e-09,0.7250524759292603,0.8164874315261841,-0.03227025270462036,0.7052321434020996,0.7426103949546814,-0.04872613772749901,0.7458943128585815,0.6924997568130493,-0.06364300101995468,0.7903735637664795,0.6782206892967224,-0.07733452320098877,0.722502589225769,0.6272220015525818,-0.028838369995355606,0.7109184265136719,0.5280553698539734,-0.051953624933958054,0.7069632411003113,0.46952903270721436,-0.06692387163639069,0.7044922113418579,0.4189460277557373,-0.07898632436990738,0.7706010341644287,0.6270342469215393,-0.02902943640947342,0.7873865962028503,0.5570603013038635,-0.0692620575428009,0.7915862798690796,0.6223636269569397,-0.08047563582658768,0.7871917486190796,0.6739386320114136,-0.07772823423147202,0.8104262351989746,0.6454653739929199,-0.03275804966688156,0.8305878639221191,0.5932524800300598,-0.07052798569202423,0.8268631100654602,0.6511029601097107,-0.06799889355897903,0.8166561126708984,0.6973974704742432,-0.05517900735139847,0.8425844311714172,0.677186906337738,-0.03942485153675079,0.8615803122520447,0.6289912462234497,-0.06454857438802719,0.8553609848022461,0.6606242656707764,-0.061096906661987305,0.8433353900909424,0.6944805383682251,-0.051816992461681366,D
0.6973192095756531,0.8373653292655945,-4.759050042935087e-08,0.6463271975517273,0.795426607131958,-0.03148719295859337,0.6177589297294617,0.7161015272140503,-0.04926624521613121,0.6540364623069763,0.6618101596832275,-0.06679602712392807,0.6993395686149597,0.6439076066017151,-0.08366808295249939,0.641487717628479,0.5806279182434082,-0.02805848978459835,0.6320295929908752,0.47135990858078003,-0.05110475420951843,0.6310920119285583,0.4074546694755554,-0.06665303558111191,0.6315691471099854,0.35029682517051697,-0.07968149334192276,0.6925849914550781,0.5823724269866943,-0.030300606042146683,0.7044280767440796,0.5055316686630249,-0.07027942687273026,0.7049795985221863,0.5773341059684753,-0.08133638650178909,0.701285719871521,0.6349080801010132,-0.07933397591114044,0.7371991276741028,0.6041315197944641,-0.036131005734205246,0.7510400414466858,0.5380196571350098,-0.07418979704380035,0.7449620962142944,0.6021101474761963,-0.07000193744897842,0.7383977770805359,0.6556714773178101,-0.05647675693035126,0.7750638723373413,0.6396598815917969,-0.04491478204727173,0.7888673543930054,0.569717526435852,-0.07024789601564407,0.7805045247077942,0.6034693121910095,-0.0648871511220932,0.7724854350090027,0.6435689926147461,-0.05454675108194351,D
0.5526401996612549,0.5705389976501465,-9.821189195236002e-08,0.49482208490371704,0.5256940126419067,-0.03207819163799286,0.4519074857234955,0.43992823362350464,-0.050421591848134995,0.46981576085090637,0.3587239384651184,-0.06974083930253983,0.5202956795692444,0.32525256276130676,-0.0879419595003128,0.4846727252006531,0.29747244715690613,-0.021464824676513672,0.47358790040016174,0.18353189527988434,-0.04509356617927551,0.46991419792175293,0.11794614791870117,-0.061657268553972244,0.4731617569923401,0.05836346745491028,-0.07577475905418396,0.5340081453323364,0.2961457371711731,-0.025798626244068146,0.5373613834381104,0.18803484737873077,-0.06553671509027481,0.5256369709968567,0.26344722509384155,-0.07617980241775513,0.523813784122467,0.3243960738182068,-0.07344081997871399,0.5800003409385681,0.3141458034515381,-0.034636832773685455,0.5906211137771606,0.21895505487918854,-0.06978931277990341,0.5723190307617188,0.28252947330474854,-0.06613405793905258,0.5679487586021423,0.3426694869995117,-0.05370425805449486,0.6221112012863159,0.3486092686653137,-0.04726264625787735,0.6294822692871094,0.2627953290939331,-0.06821821630001068,0.6105790138244629,0.2915095388889313,-0.06426059454679489,0.6033021211624146,0.33819663524627686,-0.05646505206823349,D
0.400114506483078,0.7469474673271179,-1.4674220949473238e-07,0.3427458107471466,0.7234132885932922,-0.030475687235593796,0.2913160026073456,0.6559054851531982,-0.053148187696933746,0.273671418428421,0.5887033939361572,-0.0788513720035553,0.30822616815567017,0.5483251810073853,-0.10322767496109009,0.3231257498264313,0.48636844754219055,-0.016078069806098938,0.31127482652664185,0.3763030171394348,-0.044459860771894455,0.3000064790248871,0.3104029595851898,-0.060188740491867065,0.30278950929641724,0.25198179483413696,-0.07187279313802719,0.36450380086898804,0.4917879104614258,-0.023181423544883728,0.3561859428882599,0.388342946767807,-0.06874355673789978,0.33564263582229614,0.4800238013267517,-0.07486697286367416,0.33677735924720764,0.5407189726829529,-0.0654948279261589,0.4057271480560303,0.5109164118766785,-0.0359330028295517,0.40229639410972595,0.42240840196609497,-0.07894744724035263,0.3777434527873993,0.5058693885803223,-0.0681457370519638,0.3776630461215973,0.5657786130905151,-0.04741636663675308,0.4453255534172058,0.5454648733139038,-0.052217163145542145,0.4396553635597229,0.4666121304035187,-0.07763879001140594,0.4147242605686188,0.517223596572876,-0.06866291165351868,0.4104313552379608,0.567647397518158,-0.055092230439186096,D
0.8102371692657471,0.7273444533348083,-2.1899197122365877e-08,0.7617259621620178,0.678708553314209,-0.03299933299422264,0.7409822940826416,0.599294126033783,-0.05109301954507828,0.7778792381286621,0.5363872647285461,-0.06871628761291504,0.8248239159584045,0.5114542841911316,-0.08475729078054428,0.7570956945419312,0.4748991131782532,-0.02339630387723446,0.7430312633514404,0.37196797132492065,-0.04801465570926666,0.7387226819992065,0.3112312853336334,-0.06223360821604729,0.7377541661262512,0.25958752632141113,-0.07240079343318939,0.8083500266075134,0.47774598002433777,-0.025320926681160927,0.8280429244041443,0.39769771695137024,-0.07044579833745956,0.8264487981796265,0.4670090675354004,-0.08180320262908936,0.8185871243476868,0.5258810520172119,-0.07573100179433823,0.852962851524353,0.49853426218032837,-0.03146214038133621,0.872471034526825,0.4473456144332886,-0.07637352496385574,0.8615394234657288,0.5172870755195618,-0.07294116169214249,0.8502020239830017,0.5692838430404663,-0.055466022342443466,0.8899908661842346,0.5329385995864868,-0.04030732810497284,0.9060407280921936,0.47980713844299316,-0.06745564937591553,0.8947485089302063,0.5220445394515991,-0.060554858297109604,0.8832991719245911,0.5628429055213928,-0.04668305069208145,D
0.7571470141410828,0.9777811765670776,-3.198013232008634e-08,0.7100148797035217,0.9311516284942627,-0.04181218892335892,0.6849130392074585,0.8602070808410645,-0.06669824570417404,0.7227432727813721,0.8233807682991028,-0.08870967477560043,0.7688797116279602,0.8121307492256165,-0.10887975990772247,0.7172248363494873,0.7125154137611389,-0.046732984483242035,0.715787947177887,0.5936453342437744,-0.07943447679281235,0.7203295230865479,0.5276896357536316,-0.10009463131427765,0.7263816595077515,0.4673210680484772,-0.11499587446451187,0.7727563381195068,0.7284069657325745,-0.04620533436536789,0.79623943567276,0.6728749871253967,-0.09654972702264786,0.7870880365371704,0.7614412307739258,-0.10701367259025574,0.7742058634757996,0.8220234513282776,-0.1023385152220726,0.8177974224090576,0.7601087689399719,-0.050247035920619965,0.8418245911598206,0.7186718583106995,-0.09683924913406372,0.8219873309135437,0.800392746925354,-0.08711080253124237,0.8016119599342346,0.852092981338501,-0.06764231622219086,0.8532169461250305,0.8048919439315796,-0.05816987156867981,0.8766624927520752,0.7623242735862732,-0.08712981641292572,0.8565627932548523,0.8112378120422363,-0.07659987360239029,0.8336171507835388,0.8486490845680237,-0.06081238016486168,D
0.8095095157623291,0.669816255569458,-1.143245942358817e-09,0.7553327083587646,0.6133807897567749,-0.03816407173871994,0.7360206246376038,0.5175568461418152,-0.058237072080373764,0.7842624187469482,0.4532596468925476,-0.07733818143606186,0.8377522826194763,0.4302354156970978,-0.09515926986932755,0.7649760842323303,0.3779059052467346,-0.029820268973708153,0.757258415222168,0.2565596103668213,-0.05467487871646881,0.7595784664154053,0.1870037317276001,-0.0717918798327446,0.762707531452179,0.12755298614501953,-0.08594080805778503,0.8222850561141968,0.3829977810382843,-0.030870921909809113,0.8440887331962585,0.28865957260131836,-0.07344786077737808,0.8460046648979187,0.3607105314731598,-0.0877101942896843,0.8385274410247803,0.42010194063186646,-0.0870811939239502,0.8704246878623962,0.4094572067260742,-0.036219410598278046,0.899072527885437,0.3295367360115051,-0.0777982622385025,0.8911406397819519,0.39603638648986816,-0.0771867036819458,0.8759724497795105,0.45491212606430054,-0.06517135351896286,0.9085146188735962,0.4527576267719269,-0.04510702192783356,0.935359537601471,0.38045382499694824,-0.07402097433805466,0.9249813556671143,0.4154597520828247,-0.07163193076848984,0.9076778888702393,0.4599589407444,-0.0628296434879303,D
0.26056796312332153,0.7465669512748718,-1.3734845083490654e-07,0.20020791888237,0.7182717323303223,-0.03510301932692528,0.14284998178482056,0.651405930519104,-0.06391569972038269,0.11235823482275009,0.5849997401237488,-0.09589271247386932,0.15249912440776825,0.549239993095398,-0.12664389610290527,0.18286682665348053,0.47059571743011475,-0.020237283781170845,0.1699388325214386,0.3569208085536957,-0.05604127049446106,0.15497185289859772,0.28515106439590454,-0.07610371708869934,0.1546308845281601,0.22457164525985718,-0.09011919051408768,0.22554294764995575,0.4773094058036804,-0.02715553343296051,0.20404648780822754,0.38121557235717773,-0.07997690886259079,0.18098661303520203,0.4848950207233429,-0.085060253739357,0.18669599294662476,0.5459699630737305,-0.07279476523399353,0.26926854252815247,0.4989241063594818,-0.040750883519649506,0.25118333101272583,0.4161624312400818,-0.09263487905263901,0.22383105754852295,0.5132137537002563,-0.07665110379457474,0.22798827290534973,0.5774780511856079,-0.04919508472084999,0.30942851305007935,0.5392674207687378,-0.058203019201755524,0.2877684235572815,0.46920880675315857,-0.09016996622085571,0.26017045974731445,0.5312121510505676,-0.07742879539728165,0.2613627314567566,0.5842461585998535,-0.05842852219939232,D
0.39135125279426575,0.6917195916175842,-1.5959329857651028e-07,0.32763224840164185,0.6484346985816956,-0.02672237902879715,0.2808115482330322,0.574100136756897,-0.04863438010215759,0.26936832070350647,0.49470898509025574,-0.07472962141036987,0.31759434938430786,0.46795761585235596,-0.09995488077402115,0.32787609100341797,0.4132874011993408,-0.01097308099269867,0.32464680075645447,0.29772964119911194,-0.039615992456674576,0.31835874915122986,0.22956062853336334,-0.057981498539447784,0.32261961698532104,0.17031532526016235,-0.07216852903366089,0.3692670464515686,0.4204302430152893,-0.01893443614244461,0.3666157126426697,0.31968051195144653,-0.0625181645154953,0.34450361132621765,0.4108542799949646,-0.06956475973129272,0.3418666124343872,0.47105494141578674,-0.06210692599415779,0.4106108248233795,0.4426775872707367,-0.0322628915309906,0.4122042655944824,0.35579442977905273,-0.07139724493026733,0.38474518060684204,0.43485361337661743,-0.060504693537950516,0.38043925166130066,0.4968647360801697,-0.04099761322140694,0.44746389985084534,0.4850231409072876,-0.04924720898270607,0.44697806239128113,0.40610700845718384,-0.07113519310951233,0.41867145895957947,0.4540497064590454,-0.06142139434814453,0.41116201877593994,0.5072348117828369,-0.04805904999375343,D
0.6032397150993347,0.9525976181030273,-1.7731935031406465e-07,0.5486027598381042,0.8927085399627686,-0.02646789513528347,0.5222094655036926,0.8256974816322327,-0.044388461858034134,0.5512785911560059,0.7740508913993835,-0.06244625896215439,0.6011179685592651,0.7628920078277588,-0.07921919226646423,0.561425507068634,0.6886446475982666,-0.026182863861322403,0.5588940978050232,0.5736079216003418,-0.05595475435256958,0.5614007115364075,0.5102138519287109,-0.08031785488128662,0.5662650465965271,0.45082080364227295,-0.09952499717473984,0.6075820326805115,0.7012926340103149,-0.02980785258114338,0.6144487857818604,0.6229215860366821,-0.06436256319284439,0.6051072478294373,0.7090231776237488,-0.07321418821811676,0.5990920066833496,0.7653422951698303,-0.07352135330438614,0.650372326374054,0.7295310497283936,-0.037379249930381775,0.665047287940979,0.6538717746734619,-0.06560487300157547,0.6463883519172668,0.7316936254501343,-0.05368290841579437,0.6333608031272888,0.7882106304168701,-0.03931327164173126,0.6842856407165527,0.7768869400024414,-0.04884360358119011,0.700947642326355,0.7087875604629517,-0.06671793013811111,0.6783913969993591,0.7523088455200195,-0.05594908446073532,0.6614614725112915,0.7956303358078003,-0.04411158338189125,D
0.7126206159591675,0.8547161817550659,3.126749703596943e-08,0.662401020526886,0.8142186999320984,-0.03996321186423302,0.6356072425842285,0.7430926561355591,-0.06409472227096558,0.6703376173973083,0.6881740689277649,-0.08596549183130264,0.717185378074646,0.6625464558601379,-0.10596566647291183,0.6621953845024109,0.5934268832206726,-0.03661636635661125,0.6639970541000366,0.48282304406166077,-0.06382420659065247,0.6720451712608337,0.4195297956466675,-0.08191534876823425,0.68012535572052,0.3625750243663788,-0.09632931649684906,0.7143508791923523,0.5981738567352295,-0.035998351871967316,0.731914758682251,0.5214099884033203,-0.08047157526016235,0.7325137853622437,0.5969445705413818,-0.09259263426065445,0.7268908619880676,0.6556881070137024,-0.09034904837608337,0.7590509653091431,0.6231344938278198,-0.039725713431835175,0.7786493301391602,0.5586394667625427,-0.08115269243717194,0.7724199891090393,0.6247615218162537,-0.07656174153089523,0.7632554769515991,0.6766979098320007,-0.06212562695145607,0.7971018552780151,0.6624056696891785,-0.04706201329827309,0.814184844493866,0.6023871898651123,-0.07470908015966415,0.803898274898529,0.6400424838066101,-0.06972513347864151,0.7907372713088989,0.678245484828949,-0.059086743742227554,D
0.7882587313652039,0.9703273773193359,-1.2384882452920465e-08,0.7463856339454651,0.9170219898223877,-0.041458241641521454,0.7338685393333435,0.8432275652885437,-0.062077634036540985,0.7809278964996338,0.8014412522315979,-0.07885716110467911,0.8289887309074402,0.7881113290786743,-0.09292417019605637,0.7606738805770874,0.7092592716217041,-0.040073905140161514,0.7597485184669495,0.5938439965248108,-0.06726791709661484,0.7668134570121765,0.5320992469787598,-0.08599793910980225,0.7739202976226807,0.4767437279224396,-0.10046695917844772,0.8137079477310181,0.7213190793991089,-0.037925638258457184,0.8410421013832092,0.6550979614257812,-0.07820803672075272,0.8408913612365723,0.731920063495636,-0.09053477644920349,0.8301411867141724,0.7851032018661499,-0.09041571617126465,0.8556566834449768,0.7497527003288269,-0.04023829102516174,0.885254979133606,0.6909393072128296,-0.07923723757266998,0.8779391646385193,0.7612993717193604,-0.07605589181184769,0.8607099056243896,0.8118115067481995,-0.06384700536727905,0.8879399299621582,0.7956988215446472,-0.04649908095598221,0.9161486625671387,0.7442624568939209,-0.07262305170297623,0.9072545170783997,0.7813937067985535,-0.06764044612646103,0.8860166072845459,0.8198583126068115,-0.05762417986989021,D
0.7503711581230164,0.7120803594589233,-9.174043924531361e-08,0.6890237331390381,0.6526446342468262,-0.045728106051683426,0.6568996906280518,0.5619374513626099,-0.06970901787281036,0.7073624730110168,0.501685619354248,-0.09041839838027954,0.7668013572692871,0.4823276400566101,-0.10875657945871353,0.7019295692443848,0.39297163486480713,-0.045665424317121506,0.7003574371337891,0.2532528340816498,-0.07865654677152634,0.7089635133743286,0.17713570594787598,-0.1026785597205162,0.7186086177825928,0.10756102204322815,-0.1219991147518158,0.7661210894584656,0.4045863151550293,-0.04471595585346222,0.7855232357978821,0.3119930922985077,-0.09014385938644409,0.7773543000221252,0.4092397093772888,-0.10241661965847015,0.7683215141296387,0.47562816739082336,-0.10227133333683014,0.8190680742263794,0.4373607933521271,-0.049064382910728455,0.8460381031036377,0.3493485450744629,-0.09234800189733505,0.827478289604187,0.43689125776290894,-0.08471351861953735,0.811336874961853,0.5028370022773743,-0.06916840374469757,0.8617157936096191,0.4899503290653229,-0.05811788886785507,0.8887659907341003,0.40895506739616394,-0.08797507733106613,0.8694990277290344,0.4549717605113983,-0.08066243678331375,0.8492885231971741,0.5044384002685547,-0.06877578049898148,D
0.6255263686180115,0.829838752746582,-3.3878652772045825e-08,0.581228494644165,0.8001285195350647,-0.02980063296854496,0.5500200390815735,0.7355055809020996,-0.04723602533340454,0.5727376937866211,0.6825051307678223,-0.06395523995161057,0.6092146039009094,0.6599212884902954,-0.07995311915874481,0.5718665719032288,0.6093995571136475,-0.027037452906370163,0.5644592642784119,0.5167379975318909,-0.048132043331861496,0.5642107129096985,0.4621453285217285,-0.062033746391534805,0.566138505935669,0.4121430516242981,-0.073734812438488,0.6151864528656006,0.611670732498169,-0.02836850844323635,0.622113823890686,0.5405206084251404,-0.06297758221626282,0.6193616986274719,0.6071228981018066,-0.07078000158071518,0.6169384717941284,0.6572728753089905,-0.0680198147892952,0.6538523435592651,0.630879282951355,-0.033210452646017075,0.666304349899292,0.562419056892395,-0.06649699062108994,0.6563321948051453,0.6240211725234985,-0.06034410372376442,0.6499137282371521,0.6721457242965698,-0.047382570803165436,0.6878369450569153,0.6633716821670532,-0.040925532579422,0.6992361545562744,0.6032313108444214,-0.06404361873865128,0.6863551735877991,0.6386517882347107,-0.05929156392812729,0.676848828792572,0.6745506525039673,-0.0505559928715229,D
0.7775858640670776,0.922654390335083,-9.862773708846362e-08,0.7338302135467529,0.8589547872543335,-0.030492888763546944,0.7111973166465759,0.7883672714233398,-0.04766078665852547,0.749200165271759,0.7434658408164978,-0.06309220939874649,0.797600269317627,0.7419846653938293,-0.0767008513212204,0.7563105225563049,0.6658738255500793,-0.02939380146563053,0.7644027471542358,0.5582534074783325,-0.05393001064658165,0.7736020088195801,0.5018750429153442,-0.07279686629772186,0.78385329246521,0.4493713676929474,-0.08801647275686264,0.8050093650817871,0.6839165687561035,-0.030118396505713463,0.8254758715629578,0.6168940663337708,-0.061674173921346664,0.8124768137931824,0.6935300230979919,-0.06882592290639877,0.8018161654472351,0.7449244856834412,-0.06773445755243301,0.8453725576400757,0.7161990404129028,-0.03488249331712723,0.870967447757721,0.6529101729393005,-0.06282135844230652,0.848953127861023,0.7190663814544678,-0.054041679948568344,0.8307688236236572,0.766960620880127,-0.04131503775715828,0.8759176731109619,0.7631138563156128,-0.0433710478246212,0.9002825021743774,0.7049973011016846,-0.061070386320352554,0.8789657950401306,0.7393757104873657,-0.05256032198667526,0.8591606616973877,0.7747174501419067,-0.042140327394008636,D
0.6625194549560547,0.5767350196838379,-8.018520958330555e-08,0.610211968421936,0.5299658179283142,-0.02921764925122261,0.5775308609008789,0.44524669647216797,-0.045320503413677216,0.6086843013763428,0.3770667612552643,-0.06171474978327751,0.6584619879722595,0.3654651939868927,-0.07768960297107697,0.6243920922279358,0.321948379278183,-0.022871235385537148,0.6296692490577698,0.21549217402935028,-0.04360557347536087,0.6352338790893555,0.15638847649097443,-0.05758572742342949,0.644629180431366,0.10303083062171936,-0.07017060369253159,0.6720494627952576,0.32866689562797546,-0.026177817955613136,0.6890565752983093,0.23471927642822266,-0.0610584020614624,0.6722923517227173,0.305880069732666,-0.06819532066583633,0.6639785170555115,0.3603545129299164,-0.06445587426424026,0.7132406234741211,0.35191211104393005,-0.03336085379123688,0.7360520362854004,0.2671687602996826,-0.06544586271047592,0.7128883600234985,0.33028578758239746,-0.05883841589093208,0.7018629312515259,0.38585394620895386,-0.04572129249572754,0.7489383220672607,0.3913757801055908,-0.04395970329642296,0.7670360207557678,0.3207055330276489,-0.06584401428699493,0.7454370260238647,0.35522720217704773,-0.06144782528281212,0.7334849834442139,0.3992784023284912,-0.053493570536375046,D
0.8194110989570618,0.8365923762321472,3.710554707936353e-08,0.7740220427513123,0.7875822186470032,-0.03093123808503151,0.7561167478561401,0.7112042307853699,-0.04850658401846886,0.7969132661819458,0.668084979057312,-0.06505217403173447,0.8419498801231384,0.661314070224762,-0.08082738518714905,0.7893421649932861,0.5997267961502075,-0.028192101046442986,0.7938723564147949,0.5050380229949951,-0.05144430324435234,0.803069531917572,0.45192933082580566,-0.06683116406202316,0.8123766779899597,0.40345877408981323,-0.0790390595793724,0.8393135666847229,0.6077003479003906,-0.02930556796491146,0.8673781752586365,0.5417870283126831,-0.06733584403991699,0.8622747659683228,0.6078738570213318,-0.07740287482738495,0.849471390247345,0.656663715839386,-0.07479111105203629,0.878783643245697,0.6329957842826843,-0.033987339586019516,0.9071983695030212,0.5761380195617676,-0.0696273073554039,0.8959932923316956,0.6339036822319031,-0.06539004296064377,0.8794026374816895,0.6784736514091492,-0.052533235400915146,0.9088375568389893,0.6722472310066223,-0.04157000407576561,0.933117151260376,0.6263207793235779,-0.06584975868463516,0.9214871525764465,0.6573336720466614,-0.06156499683856964,0.9037203192710876,0.6872075796127319,-0.05219300836324692,D
0.5057404041290283,0.9743219614028931,-9.146219781541731e-08,0.4592156410217285,0.9279537796974182,-0.034774936735630035,0.42812198400497437,0.8593125343322754,-0.060291074216365814,0.44096630811691284,0.8032882213592529,-0.08624900877475739,0.4824882745742798,0.773377537727356,-0.11072088032960892,0.47754809260368347,0.6993751525878906,-0.026941997930407524,0.48239752650260925,0.5943921208381653,-0.05500262603163719,0.48798397183418274,0.5331414937973022,-0.07318507879972458,0.4990990161895752,0.47747376561164856,-0.08772377669811249,0.522022008895874,0.7156261205673218,-0.03139562904834747,0.535062849521637,0.6310375332832336,-0.07316285371780396,0.5109142661094666,0.715603232383728,-0.08206791430711746,0.4998858869075775,0.7696545720100403,-0.07849833369255066,0.5610043406486511,0.7505812048912048,-0.04083459451794624,0.5800909399986267,0.674124002456665,-0.08110581338405609,0.5483824014663696,0.7508895993232727,-0.07147731631994247,0.5327905416488647,0.804880678653717,-0.0547020398080349,0.5914298295974731,0.8041135668754578,-0.053940534591674805,0.6069837212562561,0.7394434213638306,-0.08149775117635727,0.5779529213905334,0.7850696444511414,-0.07415595650672913,0.5607622861862183,0.8274917602539062,-0.06267817318439484,D
0.696224570274353,0.7188419103622437,-6.370273641920221e-09,0.6459189057350159,0.669762134552002,-0.02808440662920475,0.6244748830795288,0.5765575170516968,-0.04216298460960388,0.6625271439552307,0.5136885643005371,-0.05617137625813484,0.7099596261978149,0.49981847405433655,-0.06978757679462433,0.6593106389045715,0.4605550765991211,-0.021285900846123695,0.6623018383979797,0.35947924852371216,-0.04122253507375717,0.6685524582862854,0.29979899525642395,-0.054615624248981476,0.6773474216461182,0.24862942099571228,-0.06615636497735977,0.7100016474723816,0.468229740858078,-0.024614661931991577,0.7339304089546204,0.37311363220214844,-0.06044149771332741,0.7266491055488586,0.4356083869934082,-0.07021783292293549,0.7180871963500977,0.4914191961288452,-0.06728757917881012,0.7520724534988403,0.494101881980896,-0.03140123933553696,0.7804386615753174,0.40868115425109863,-0.06419340521097183,0.7649063467979431,0.4628039002418518,-0.061148811131715775,0.7510443329811096,0.5138176083564758,-0.0497785285115242,0.7860995531082153,0.5341610908508301,-0.04104948416352272,0.8074526786804199,0.46657902002334595,-0.06275936961174011,0.7937480211257935,0.49031785130500793,-0.05983645096421242,0.7808378338813782,0.5245890021324158,-0.052562128752470016,D
0.19703325629234314,0.6809284687042236,-1.8860998807213036e-07,0.13126301765441895,0.6405090093612671,-0.029179921373724937,0.07368981838226318,0.5441903471946716,-0.05185169726610184,0.05596478283405304,0.4584108889102936,-0.08083365112543106,0.08599094301462173,0.4027367830276489,-0.10871810466051102,0.1410471349954605,0.357460618019104,-0.002766582416370511,0.141668438911438,0.22732174396514893,-0.03158922493457794,0.12954485416412354,0.14715537428855896,-0.04333372786641121,0.13637518882751465,0.08574864268302917,-0.05105944722890854,0.18463823199272156,0.36809998750686646,-0.015072600916028023,0.1747230440378189,0.22315239906311035,-0.06577447056770325,0.12707236409187317,0.3191017210483551,-0.06789475679397583,0.122918501496315,0.3888796269893646,-0.050668470561504364,0.22807353734970093,0.39149168133735657,-0.03476141765713692,0.22799603641033173,0.25801992416381836,-0.08758565038442612,0.17708076536655426,0.3458523452281952,-0.07423661649227142,0.16765880584716797,0.42180925607681274,-0.04663441330194473,0.2706640660762787,0.4331291615962982,-0.057849347591400146,0.25560376048088074,0.3268083930015564,-0.0917113646864891,0.2152588963508606,0.3810725510120392,-0.08143265545368195,0.20796972513198853,0.44786134362220764,-0.06332298368215561,D
0.3577926754951477,0.7369773387908936,-7.128839740744297e-08,0.2889590263366699,0.6946202516555786,-0.047792378813028336,0.23825545608997345,0.5996654629707336,-0.07709185034036636,0.2640976309776306,0.5102976560592651,-0.10540211945772171,0.3132368326187134,0.4563543498516083,-0.13236773014068604,0.27666425704956055,0.3933713436126709,-0.04084029421210289,0.2655181288719177,0.2531638741493225,-0.07628877460956573,0.2624356150627136,0.16858536005020142,-0.09808431565761566,0.26533132791519165,0.09171643853187561,-0.11542380601167679,0.34174561500549316,0.3933570981025696,-0.044374920427799225,0.3552551865577698,0.262870192527771,-0.09835231304168701,0.34203997254371643,0.37156909704208374,-0.10886617749929428,0.33618423342704773,0.4446668326854706,-0.10236996412277222,0.4001295864582062,0.4213797450065613,-0.05404330790042877,0.4223722219467163,0.3075059652328491,-0.10627977550029755,0.39701032638549805,0.40638604760169983,-0.09585447609424591,0.38486385345458984,0.4763856828212738,-0.07475960999727249,0.4513263404369354,0.47341445088386536,-0.06840376555919647,0.4700089693069458,0.37715938687324524,-0.10286072641611099,0.4456823468208313,0.43137431144714355,-0.094688281416893,0.431753933429718,0.4836605489253998,-0.08087296038866043,D
0.5902937054634094,0.6838427186012268,2.6015025689218874e-09,0.5275476574897766,0.6353732347488403,-0.03898641839623451,0.49196290969848633,0.5365286469459534,-0.060704510658979416,0.5335578918457031,0.45515477657318115,-0.08093953877687454,0.5900026559829712,0.4265538156032562,-0.10084912180900574,0.5210023522377014,0.38221490383148193,-0.03860347345471382,0.5084855556488037,0.2563304901123047,-0.0661083310842514,0.5075206160545349,0.1809113621711731,-0.08540071547031403,0.508710503578186,0.11390107870101929,-0.10205097496509552,0.5837946534156799,0.3796344995498657,-0.04082818701863289,0.6049569845199585,0.2584474980831146,-0.08381018787622452,0.6031501889228821,0.3450793921947479,-0.09481329470872879,0.5949098467826843,0.4128257632255554,-0.0919128879904747,0.6366143822669983,0.4030991494655609,-0.04702673479914665,0.6620458960533142,0.2989930212497711,-0.08533308655023575,0.6487516164779663,0.3737742602825165,-0.07927700877189636,0.6343557238578796,0.4370335042476654,-0.06517630070447922,0.6791368126869202,0.44748836755752563,-0.05719216912984848,0.7008911371231079,0.3657257556915283,-0.08245430141687393,0.6870269775390625,0.4008530378341675,-0.07744196802377701,0.6726683974266052,0.44385603070259094,-0.06844773143529892,D
0.7232645153999329,0.766896665096283,1.4501249268050742e-07,0.6743519306182861,0.7165181040763855,-0.03493688628077507,0.6626421809196472,0.6210287809371948,-0.047804027795791626,0.7116856575012207,0.5529028177261353,-0.05881987884640694,0.7579687833786011,0.5283631682395935,-0.06896840780973434,0.6597598195075989,0.5093429684638977,-0.020093198865652084,0.6434570550918579,0.4028579890727997,-0.03761618584394455,0.6393532752990723,0.3363266587257385,-0.05140514299273491,0.638307511806488,0.2793286442756653,-0.06368953734636307,0.7113704681396484,0.5044212937355042,-0.018970949575304985,0.7364909052848816,0.40171605348587036,-0.054980773478746414,0.760637104511261,0.45022380352020264,-0.07441497594118118,0.7676053047180176,0.5054534077644348,-0.07809121906757355,0.7541406154632568,0.5195002555847168,-0.02136889286339283,0.7816970348358154,0.44101428985595703,-0.05664437264204025,0.7935769557952881,0.48248526453971863,-0.06850691139698029,0.78959059715271,0.5315659046173096,-0.06629706919193268,0.7878792881965637,0.5505334734916687,-0.0266701802611351,0.8131739497184753,0.4859771132469177,-0.05093204975128174,0.8189866542816162,0.5079411864280701,-0.056392066180706024,0.8110678791999817,0.5489782691001892,-0.05485396832227707,D
0.747286856174469,0.7640358209609985,-2.16646665052167e-08,0.6949599981307983,0.719353973865509,-0.03360298275947571,0.6688287258148193,0.6308989524841309,-0.05223513022065163,0.7063004374504089,0.5707620978355408,-0.07016921788454056,0.7533488869667053,0.5563105344772339,-0.08751019835472107,0.7091540098190308,0.49919751286506653,-0.02776459790766239,0.7095252275466919,0.3945268392562866,-0.052760060876607895,0.7147486805915833,0.331910103559494,-0.06931670010089874,0.7234063148498535,0.2764582633972168,-0.08281779289245605,0.763128936290741,0.5049014091491699,-0.030020831152796745,0.7853265404701233,0.4135991930961609,-0.07112207263708115,0.7737205624580383,0.48894816637039185,-0.08064887672662735,0.7639357447624207,0.5468575358390808,-0.07636851817369461,0.8079807758331299,0.530746579170227,-0.036516036838293076,0.8355491757392883,0.4503779113292694,-0.0752151757478714,0.8144480586051941,0.5153648257255554,-0.06972990930080414,0.799447774887085,0.5687609910964966,-0.054870471358299255,0.8445452451705933,0.5723758339881897,-0.04628615453839302,0.8669154644012451,0.502790629863739,-0.07242371886968613,0.847234308719635,0.5352957844734192,-0.06792860478162766,0.8314834833145142,0.573502779006958,-0.05818740278482437,D
0.73326575756073,0.8868076205253601,-2.5639790734999224e-08,0.6829687356948853,0.8393559455871582,-0.04010290279984474,0.6524331569671631,0.768410861492157,-0.06421618163585663,0.6913279294967651,0.7273734211921692,-0.08515138924121857,0.7427852153778076,0.7223793864250183,-0.10399045050144196,0.6971386075019836,0.628677487373352,-0.04494541510939598,0.695871114730835,0.513532817363739,-0.08000156283378601,0.7036731243133545,0.44978582859039307,-0.10367653518915176,0.7128549814224243,0.39000311493873596,-0.12132368981838226,0.7562146186828613,0.6395538449287415,-0.04544297605752945,0.7816625833511353,0.573653519153595,-0.093368761241436,0.7677663564682007,0.6676915287971497,-0.10220541805028915,0.7520543336868286,0.7228001952171326,-0.09778518974781036,0.8030617237091064,0.6681575179100037,-0.05081893131136894,0.833310067653656,0.6113876700401306,-0.09636522084474564,0.8072870373725891,0.6961349844932556,-0.08419620990753174,0.7818266153335571,0.7462296485900879,-0.0641537755727768,0.8386021256446838,0.7120140194892883,-0.0600731335580349,0.868131160736084,0.6652125120162964,-0.09140375256538391,0.8431369662284851,0.7142553329467773,-0.08139734715223312,0.8154171109199524,0.7484679222106934,-0.0662398636341095,D
0.7204675078392029,0.7592943906784058,7.982401939443662e-08,0.668544352054596,0.6994354128837585,-0.024715211242437363,0.657938539981842,0.599803626537323,-0.03140567988157272,0.7086283564567566,0.5384117960929871,-0.03811822459101677,0.7590353488922119,0.5265676379203796,-0.04424714297056198,0.6678714752197266,0.5056604743003845,-0.008884463459253311,0.6579678654670715,0.4055219888687134,-0.02429167926311493,0.6591281294822693,0.34221208095550537,-0.034019630402326584,0.6627834439277649,0.2896231412887573,-0.04222788289189339,0.7200288772583008,0.505021333694458,-0.011326959356665611,0.7541221976280212,0.4033122658729553,-0.045690055936574936,0.7653031349182129,0.4602810740470886,-0.057510197162628174,0.7592111825942993,0.5203422904014587,-0.05326555296778679,0.7635264992713928,0.5224756002426147,-0.01720242202281952,0.7969272136688232,0.4488818645477295,-0.04908567667007446,0.7974339127540588,0.4966207444667816,-0.05269349738955498,0.7852185368537903,0.5432326197624207,-0.0433545857667923,0.7979379296302795,0.5549724698066711,-0.02538272552192211,0.8254251480102539,0.493564635515213,-0.044210486114025116,0.8229719400405884,0.5160330533981323,-0.04334542900323868,0.8089004755020142,0.5517348647117615,-0.03671896085143089,D
0.7304365038871765,0.7554315328598022,-6.973574073754207e-08,0.6759970188140869,0.6967527866363525,-0.033127620816230774,0.6494641900062561,0.5994712114334106,-0.05125395953655243,0.6911067962646484,0.5346552133560181,-0.06927911192178726,0.7451379895210266,0.5237328410148621,-0.0864577442407608,0.7057092785835266,0.46682244539260864,-0.02562102861702442,0.715545117855072,0.35777348279953003,-0.050076425075531006,0.7259103059768677,0.29554903507232666,-0.06664067506790161,0.7390959858894348,0.23900336027145386,-0.08066795021295547,0.7612264156341553,0.47819387912750244,-0.028561268001794815,0.786110520362854,0.3863399624824524,-0.06941653788089752,0.7658549547195435,0.4630129337310791,-0.07882245630025864,0.7520612478256226,0.5226075053215027,-0.07493788748979568,0.8068141937255859,0.5095967054367065,-0.03590285778045654,0.8373756408691406,0.4239200949668884,-0.07289762049913406,0.809527575969696,0.48791104555130005,-0.06621845811605453,0.79118412733078,0.5433336496353149,-0.05124818533658981,0.8438472747802734,0.5578438639640808,-0.04685390740633011,0.868694543838501,0.48492708802223206,-0.07087323069572449,0.845111072063446,0.5136300921440125,-0.06552071869373322,0.8275551795959473,0.552010715007782,-0.055672693997621536,D
0.7226911187171936,0.8026437759399414,1.657781290020921e-08,0.6569175124168396,0.7530646324157715,-0.03048347868025303,0.6230483055114746,0.6482574939727783,-0.04404577985405922,0.6597639322280884,0.5630120635032654,-0.058091409504413605,0.7142143249511719,0.539337158203125,-0.07159257680177689,0.6531221270561218,0.5291436910629272,-0.015596786513924599,0.6466778516769409,0.42459654808044434,-0.03579505532979965,0.6461249589920044,0.3585197329521179,-0.05079849436879158,0.6497001647949219,0.3019503653049469,-0.06387696415185928,0.7094817161560059,0.524612545967102,-0.019526749849319458,0.7265253663063049,0.40740785002708435,-0.05841613933444023,0.7249301075935364,0.4639073610305786,-0.07269897311925888,0.7201332449913025,0.5259653329849243,-0.0709218755364418,0.7589158415794373,0.5413639545440674,-0.027418050915002823,0.7781652808189392,0.44232192635536194,-0.062057506293058395,0.7694429755210876,0.4884015619754791,-0.0646565780043602,0.7610686421394348,0.5436599850654602,-0.055394530296325684,0.8024494647979736,0.5734332203865051,-0.03849603980779648,0.8136920928955078,0.4902184009552002,-0.05944569781422615,0.8039357662200928,0.5045037269592285,-0.0587148442864418,0.795314371585846,0.5408886671066284,-0.05254125967621803,D
0.7180528044700623,0.7833251953125,-3.9971702392449515e-08,0.6612482666969299,0.7356368899345398,-0.04015198349952698,0.628136396408081,0.6496466398239136,-0.0647725909948349,0.6654590368270874,0.5904234647750854,-0.08802330493927002,0.7187560200691223,0.5767066478729248,-0.1102941557765007,0.6717005968093872,0.4951644241809845,-0.038875702768564224,0.6708687543869019,0.3764033317565918,-0.07026628404855728,0.6780878305435181,0.30789172649383545,-0.09205400198698044,0.687836229801178,0.24518442153930664,-0.10952305048704147,0.7316522002220154,0.5015395879745483,-0.039685867726802826,0.7529979944229126,0.4199637770652771,-0.08367209881544113,0.7412130832672119,0.512180507183075,-0.09347055852413177,0.7298951745033264,0.5687287449836731,-0.0911979079246521,0.7817628383636475,0.5293646454811096,-0.04540933668613434,0.8095041513442993,0.4480976462364197,-0.08734018355607986,0.7879896759986877,0.5295899510383606,-0.07795453816652298,0.7710455656051636,0.5877026319503784,-0.06137887015938759,0.8213935494422913,0.5764133334159851,-0.05512430891394615,0.8475784063339233,0.5023051500320435,-0.08420053869485855,0.8261958956718445,0.5469411015510559,-0.07679638266563416,0.8078801035881042,0.5894232988357544,-0.0650588721036911,D
0.7164064049720764,0.80362868309021,-1.7768309490406864e-08,0.6616967916488647,0.7539847493171692,-0.032164283096790314,0.6318277716636658,0.6591098308563232,-0.04944062978029251,0.6695176362991333,0.5891252756118774,-0.06631959229707718,0.7234748601913452,0.5727994441986084,-0.08252715319395065,0.6705973148345947,0.5264609456062317,-0.024049371480941772,0.6700453162193298,0.4202733039855957,-0.0454532727599144,0.6739323139190674,0.3574729561805725,-0.059539031237363815,0.6799200773239136,0.3021438717842102,-0.07202466577291489,0.7261126637458801,0.5306851863861084,-0.027009831741452217,0.7503717541694641,0.43068927526474,-0.0645132064819336,0.7439892888069153,0.5067318081855774,-0.0729883685708046,0.7336761355400085,0.566412627696991,-0.06854092329740524,0.772852897644043,0.5559059381484985,-0.034010786563158035,0.8007028102874756,0.4664219617843628,-0.06954504549503326,0.7863453030586243,0.5315360426902771,-0.06408732384443283,0.7712502479553223,0.5859915614128113,-0.050176918506622314,0.810734748840332,0.5982317924499512,-0.04424016550183296,0.8329519033432007,0.5237448811531067,-0.06820923835039139,0.8185616731643677,0.5558050274848938,-0.06359612196683884,0.8029717206954956,0.5954229235649109,-0.05454874038696289,D
0.7656053304672241,0.7594664692878723,8.012882801722299e-09,0.7131412625312805,0.7097249031066895,-0.028030695393681526,0.6884711980819702,0.6127880811691284,-0.04131477326154709,0.7271694540977478,0.5444918274879456,-0.054312702268362045,0.779892086982727,0.5346068739891052,-0.06680265069007874,0.7197259664535522,0.5023739337921143,-0.019667139276862144,0.717943012714386,0.405190646648407,-0.03789796680212021,0.7216556072235107,0.34751245379447937,-0.05031746253371239,0.7267784476280212,0.29699474573135376,-0.06162909045815468,0.7712876796722412,0.5059030652046204,-0.022452810779213905,0.796150267124176,0.4116355776786804,-0.0557469017803669,0.7943122982978821,0.4760993719100952,-0.06383930891752243,0.7847656607627869,0.5290640592575073,-0.05986428260803223,0.8148872256278992,0.5289303660392761,-0.028672218322753906,0.8404591679573059,0.4484829902648926,-0.059315990656614304,0.8307347893714905,0.5032788515090942,-0.055596817284822464,0.8168984651565552,0.5509486794471741,-0.0439070500433445,0.8510460257530212,0.5670716166496277,-0.03777942806482315,0.8712377548217773,0.4993663728237152,-0.05746391788125038,0.8605596423149109,0.5250547528266907,-0.053319498896598816,0.8466758131980896,0.5588344931602478,-0.045415520668029785,D
0.7738304734230042,0.7925347685813904,-1.0012097817480026e-08,0.7236712574958801,0.7360333204269409,-0.029135672375559807,0.7043048143386841,0.6357460618019104,-0.04400545358657837,0.750455915927887,0.5754306316375732,-0.0585540272295475,0.8038330674171448,0.5671299695968628,-0.07255689799785614,0.7434697151184082,0.514119029045105,-0.022957181558012962,0.743715763092041,0.41116777062416077,-0.04377884045243263,0.7493533492088318,0.3494745194911957,-0.05705185979604721,0.7543622255325317,0.29529881477355957,-0.06852874159812927,0.7982346415519714,0.5227493047714233,-0.026407716795802116,0.8308218717575073,0.431088387966156,-0.06342179328203201,0.8271411061286926,0.5033063292503357,-0.07161795347929001,0.8108155131340027,0.5597434043884277,-0.06663984805345535,0.8425678014755249,0.5524250268936157,-0.033353615552186966,0.8776575922966003,0.4755334258079529,-0.06916563957929611,0.8652750849723816,0.5396471619606018,-0.0634739026427269,0.8433682322502136,0.5893076658248901,-0.048889681696891785,0.8763631582260132,0.5986276865005493,-0.04307999461889267,0.9062843322753906,0.5354259014129639,-0.06690023094415665,0.8942884206771851,0.5669110417366028,-0.061182886362075806,0.8730669021606445,0.600042998790741,-0.05086403340101242,D
0.7269619107246399,0.9160546064376831,-1.548513850480049e-08,0.6760669946670532,0.8667028546333313,-0.0332648865878582,0.6501904129981995,0.777076244354248,-0.05210675299167633,0.6901377439498901,0.7227587103843689,-0.07015607506036758,0.73931485414505,0.7144438624382019,-0.08760607987642288,0.6919695138931274,0.6493225693702698,-0.029085982590913773,0.6935710310935974,0.5430641174316406,-0.05283008888363838,0.699959397315979,0.4828537106513977,-0.0682472214102745,0.7065037488937378,0.42942824959754944,-0.08149668574333191,0.7455658912658691,0.6576682329177856,-0.031344808638095856,0.7706390023231506,0.5762739777565002,-0.07089492678642273,0.7635678052902222,0.654001772403717,-0.07976390421390533,0.7507232427597046,0.7085220813751221,-0.07620639353990555,0.7893207669258118,0.686451256275177,-0.03769870847463608,0.8181489109992981,0.6132062077522278,-0.0751352459192276,0.8040398359298706,0.680631160736084,-0.06920327246189117,0.786774754524231,0.7299420237541199,-0.05542026087641716,0.8247937560081482,0.731238603591919,-0.04725732281804085,0.8515977263450623,0.6708716750144958,-0.07324237376451492,0.8365023136138916,0.7067754864692688,-0.06870053708553314,0.8174570202827454,0.7401379346847534,-0.05974753946065903,D
0.7298568487167358,0.6167041659355164,1.859760523359455e-08,0.6744169592857361,0.5662128925323486,-0.028010286390781403,0.6506844758987427,0.47337719798088074,-0.04155765101313591,0.6900078058242798,0.4054428040981293,-0.054982587695121765,0.7402374744415283,0.38656795024871826,-0.06785570830106735,0.6840183138847351,0.36396732926368713,-0.016743727028369904,0.6769726276397705,0.27093183994293213,-0.03403158485889435,0.6777515411376953,0.214540496468544,-0.04658686742186546,0.6822208762168884,0.16632336378097534,-0.05758962407708168,0.7346103191375732,0.36582034826278687,-0.019457899034023285,0.7596973180770874,0.26871567964553833,-0.05173007771372795,0.756196916103363,0.32581815123558044,-0.062227461487054825,0.7471445798873901,0.3804648816585541,-0.059848226606845856,0.7769810557365417,0.38697493076324463,-0.02565598301589489,0.8031796216964722,0.30219316482543945,-0.055120907723903656,0.7932531237602234,0.35132479667663574,-0.053978607058525085,0.7817873358726501,0.4007986783981323,-0.04415341466665268,0.8119140863418579,0.4237012565135956,-0.034722231328487396,0.8310557007789612,0.35503488779067993,-0.053217045962810516,0.8211215138435364,0.3780006170272827,-0.04998881369829178,0.8097866177558899,0.4142754077911377,-0.04279479756951332,D
0.8036927580833435,0.555931568145752,5.3558007806486785e-08,0.7493011951446533,0.4941483736038208,-0.03465614840388298,0.7330198884010315,0.38952842354774475,-0.051195692270994186,0.7805845737457275,0.3164443075656891,-0.06763219088315964,0.8376844525337219,0.3031879961490631,-0.0829973965883255,0.773209273815155,0.2754727602005005,-0.017313571646809578,0.7702406644821167,0.17382138967514038,-0.039121728390455246,0.7743244171142578,0.11060120165348053,-0.05460194870829582,0.7834431529045105,0.05766931176185608,-0.06735850870609283,0.8295106291770935,0.2837410271167755,-0.019403766840696335,0.8690545558929443,0.18126089870929718,-0.06090940535068512,0.8624398112297058,0.2444293200969696,-0.07592243701219559,0.8469479084014893,0.30360132455825806,-0.07343822717666626,0.8746023178100586,0.31058257818222046,-0.02591823972761631,0.9135903120040894,0.22665536403656006,-0.0637003555893898,0.8997182846069336,0.2797960042953491,-0.0656004250049591,0.8800537586212158,0.33191007375717163,-0.05455275624990463,0.9100661873817444,0.35314249992370605,-0.03583868592977524,0.9404860734939575,0.2851998209953308,-0.05866708606481552,0.9296813607215881,0.30752432346343994,-0.057237304747104645,0.9115194082260132,0.342488169670105,-0.04970874264836311,D
0.7086739540100098,0.8090238571166992,-2.0917884313575996e-08,0.6583748459815979,0.760657548904419,-0.029865780845284462,0.6333203911781311,0.6697255373001099,-0.045887235552072525,0.6739333868026733,0.6114174127578735,-0.061360668390989304,0.7243353128433228,0.6063182950019836,-0.0764087587594986,0.6736215353012085,0.5501059293746948,-0.026131022721529007,0.6745216846466064,0.4477434754371643,-0.04729504510760307,0.6805590391159058,0.38887596130371094,-0.06129126995801926,0.6869880557060242,0.33704712986946106,-0.07363061606884003,0.7259343266487122,0.5571627616882324,-0.02842017263174057,0.752986490726471,0.4761674404144287,-0.0635884627699852,0.7471221089363098,0.5482289791107178,-0.07082382589578629,0.734399676322937,0.6000821590423584,-0.06713969260454178,0.7687712907791138,0.5837651491165161,-0.03430217131972313,0.7991673946380615,0.5113786458969116,-0.0672014132142067,0.7851670980453491,0.5733803510665894,-0.06026528403162956,0.7670186161994934,0.62088543176651,-0.046914875507354736,0.802582859992981,0.6264140605926514,-0.04326127469539642,0.8294932246208191,0.5647423267364502,-0.06541047245264053,0.8157245516777039,0.5966365933418274,-0.05971655622124672,0.7977096438407898,0.6297234892845154,-0.05065610259771347,D
0.7247722148895264,0.7829579710960388,3.479496157865469e-08,0.6701276302337646,0.7301474809646606,-0.03220374137163162,0.6430643796920776,0.635001540184021,-0.049116089940071106,0.6846351623535156,0.5648430585861206,-0.06540302187204361,0.740423321723938,0.5466817617416382,-0.08092954754829407,0.6774773597717285,0.5051925182342529,-0.023736674338579178,0.6770018339157104,0.3982722759246826,-0.04436079040169716,0.6809778213500977,0.3339674472808838,-0.05894892290234566,0.6873577237129211,0.27919161319732666,-0.07174670696258545,0.7324365973472595,0.510417103767395,-0.026603566482663155,0.7545409202575684,0.40520697832107544,-0.0639338493347168,0.7507494688034058,0.4657323360443115,-0.07600513845682144,0.7430535554885864,0.5254262685775757,-0.07401930540800095,0.7785914540290833,0.5365626811981201,-0.03316795080900192,0.8043293952941895,0.4458441138267517,-0.06672625988721848,0.7932278513908386,0.49649280309677124,-0.06601925194263458,0.7812373042106628,0.548969566822052,-0.05583462119102478,0.8162160515785217,0.5785970091819763,-0.04299938306212425,0.8328801989555359,0.5072923898696899,-0.06477173417806625,0.8206275105476379,0.5293751358985901,-0.06251683831214905,0.8082155585289001,0.5658599734306335,-0.055503472685813904,D
0.6895336508750916,0.9302202463150024,-3.1265845468197995e-09,0.6370713114738464,0.8786588311195374,-0.0360981710255146,0.6099913120269775,0.7895307540893555,-0.057104356586933136,0.6476193070411682,0.7337304353713989,-0.07720255851745605,0.6973448395729065,0.7250398397445679,-0.0964759960770607,0.6508575081825256,0.6486741304397583,-0.030481699854135513,0.6550226211547852,0.5381839871406555,-0.054859623312950134,0.6622942686080933,0.476101815700531,-0.07072806358337402,0.6701095104217529,0.41918477416038513,-0.084219790995121,0.7041406631469727,0.6580411791801453,-0.03268667683005333,0.7247018218040466,0.572476327419281,-0.07514584809541702,0.7179871797561646,0.650863766670227,-0.0857464149594307,0.7078419923782349,0.709635853767395,-0.08246355503797531,0.7495298981666565,0.6876281499862671,-0.03915246203541756,0.775831401348114,0.6097554564476013,-0.07983344793319702,0.7619231939315796,0.6801990270614624,-0.0750657171010971,0.7470629215240479,0.7351697087287903,-0.060740403831005096,0.7874187231063843,0.733085036277771,-0.04903345927596092,0.8099185824394226,0.6672484874725342,-0.07682359963655472,0.7940499782562256,0.7068687081336975,-0.07221908867359161,0.7771465182304382,0.7465755343437195,-0.062352318316698074,D
0.7227601408958435,0.704630970954895,-3.913435620006567e-08,0.6671874523162842,0.6463987827301025,-0.030982831493020058,0.6442738771438599,0.5482947826385498,-0.04830360412597656,0.6888666152954102,0.48623737692832947,-0.06588989496231079,0.7439454793930054,0.47317662835121155,-0.08311118930578232,0.6859276294708252,0.41837894916534424,-0.023962201550602913,0.6936195492744446,0.30931949615478516,-0.04590173065662384,0.7046319842338562,0.24773941934108734,-0.061120856553316116,0.715732991695404,0.1930934190750122,-0.07439315319061279,0.7405714988708496,0.42652198672294617,-0.027744142338633537,0.7614665627479553,0.3307492136955261,-0.06602589786052704,0.7510430216789246,0.4069090187549591,-0.07610800117254257,0.7395390272140503,0.4673027992248535,-0.07346135377883911,0.787354588508606,0.45459455251693726,-0.035425227135419846,0.8140066266059875,0.36510464549064636,-0.07131696492433548,0.795934796333313,0.4312961995601654,-0.06692837923765182,0.77998286485672,0.48950129747390747,-0.05411683768033981,0.8258897662162781,0.4990522265434265,-0.0462823361158371,0.8471876382827759,0.42117154598236084,-0.07063548266887665,0.8289048075675964,0.4523955285549164,-0.06649487465620041,0.8114810585975647,0.49519675970077515,-0.057889532297849655,D
0.6631082892417908,0.9004518985748291,-9.05546286844583e-08,0.6064754724502563,0.8474116325378418,-0.03737806901335716,0.5772561430931091,0.758411169052124,-0.05842670053243637,0.6223719716072083,0.701049268245697,-0.078262098133564,0.6739714741706848,0.6806469559669495,-0.09690864384174347,0.6133397817611694,0.5942352414131165,-0.03334881365299225,0.610979437828064,0.4717121720314026,-0.060327861458063126,0.6158329844474792,0.4020380973815918,-0.07790055125951767,0.6209511756896973,0.3388557732105255,-0.09232668578624725,0.6747692227363586,0.6026008129119873,-0.035187728703022,0.6966867446899414,0.519306480884552,-0.07791312038898468,0.6874305605888367,0.6140481233596802,-0.0865182876586914,0.6764330267906189,0.6768931746482849,-0.0822429358959198,0.7259013652801514,0.6334270238876343,-0.04170361906290054,0.7529082298278809,0.5544411540031433,-0.08350038528442383,0.7342819571495056,0.6370620131492615,-0.07448618113994598,0.7183049321174622,0.6954566836357117,-0.05729450657963753,0.7668346166610718,0.6828795075416565,-0.05174219608306885,0.7912840247154236,0.6098056435585022,-0.07962218672037125,0.7713659405708313,0.6552162766456604,-0.0709984228014946,0.7524646520614624,0.6980603933334351,-0.05796900391578674,D
0.7756506204605103,0.8830171823501587,2.4480105054180967e-08,0.7304049730300903,0.8260696530342102,-0.029931895434856415,0.7230195999145508,0.7347675561904907,-0.04473955184221268,0.7747523784637451,0.6812826991081238,-0.05896415188908577,0.8232956528663635,0.6649014949798584,-0.07236368209123611,0.7464505434036255,0.6117669939994812,-0.019384553655982018,0.7461503744125366,0.5130182504653931,-0.03978228569030762,0.752418041229248,0.4533824920654297,-0.05317480489611626,0.759028971195221,0.40296587347984314,-0.06406506896018982,0.8000481128692627,0.6195951104164124,-0.02182966284453869,0.8341421484947205,0.5347099900245667,-0.059486426413059235,0.832640528678894,0.6033005118370056,-0.07068493217229843,0.8188406825065613,0.6580036878585815,-0.0671720877289772,0.8426126837730408,0.645872950553894,-0.02809530682861805,0.8777194023132324,0.5779942274093628,-0.06383481621742249,0.8695595264434814,0.6358644366264343,-0.06237833946943283,0.8518425822257996,0.6821905374526978,-0.05032790079712868,0.8736231327056885,0.6877721548080444,-0.0371055044233799,0.902161717414856,0.6300151348114014,-0.05987739562988281,0.8935216665267944,0.6598453521728516,-0.056122541427612305,0.8751559853553772,0.6920087337493896,-0.0471096932888031,D
0.6194957494735718,0.6864378452301025,-4.7571202088647624e-08,0.5580671429634094,0.6389074325561523,-0.029993770644068718,0.5214991569519043,0.5422697067260742,-0.047456126660108566,0.5563350915908813,0.4640624523162842,-0.06559091806411743,0.6084181666374207,0.4397444427013397,-0.08350222557783127,0.558659553527832,0.4017587900161743,-0.02400084212422371,0.5618637800216675,0.28863537311553955,-0.04598308354616165,0.5717578530311584,0.22419357299804688,-0.061769209802150726,0.584018349647522,0.1696319580078125,-0.07535932958126068,0.6119712591171265,0.40427714586257935,-0.02809610776603222,0.627387285232544,0.29508501291275024,-0.06405515223741531,0.6186515092849731,0.3716323673725128,-0.0731622576713562,0.612514853477478,0.4300408959388733,-0.07082905620336533,0.6594241261482239,0.42486363649368286,-0.0360589325428009,0.6814811825752258,0.3187626302242279,-0.06774356216192245,0.6639742851257324,0.3820780813694,-0.06317084282636642,0.6519033908843994,0.4433490037918091,-0.05191121995449066,0.7004244327545166,0.4631381034851074,-0.04748181626200676,0.7156848907470703,0.37493735551834106,-0.06867455691099167,0.6983689665794373,0.4015476703643799,-0.06532374769449234,0.6854659914970398,0.4461936354637146,-0.05848805606365204,D
0.7183395624160767,0.9602109789848328,-2.9086499875319305e-09,0.6727653741836548,0.9010524153709412,-0.02928287349641323,0.6634968519210815,0.8125706911087036,-0.04551228880882263,0.7118510603904724,0.7693319320678711,-0.06134043261408806,0.7593185901641846,0.7631129026412964,-0.07640829682350159,0.6977080702781677,0.6846066117286682,-0.02622630074620247,0.7119980454444885,0.5785379409790039,-0.04898732900619507,0.7285916209220886,0.5192264318466187,-0.06355402618646622,0.7411417961120605,0.46737194061279297,-0.07502461224794388,0.7491225600242615,0.6996975541114807,-0.029266206547617912,0.7816961407661438,0.6217504739761353,-0.06865061819553375,0.7779334783554077,0.6906499862670898,-0.07894524186849594,0.76390141248703,0.7449621558189392,-0.07565037906169891,0.791631817817688,0.7322339415550232,-0.03570041060447693,0.8238101601600647,0.6624906659126282,-0.07128973305225372,0.8150438070297241,0.720242440700531,-0.06769362092018127,0.7989898920059204,0.7664337158203125,-0.055040765553712845,0.8252434730529785,0.778651237487793,-0.045026905834674835,0.852145791053772,0.7223309278488159,-0.0681731253862381,0.8412572741508484,0.7495694160461426,-0.063802570104599,0.8230119943618774,0.7797905802726746,-0.05450842157006264,D
0.6893525123596191,0.9149890542030334,-1.1445435887935673e-07,0.6400590538978577,0.874787449836731,-0.02970435470342636,0.600915253162384,0.8092725872993469,-0.053496863692998886,0.5911684632301331,0.7542482614517212,-0.07996329665184021,0.6259963512420654,0.7377065420150757,-0.10529792308807373,0.6515973210334778,0.6528589725494385,-0.018338976427912712,0.6528183817863464,0.5526864528656006,-0.04841236397624016,0.6509332656860352,0.48762863874435425,-0.06577371805906296,0.657985270023346,0.4343224763870239,-0.07825195044279099,0.6911189556121826,0.6683444976806641,-0.02543736808001995,0.6843463778495789,0.5932774543762207,-0.07208169251680374,0.6556681990623474,0.6748638153076172,-0.0789688304066658,0.6513432860374451,0.7253646850585938,-0.07062419503927231,0.7290686368942261,0.6982174515724182,-0.038020577281713486,0.7312748432159424,0.6345840096473694,-0.08312807232141495,0.6960798501968384,0.7062687277793884,-0.07273487746715546,0.6855515837669373,0.7559888362884521,-0.05214181914925575,0.7618075609207153,0.7442817687988281,-0.053928907960653305,0.760748565196991,0.6885453462600708,-0.08164393156766891,0.7290734052658081,0.7327133417129517,-0.07253438234329224,0.7174009680747986,0.7721946835517883,-0.05794965475797653,D
0.7127283215522766,0.8418045043945312,-8.266474083029607e-08,0.6597987413406372,0.7931614518165588,-0.02635112963616848,0.6270952820777893,0.7074477672576904,-0.04142703115940094,0.6612532138824463,0.6502306461334229,-0.05753089115023613,0.7100861668586731,0.647021472454071,-0.07375974208116531,0.6653965711593628,0.5763958096504211,-0.020455673336982727,0.6624151468276978,0.4731793701648712,-0.040469396859407425,0.6651149392127991,0.41326043009757996,-0.054452814161777496,0.6699771285057068,0.35979941487312317,-0.06707185506820679,0.7157514095306396,0.5801130533218384,-0.025037415325641632,0.7239750027656555,0.49873945116996765,-0.06073886156082153,0.7156092524528503,0.5675865411758423,-0.06949508190155029,0.7106616497039795,0.622523844242096,-0.06695172935724258,0.7604469656944275,0.6034256815910339,-0.03319074213504791,0.7774288654327393,0.5225300192832947,-0.06669028848409653,0.7612379789352417,0.5835126638412476,-0.061569005250930786,0.7521873712539673,0.6386920809745789,-0.048931170254945755,0.7990359663963318,0.6428139209747314,-0.04425796493887901,0.8107432126998901,0.5700701475143433,-0.06686438620090485,0.7927111983299255,0.6016001105308533,-0.06226217746734619,0.7821686267852783,0.6429638862609863,-0.0536365881562233,D
0.6567510366439819,0.961042582988739,-1.184123661346348e-07,0.6127727627754211,0.9007015824317932,-0.02759712189435959,0.5869430303573608,0.817648708820343,-0.047113124281167984,0.6186051368713379,0.7727059125900269,-0.06793365627527237,0.6686712503433228,0.7759799361228943,-0.08772919327020645,0.6420451402664185,0.688054621219635,-0.023998677730560303,0.6510367393493652,0.5773029923439026,-0.04850660264492035,0.6594890356063843,0.5159620046615601,-0.06484344601631165,0.6677346229553223,0.4597395360469818,-0.07854926586151123,0.6871854066848755,0.7075382471084595,-0.029592789709568024,0.6973558068275452,0.6333327293395996,-0.07046893984079361,0.6785907745361328,0.7101765871047974,-0.07932588458061218,0.66782546043396,0.7646858096122742,-0.07597517222166061,0.7273671627044678,0.7440029978752136,-0.038954149931669235,0.7461462616920471,0.6703174114227295,-0.07726898789405823,0.7215720415115356,0.7402806282043457,-0.06733584403991699,0.7072668671607971,0.794173538684845,-0.05007022246718407,0.7614213228225708,0.7950233221054077,-0.05137937143445015,0.7812994122505188,0.729248046875,-0.07656849920749664,0.7569339275360107,0.7657110095024109,-0.06778853386640549,0.7403420805931091,0.8043537139892578,-0.05492131784558296,D
0.6753846406936646,0.7382218241691589,-7.536394264207047e-08,0.6234732866287231,0.688330888748169,-0.029094088822603226,0.5925251245498657,0.5971937775611877,-0.04498952999711037,0.6271583437919617,0.5343737602233887,-0.06157662346959114,0.6788523197174072,0.5327095985412598,-0.07763923704624176,0.636506199836731,0.4702095687389374,-0.020819956436753273,0.639373242855072,0.3657720685005188,-0.04123507812619209,0.6445908546447754,0.30689868330955505,-0.055315349251031876,0.6530100107192993,0.2535715103149414,-0.06797540187835693,0.6849796175956726,0.47782760858535767,-0.02417241409420967,0.6961769461631775,0.3947438895702362,-0.06128828972578049,0.6820512413978577,0.46040964126586914,-0.07085028290748596,0.6739904880523682,0.5153687000274658,-0.06834039837121964,0.7276545763015747,0.503290593624115,-0.03135024011135101,0.7450824975967407,0.42365124821662903,-0.06640433520078659,0.7257240414619446,0.48350250720977783,-0.062214821577072144,0.7156096696853638,0.5397507548332214,-0.049337856471538544,0.7649621367454529,0.5436158776283264,-0.04170921817421913,0.7776620984077454,0.4711686372756958,-0.06527279317378998,0.759346604347229,0.5001401901245117,-0.061723582446575165,0.7490867972373962,0.5420628190040588,-0.05332471802830696,D
0.7999029755592346,0.8671345710754395,8.581299226761985e-09,0.7546226382255554,0.8118988275527954,-0.033861950039863586,0.7392387986183167,0.7230539917945862,-0.05193166807293892,0.7873824834823608,0.6767411231994629,-0.06899119168519974,0.8389014005661011,0.6767486929893494,-0.08525598794221878,0.7787317037582397,0.6032646894454956,-0.02887597493827343,0.7866719961166382,0.49690181016921997,-0.052648093551397324,0.7968129515647888,0.43695637583732605,-0.06874670833349228,0.8063271045684814,0.3840186595916748,-0.0822003185749054,0.8319012522697449,0.6143200993537903,-0.02983175963163376,0.85605788230896,0.5407668352127075,-0.0714138075709343,0.852510929107666,0.6092196702957153,-0.08383577316999435,0.8418771028518677,0.6650094389915466,-0.08202231675386429,0.8748726844787598,0.6439002156257629,-0.034660108387470245,0.9030411839485168,0.5816118717193604,-0.07367076724767685,0.8928481936454773,0.6396251320838928,-0.07208932191133499,0.8770493268966675,0.6896880865097046,-0.06007763370871544,0.9083012938499451,0.6865933537483215,-0.04269859567284584,0.9325172901153564,0.6343833804130554,-0.0704144537448883,0.9205348491668701,0.6641005277633667,-0.068695567548275,0.9030922055244446,0.6979881525039673,-0.060549795627593994,D
0.7625234723091125,0.8710812330245972,-1.2282905004212807e-07,0.7141229510307312,0.8174567222595215,-0.03132855147123337,0.6830500960350037,0.7289721965789795,-0.05091116204857826,0.707558810710907,0.6743044257164001,-0.07124929130077362,0.7560299038887024,0.6738829016685486,-0.09042655676603317,0.7498972415924072,0.5911153554916382,-0.020953038707375526,0.7614445090293884,0.4894177317619324,-0.046107809990644455,0.7703536748886108,0.42924684286117554,-0.06223594397306442,0.7827481031417847,0.37677663564682007,-0.07570529729127884,0.7971975803375244,0.6108174324035645,-0.02559094876050949,0.8070645332336426,0.534717321395874,-0.0699034333229065,0.7802552580833435,0.6104565858840942,-0.07923863083124161,0.7674096822738647,0.6680920720100403,-0.07380048930644989,0.8382206559181213,0.6486486792564392,-0.035025935620069504,0.8561712503433228,0.5801818370819092,-0.07787271589040756,0.824002206325531,0.6470158100128174,-0.07061232626438141,0.8084478974342346,0.7006063461303711,-0.05298149213194847,0.8729140758514404,0.7011507153511047,-0.04766567423939705,0.88554847240448,0.6392838358879089,-0.07664140313863754,0.8558167219161987,0.6760130524635315,-0.07100696116685867,0.8396934866905212,0.7148948907852173,-0.05919249728322029,D
0.7093505263328552,0.6563844680786133,-3.0780189064216756e-08,0.6522981524467468,0.6041756868362427,-0.02890351042151451,0.6235044598579407,0.4994300901889801,-0.042088672518730164,0.6627901792526245,0.4249182641506195,-0.056132301688194275,0.7204943299293518,0.41585302352905273,-0.06949126720428467,0.6686029434204102,0.38709840178489685,-0.013798128813505173,0.67284095287323,0.28516995906829834,-0.03147043660283089,0.6790208220481873,0.22556275129318237,-0.04445597901940346,0.6884909272193909,0.17392641305923462,-0.056603312492370605,0.7195059657096863,0.39233824610710144,-0.016995549201965332,0.7360378503799438,0.29490095376968384,-0.05289125442504883,0.7264807820320129,0.3544237017631531,-0.06444434821605682,0.7190465331077576,0.41319578886032104,-0.06236044690012932,0.7638404369354248,0.41549402475357056,-0.02423449046909809,0.7856003642082214,0.3235902488231659,-0.057075683027505875,0.7705293297767639,0.37343740463256836,-0.05734032765030861,0.7596222162246704,0.4299667179584503,-0.04758650064468384,0.8033326864242554,0.45277437567710876,-0.034670863300561905,0.8173899054527283,0.37606924772262573,-0.05693681910634041,0.801784873008728,0.3965618908405304,-0.05676679685711861,0.7895088791847229,0.4383578300476074,-0.05111989006400108,D
0.7048831582069397,0.844389021396637,-6.053807766193131e-08,0.6519044041633606,0.7930073738098145,-0.03332064673304558,0.6210494041442871,0.6998008489608765,-0.052117057144641876,0.6597828269004822,0.6396098732948303,-0.07062511146068573,0.7131984233856201,0.6372032165527344,-0.0883973017334938,0.67009037733078,0.5592173337936401,-0.02783508598804474,0.6737880110740662,0.447706937789917,-0.05129760876297951,0.681298017501831,0.3838435709476471,-0.06639564037322998,0.6909753084182739,0.32670581340789795,-0.07964292913675308,0.7246796488761902,0.5696759819984436,-0.030427666381001472,0.7427588105201721,0.487349271774292,-0.07183991372585297,0.7305552363395691,0.5662122368812561,-0.08063552528619766,0.7206979990005493,0.6266300082206726,-0.07627178728580475,0.7707123160362244,0.6005604267120361,-0.037207964807748795,0.7950756549835205,0.5248048305511475,-0.0768892914056778,0.7754004001617432,0.5930294394493103,-0.07047023624181747,0.7616927623748779,0.6495946049690247,-0.05488952249288559,0.8085176348686218,0.6468725204467773,-0.047291841357946396,0.8282180428504944,0.577309787273407,-0.07430308312177658,0.8084027171134949,0.6128718256950378,-0.06925337761640549,0.7936800718307495,0.6538879871368408,-0.05892269313335419,D
0.555223822593689,0.8280447721481323,-1.5976524991856422e-07,0.49949678778648376,0.7946996688842773,-0.029595181345939636,0.4534345269203186,0.7023732662200928,-0.045835692435503006,0.46452686190605164,0.6252918839454651,-0.0633876770734787,0.5146133303642273,0.615575909614563,-0.07993273437023163,0.5023918747901917,0.5564201474189758,-0.013115964829921722,0.4996182322502136,0.45535892248153687,-0.034672655165195465,0.49744564294815063,0.395510733127594,-0.048719584941864014,0.5031753778457642,0.34099799394607544,-0.06124907732009888,0.5469730496406555,0.5623359084129333,-0.017661957070231438,0.5492063164710999,0.4709540009498596,-0.05791110917925835,0.5305731892585754,0.5514445900917053,-0.06558579951524734,0.5272039175033569,0.6109306216239929,-0.05931120365858078,0.5885161757469177,0.5854825973510742,-0.027055982500314713,0.5984448790550232,0.49984896183013916,-0.06614915281534195,0.5738694071769714,0.572040319442749,-0.059130046516656876,0.5673996806144714,0.6311390995979309,-0.04237408563494682,0.6271125078201294,0.6249846816062927,-0.03977469354867935,0.6320374011993408,0.5478878617286682,-0.06525655090808868,0.6091699600219727,0.5903433561325073,-0.06001674756407738,0.6017045974731445,0.638515055179596,-0.04970243200659752,D
0.7154881358146667,0.8866335153579712,-2.013724831329e-08,0.6681486368179321,0.8307290077209473,-0.032809820026159286,0.6489973068237305,0.7367836236953735,-0.050396520644426346,0.6937164068222046,0.6789957880973816,-0.06729114800691605,0.7451282739639282,0.6796826124191284,-0.08339443802833557,0.699165403842926,0.6144154071807861,-0.026989346370100975,0.7083778381347656,0.508466899394989,-0.05070862919092178,0.7165699005126953,0.4469415545463562,-0.06685375422239304,0.7259463667869568,0.39197757840156555,-0.08057843893766403,0.7509405612945557,0.629747211933136,-0.029410893097519875,0.7750989198684692,0.5439651012420654,-0.06948933005332947,0.7623245716094971,0.6103237867355347,-0.07966549694538116,0.7496863603591919,0.6650780439376831,-0.0764942318201065,0.7929242253303528,0.6648244857788086,-0.03578571230173111,0.8241285085678101,0.5967122912406921,-0.07467688620090485,0.801020622253418,0.6581085920333862,-0.07019932568073273,0.7813510894775391,0.7090297937393188,-0.05612104758620262,0.8264914751052856,0.7140489220619202,-0.04538452625274658,0.8544619083404541,0.6537649631500244,-0.07221290469169617,0.8332568407058716,0.6863570809364319,-0.06834608316421509,0.8131717443466187,0.723348081111908,-0.05900226905941963,D
0.7206377983093262,0.8940589427947998,-1.4279071258727072e-08,0.6747743487358093,0.8378682136535645,-0.03073294833302498,0.661013126373291,0.7462236881256104,-0.04589923098683357,0.7063182592391968,0.6913573145866394,-0.060409922152757645,0.7546336054801941,0.6815934181213379,-0.07412436604499817,0.6991527080535889,0.6216513514518738,-0.022743498906493187,0.703787624835968,0.5152444243431091,-0.04382786899805069,0.7110922932624817,0.45355236530303955,-0.05811041593551636,0.7188036441802979,0.4002280831336975,-0.07014923542737961,0.7513213753700256,0.6351386308670044,-0.025214940309524536,0.7769768238067627,0.5516329407691956,-0.06296659260988235,0.7716955542564392,0.6170403957366943,-0.07357072830200195,0.7615855932235718,0.6721252202987671,-0.07067468017339706,0.7940686941146851,0.6682944297790527,-0.031470201909542084,0.8244657516479492,0.60206538438797,-0.06730213016271591,0.8108988404273987,0.6581098437309265,-0.06443281471729279,0.7952536344528198,0.7049984931945801,-0.0522632896900177,0.826991617679596,0.7152265906333923,-0.04068252444267273,0.853266179561615,0.6567901968955994,-0.06399228423833847,0.8382583856582642,0.686657726764679,-0.05953395739197731,0.8210363388061523,0.7201293110847473,-0.0504305362701416,D
0.6684391498565674,0.6214088201522827,-4.1354876856303235e-08,0.6101971864700317,0.565890371799469,-0.03183961659669876,0.5825556516647339,0.4579891562461853,-0.047417543828487396,0.6234897375106812,0.3794550895690918,-0.06345184892416,0.6798593997955322,0.3635169267654419,-0.07905537635087967,0.6317664384841919,0.3337714374065399,-0.021341733634471893,0.6375128030776978,0.2197284698486328,-0.043201055377721786,0.6457666754722595,0.15283547341823578,-0.057916309684515,0.6566430330276489,0.09408384561538696,-0.07087094336748123,0.6859197020530701,0.34021103382110596,-0.024930553510785103,0.7061326503753662,0.23340930044651031,-0.06377128511667252,0.693688154220581,0.30257147550582886,-0.07375121116638184,0.6849069595336914,0.3633473217487335,-0.07032112777233124,0.7328086495399475,0.3669353127479553,-0.032717540860176086,0.7599762678146362,0.2695266604423523,-0.06993352621793747,0.7396247982978821,0.3316836655139923,-0.06613990664482117,0.7262943387031555,0.392318993806839,-0.05294765159487724,0.7733359336853027,0.41047728061676025,-0.04384150728583336,0.7931976318359375,0.3287603557109833,-0.06954940408468246,0.7732004523277283,0.3591260612010956,-0.06646735966205597,0.7581124305725098,0.40587490797042847,-0.05812804028391838,D
0.7246107459068298,0.9344216585159302,-3.330606190843355e-08,0.6740391850471497,0.8779817223548889,-0.03308041766285896,0.6512928009033203,0.7829439640045166,-0.05206482112407684,0.6916379928588867,0.7272047996520996,-0.07065989822149277,0.7422674894332886,0.723861038684845,-0.08864951133728027,0.6998348832130432,0.6499989032745361,-0.028350399807095528,0.7051363587379456,0.5377599596977234,-0.052501264959573746,0.7132337093353271,0.47301632165908813,-0.06825335323810577,0.7214417457580566,0.41513699293136597,-0.08164805918931961,0.7536755204200745,0.6650083661079407,-0.031568270176649094,0.7791280150413513,0.5795712471008301,-0.0725904181599617,0.7679798603057861,0.6567841172218323,-0.08158516883850098,0.7548463344573975,0.7144289612770081,-0.0774165689945221,0.7982595562934875,0.6999764442443848,-0.03888431936502457,0.828186571598053,0.625230073928833,-0.07806458324193954,0.8086510896682739,0.6934205889701843,-0.07096559554338455,0.7911667823791504,0.7451066374778748,-0.05537211522459984,0.8340494632720947,0.7498405575752258,-0.04939894378185272,0.8610168695449829,0.681929886341095,-0.0746631920337677,0.8413528800010681,0.7193132042884827,-0.06745725125074387,0.8221338987350464,0.7571863532066345,-0.05628659948706627,D
0.7759029865264893,0.9499626755714417,1.0439499043002343e-08,0.7305977940559387,0.8854548335075378,-0.03509615734219551,0.7236757874488831,0.7883826494216919,-0.05457540228962898,0.775922417640686,0.7420740723609924,-0.07335912436246872,0.8289507031440735,0.7419595122337341,-0.09153925627470016,0.7715584635734558,0.6683104038238525,-0.028721000999212265,0.7837169766426086,0.5600756406784058,-0.05215810611844063,0.7972752451896667,0.49647003412246704,-0.06829065829515457,0.8086448907852173,0.44091084599494934,-0.08209919184446335,0.8262067437171936,0.6870280504226685,-0.030337590724229813,0.8623180389404297,0.608683705329895,-0.06943421065807343,0.853373646736145,0.6827393174171448,-0.08059342205524445,0.8351354598999023,0.7357901930809021,-0.07890300452709198,0.8694983720779419,0.7241457104682922,-0.03602956235408783,0.9071848392486572,0.6544666290283203,-0.0730544775724411,0.8907895088195801,0.7160720229148865,-0.06978054344654083,0.8670871257781982,0.7648568749427795,-0.057985298335552216,0.9013979434967041,0.7753066420555115,-0.04509441554546356,0.9351290464401245,0.7141767144203186,-0.07048110663890839,0.9186558723449707,0.7450711727142334,-0.06680088490247726,0.8934528231620789,0.7790648341178894,-0.05863025411963463,D
0.7122926115989685,0.763841450214386,-2.4234720896743056e-08,0.6600074768066406,0.7189208269119263,-0.0294243972748518,0.6291337013244629,0.6352643370628357,-0.044555529952049255,0.661169171333313,0.5726107358932495,-0.059655554592609406,0.7096280455589294,0.5547006726264954,-0.07404474169015884,0.6634526252746582,0.5135679244995117,-0.02082977257668972,0.6613584756851196,0.41319751739501953,-0.04054616391658783,0.6650282740592957,0.3560275733470917,-0.053565431386232376,0.6713218092918396,0.3049185872077942,-0.06464578211307526,0.7107188105583191,0.5173764228820801,-0.02340753935277462,0.7230038046836853,0.42799273133277893,-0.05929853767156601,0.7172190546989441,0.4902494549751282,-0.06862001866102219,0.7126231789588928,0.5459632873535156,-0.06513921171426773,0.7525887489318848,0.5389750599861145,-0.029840517789125443,0.7686354517936707,0.4667373597621918,-0.06470724940299988,0.7561456561088562,0.526517927646637,-0.061937931925058365,0.7490671277046204,0.5784530639648438,-0.049335330724716187,0.7898097038269043,0.5737758278846741,-0.039177995175123215,0.8029683232307434,0.5037140846252441,-0.0616016611456871,0.7889459133148193,0.5365744829177856,-0.05761472135782242,0.7797116637229919,0.5784773230552673,-0.0488077774643898,D
0.7234386205673218,0.7651614546775818,-1.4809844905983027e-08,0.6727604269981384,0.7216758131980896,-0.02768605202436447,0.6460233330726624,0.6355514526367188,-0.04075983166694641,0.681511402130127,0.57359778881073,-0.0535384863615036,0.7288313508033752,0.5595347285270691,-0.06592614203691483,0.6757915019989014,0.5245338082313538,-0.020312247797846794,0.6746041774749756,0.4258284568786621,-0.039449214935302734,0.6792268753051758,0.3688664436340332,-0.052250660955905914,0.6857884526252747,0.3183899223804474,-0.06335317343473434,0.7229074239730835,0.5270035862922668,-0.02289612963795662,0.7363413572311401,0.4394386410713196,-0.05791480094194412,0.7344713807106018,0.5001969337463379,-0.0668860599398613,0.7306725978851318,0.5538874864578247,-0.0635102391242981,0.763725996017456,0.5475490689277649,-0.028929438441991806,0.7827637195587158,0.47399330139160156,-0.06222610920667648,0.7733795046806335,0.5312460064888,-0.05855061486363411,0.7646169662475586,0.5809280276298523,-0.04626942425966263,0.7990299463272095,0.5823628306388855,-0.037730872631073,0.8133078813552856,0.5175082683563232,-0.059626106172800064,0.8010832071304321,0.5501556396484375,-0.05521843954920769,0.7902358174324036,0.5889456272125244,-0.0465828999876976,D
0.6650064587593079,0.8019919395446777,-6.675895747321192e-08,0.6123098134994507,0.7604397535324097,-0.026944655925035477,0.5777528285980225,0.6795663237571716,-0.04103081673383713,0.6061261296272278,0.6149922013282776,-0.055513646453619,0.6516546607017517,0.5958613157272339,-0.06935666501522064,0.6115445494651794,0.5583036541938782,-0.019202502444386482,0.6082188487052917,0.459472119808197,-0.03962383791804314,0.6098042726516724,0.4028816223144531,-0.053119029849767685,0.6146115660667419,0.3519098460674286,-0.0644930824637413,0.6582456827163696,0.5615915656089783,-0.022782031446695328,0.6687634587287903,0.47654271125793457,-0.05942076817154884,0.6613759994506836,0.5427634119987488,-0.06804263591766357,0.6575481295585632,0.5989392399787903,-0.06399482488632202,0.6999425292015076,0.5821050405502319,-0.03006036952137947,0.7148242592811584,0.5127862691879272,-0.06460927426815033,0.7009321451187134,0.5760709047317505,-0.05868981406092644,0.6950073838233948,0.6280320286750793,-0.04424140602350235,0.7378103137016296,0.616935133934021,-0.04020935669541359,0.7501369714736938,0.5504439473152161,-0.06171460822224617,0.7340825796127319,0.5870364308357239,-0.055321045219898224,0.7253454923629761,0.6282682418823242,-0.0450015552341938,D
0.7665111422538757,0.8606607913970947,-2.913224861345043e-08,0.716955304145813,0.8120371103286743,-0.03633745759725571,0.6942243576049805,0.7307705283164978,-0.056967440992593765,0.7364315986633301,0.6823135614395142,-0.07606938481330872,0.7858167290687561,0.6693123579025269,-0.0938630923628807,0.7273823618888855,0.5887653231620789,-0.03513287380337715,0.7253190279006958,0.4714125990867615,-0.06194774806499481,0.7305477857589722,0.40538305044174194,-0.07864601165056229,0.7368867993354797,0.346985787153244,-0.09173644334077835,0.7828906774520874,0.5995777249336243,-0.035674840211868286,0.807311475276947,0.5303714275360107,-0.08136474341154099,0.801905632019043,0.6110491156578064,-0.09087326377630234,0.7909064292907715,0.6710323095321655,-0.08571959286928177,0.8280154466629028,0.6282392740249634,-0.04038641229271889,0.8521779775619507,0.5741130113601685,-0.08310282975435257,0.8376754522323608,0.6475011706352234,-0.07489980757236481,0.8219718337059021,0.7000678181648254,-0.05722157284617424,0.8640435934066772,0.6706019639968872,-0.0485089048743248,0.8857238292694092,0.6198989152908325,-0.0768013522028923,0.8692777156829834,0.6659072637557983,-0.06906673312187195,0.8517303466796875,0.7054272890090942,-0.05583881214261055,D
0.7465711832046509,0.6787582039833069,-4.220659377551783e-08,0.6937322616577148,0.6278754472732544,-0.03147668018937111,0.6667162179946899,0.5340555906295776,-0.04838743433356285,0.706770658493042,0.46933844685554504,-0.0647985190153122,0.7604906558990479,0.4556247293949127,-0.08042704313993454,0.7045974135398865,0.40170660614967346,-0.02542520873248577,0.7033852338790894,0.29288068413734436,-0.04640590772032738,0.707924485206604,0.23217904567718506,-0.060471758246421814,0.7135980725288391,0.17825937271118164,-0.07267562299966812,0.7572689056396484,0.41007348895072937,-0.02800489217042923,0.7786581516265869,0.31633615493774414,-0.06476567685604095,0.7731527090072632,0.3901329040527344,-0.07347865402698517,0.7646567225456238,0.45017778873443604,-0.06957472860813141,0.8020051717758179,0.4373956620693207,-0.03428463265299797,0.8256511092185974,0.3621940314769745,-0.06911567598581314,0.8110337853431702,0.42939871549606323,-0.06337656825780869,0.7981240153312683,0.4845007061958313,-0.04937519505620003,0.8386862277984619,0.47996091842651367,-0.043732210993766785,0.8587141036987305,0.40893784165382385,-0.06562644243240356,0.842464029788971,0.4475744664669037,-0.05880731716752052,0.8278639912605286,0.4923495948314667,-0.04840073361992836,D
0.7824002504348755,0.917675256729126,-1.2927507953008899e-08,0.7382131814956665,0.8646259307861328,-0.03446103632450104,0.7237201929092407,0.7834315896034241,-0.05264577642083168,0.7680845260620117,0.7415637373924255,-0.06902701407670975,0.8134855628013611,0.7336351275444031,-0.08380919694900513,0.7583135366439819,0.654291033744812,-0.032082997262477875,0.762472927570343,0.5470325946807861,-0.05765280872583389,0.7710145115852356,0.48624223470687866,-0.07385329902172089,0.7797691822052002,0.4327983558177948,-0.08599371463060379,0.8100207448005676,0.6706162691116333,-0.032526496797800064,0.8403746485710144,0.606535017490387,-0.07572761178016663,0.8326919674873352,0.6794314384460449,-0.08556345105171204,0.8180903196334839,0.734600841999054,-0.08072970807552338,0.8508286476135254,0.7016410827636719,-0.0370744988322258,0.8790394067764282,0.6570215821266174,-0.07768318057060242,0.8639569282531738,0.7233559489250183,-0.07195470482110977,0.8453760743141174,0.7696040868759155,-0.05582175403833389,0.882508397102356,0.7446455955505371,-0.044862162321805954,0.909517228603363,0.7006278038024902,-0.07014769315719604,0.8947659730911255,0.7394180297851562,-0.06312622129917145,0.8746570348739624,0.7728205919265747,-0.050656579434871674,D
0.6683738231658936,0.9005461931228638,-9.543686729784895e-08,0.6137629747390747,0.8494249582290649,-0.03224296495318413,0.5793118476867676,0.7693731188774109,-0.050731245428323746,0.6123055219650269,0.7095243334770203,-0.06851425766944885,0.6618743538856506,0.6943514347076416,-0.08504091948270798,0.6088889837265015,0.6218312382698059,-0.02996276505291462,0.6024423837661743,0.5053396821022034,-0.0542120486497879,0.6050938963890076,0.4417361617088318,-0.07077255845069885,0.6078588962554932,0.3831244111061096,-0.0844678059220314,0.6621529459953308,0.6290822625160217,-0.032125089317560196,0.6706969141960144,0.5484285950660706,-0.07170038670301437,0.6693189740180969,0.6324185729026794,-0.0805218517780304,0.6662791967391968,0.692915141582489,-0.07714983820915222,0.7096851468086243,0.6550696492195129,-0.03808511793613434,0.7237929105758667,0.5828801989555359,-0.07558303326368332,0.7124890685081482,0.6624377369880676,-0.06717558205127716,0.7036357522010803,0.7214275002479553,-0.05089377239346504,0.7496473789215088,0.6975314617156982,-0.04740218445658684,0.7645483016967773,0.6314833760261536,-0.07213032990694046,0.7487516403198242,0.6773471832275391,-0.06416241079568863,0.7363631725311279,0.7215615510940552,-0.0518525205552578,D
0.6978634595870972,0.7399734258651733,-2.978642754669636e-08,0.6473647356033325,0.6856935024261475,-0.034396693110466,0.6245154142379761,0.5912841558456421,-0.052044209092855453,0.6689797043800354,0.5289916396141052,-0.06891773641109467,0.7232127785682678,0.5187878012657166,-0.08476417511701584,0.6670272350311279,0.46290984749794006,-0.028350649401545525,0.6742901802062988,0.34835320711135864,-0.05121979862451553,0.6836583018302917,0.2841620445251465,-0.06613271683454514,0.6933653950691223,0.2266787886619568,-0.07881952077150345,0.7184494733810425,0.4743337631225586,-0.029379894956946373,0.7398447394371033,0.38535040616989136,-0.06901919841766357,0.7308943271636963,0.45541077852249146,-0.07823771983385086,0.7219797372817993,0.5134685039520264,-0.07449256628751755,0.7617132067680359,0.5038665533065796,-0.03446142002940178,0.7890967130661011,0.42945045232772827,-0.07235533744096756,0.7705910205841064,0.4969767928123474,-0.06629330664873123,0.7562939524650574,0.5521897673606873,-0.05124019831418991,0.7973096966743469,0.5474847555160522,-0.043042685836553574,0.821226179599762,0.47978848218917847,-0.06765813380479813,0.8032324910163879,0.5162511467933655,-0.06197120249271393,0.788108766078949,0.5573647618293762,-0.05164219066500664,D
0.7424999475479126,0.8505120873451233,-3.971142970016217e-09,0.6963908076286316,0.797443151473999,-0.031244056299328804,0.6831291317939758,0.7070271968841553,-0.046861812472343445,0.7290881276130676,0.6544554829597473,-0.06183771416544914,0.7773318886756897,0.6476858258247375,-0.07628045231103897,0.7192959785461426,0.5877887010574341,-0.02545296773314476,0.7266225814819336,0.48025158047676086,-0.04726603254675865,0.7364901304244995,0.41879990696907043,-0.06196116656064987,0.7453811168670654,0.3646816909313202,-0.0743609368801117,0.7697213292121887,0.5996638536453247,-0.027467375621199608,0.7935038805007935,0.5183079242706299,-0.06571885198354721,0.7884972095489502,0.5830877423286438,-0.07626032829284668,0.7780389785766602,0.6366939544677734,-0.07370343804359436,0.8109009265899658,0.6301231980323792,-0.03307117149233818,0.8398933410644531,0.5648261308670044,-0.06922940909862518,0.8259220719337463,0.6248698234558105,-0.06538338959217072,0.8096475005149841,0.6731137633323669,-0.0526297427713871,0.8431367874145508,0.6743563413619995,-0.04172598570585251,0.8676686882972717,0.6175507307052612,-0.06543237715959549,0.8523287773132324,0.6506561040878296,-0.06058988720178604,0.8350762128829956,0.6853755712509155,-0.05127568542957306,D
0.6876200437545776,0.7905827164649963,-1.8858180794723012e-07,0.6315215826034546,0.7467837929725647,-0.02639300376176834,0.5850194096565247,0.6645840406417847,-0.04802631214261055,0.5719251036643982,0.5931309461593628,-0.07387155294418335,0.6098698973655701,0.5754760503768921,-0.09907179325819016,0.6489572525024414,0.5000503659248352,-0.01172532606869936,0.652673065662384,0.38739198446273804,-0.04253464564681053,0.6538977026939392,0.31652605533599854,-0.06052175536751747,0.6645810604095459,0.2590273916721344,-0.07368123531341553,0.689069390296936,0.5179349184036255,-0.02115916833281517,0.6771120429039001,0.4316766858100891,-0.0713333785533905,0.6452260613441467,0.5245749354362488,-0.07681144773960114,0.6422365307807922,0.5853456854820251,-0.0655781477689743,0.7283931970596313,0.5484641194343567,-0.03633294999599457,0.7174959182739258,0.47260114550590515,-0.08601144701242447,0.6827728748321533,0.5597518682479858,-0.07070641219615936,0.6777561902999878,0.6196662187576294,-0.044704217463731766,0.7639492750167847,0.5949161648750305,-0.05460624769330025,0.7511096000671387,0.5271634459495544,-0.08611424267292023,0.7173910737037659,0.5844219923019409,-0.07324352860450745,0.7097176909446716,0.6346392631530762,-0.05437713861465454,D
0.7041743993759155,0.7066227197647095,-1.1819405898449986e-07,0.6484560370445251,0.6553100943565369,-0.026481473818421364,0.6148882508277893,0.566246747970581,-0.04052407294511795,0.6505591869354248,0.4990151524543762,-0.055216629058122635,0.7037551999092102,0.4870985448360443,-0.06943142414093018,0.6543751358985901,0.43692290782928467,-0.02080501802265644,0.6540017127990723,0.32980746030807495,-0.04226754978299141,0.6588048338890076,0.26935234665870667,-0.05834181606769562,0.6643574833869934,0.2136562466621399,-0.07254515588283539,0.7048023343086243,0.4424603581428528,-0.024390876293182373,0.7145880460739136,0.35773199796676636,-0.059643398970365524,0.7056036591529846,0.4320313036441803,-0.06834457069635391,0.7000463604927063,0.48828721046447754,-0.06649203598499298,0.7496720552444458,0.4658249616622925,-0.031554561108350754,0.7665221095085144,0.38482972979545593,-0.06438124179840088,0.7495861053466797,0.45348283648490906,-0.05701397359371185,0.7410426139831543,0.5110407471656799,-0.043322425335645676,0.7886281609535217,0.5054013133049011,-0.041820310056209564,0.8039928078651428,0.429826945066452,-0.06394809484481812,0.7847887873649597,0.4671441614627838,-0.05784395709633827,0.7735213041305542,0.511185884475708,-0.04832841083407402,D
0.7441192269325256,0.6307740211486816,-2.2510810993026098e-08,0.6881657838821411,0.5744794607162476,-0.03161288797855377,0.662956714630127,0.4759063720703125,-0.047945644706487656,0.7062801122665405,0.4122876524925232,-0.06465570628643036,0.7603132724761963,0.39985620975494385,-0.08097364753484726,0.706960141658783,0.35619133710861206,-0.02151295728981495,0.7122864127159119,0.24736115336418152,-0.04388538375496864,0.7206697463989258,0.18499518930912018,-0.05912618711590767,0.7313644289970398,0.12933215498924255,-0.07211914658546448,0.7601485848426819,0.36350852251052856,-0.025092896074056625,0.7801039218902588,0.2699567377567291,-0.06673796474933624,0.7690272927284241,0.3428969383239746,-0.07872863858938217,0.758558988571167,0.40595710277557373,-0.07558269798755646,0.8050284385681152,0.390272319316864,-0.03277921304106712,0.82719486951828,0.3087913990020752,-0.07154545933008194,0.8092387914657593,0.3747638463973999,-0.06876500695943832,0.7953891158103943,0.433866024017334,-0.05519617721438408,0.8434630632400513,0.43171632289886475,-0.043601665645837784,0.8607309460639954,0.35804784297943115,-0.06916254758834839,0.8433461785316467,0.3924795091152191,-0.0652218908071518,0.8293148279190063,0.4367245137691498,-0.05574461445212364,D
0.7089826464653015,0.8540859222412109,-8.095808112784653e-08,0.6587957143783569,0.8005913496017456,-0.03139251843094826,0.630500316619873,0.7099264860153198,-0.04944317042827606,0.6710093021392822,0.6561570763587952,-0.06728120893239975,0.7212551236152649,0.6580045819282532,-0.08467177301645279,0.6809172034263611,0.5738369226455688,-0.03013252280652523,0.6894579529762268,0.46034151315689087,-0.05536430701613426,0.6995963454246521,0.3961259126663208,-0.07171661406755447,0.710801899433136,0.3383459150791168,-0.08545078337192535,0.7347387075424194,0.5902730822563171,-0.03330066055059433,0.7537358403205872,0.5134289860725403,-0.07593120634555817,0.7386767864227295,0.5938708186149597,-0.08402742445468903,0.7283647060394287,0.6527062654495239,-0.0788775235414505,0.7791589498519897,0.6245494484901428,-0.04037220776081085,0.8023626208305359,0.5563141107559204,-0.07978503406047821,0.7796800136566162,0.6282758116722107,-0.07053015381097794,0.7651835680007935,0.6815386414527893,-0.05309799686074257,0.8155807852745056,0.6728802919387817,-0.05063117295503616,0.83541339635849,0.6114508509635925,-0.07626086473464966,0.8128339052200317,0.6522234678268433,-0.06812839210033417,0.7971173524856567,0.6898680925369263,-0.05564524605870247,D
0.5394693613052368,0.7900736331939697,-1.453719136179643e-07,0.48625075817108154,0.7470925450325012,-0.029002118855714798,0.4466041326522827,0.6577025651931763,-0.04716432839632034,0.46163392066955566,0.585812509059906,-0.06675121188163757,0.512116551399231,0.5706722736358643,-0.08520253747701645,0.5052921175956726,0.5155348777770996,-0.01743313856422901,0.512546718120575,0.4111984372138977,-0.043199654668569565,0.5184597373008728,0.35040485858917236,-0.059534091502428055,0.5304976105690002,0.29630792140960693,-0.07261265069246292,0.5497692227363586,0.5301546454429626,-0.022658782079815865,0.5598257184028625,0.43782681226730347,-0.06649886816740036,0.5364823937416077,0.519836962223053,-0.0746954008936882,0.5283989906311035,0.5803328156471252,-0.06791982799768448,0.5897209644317627,0.5599617958068848,-0.032584480941295624,0.6039819717407227,0.48302191495895386,-0.07439406216144562,0.5752177238464355,0.5602210164070129,-0.06468730419874191,0.5657241940498352,0.6189637184143066,-0.04500092566013336,0.6252779960632324,0.6052887439727783,-0.04569033160805702,0.6374889016151428,0.5339513421058655,-0.07185538113117218,0.6107281446456909,0.5788765549659729,-0.0638379380106926,0.5985565185546875,0.6255220770835876,-0.05077620595693588,D
0.6860288381576538,0.7626976370811462,-1.5885316173580577e-08,0.6325259804725647,0.7169100642204285,-0.030003046616911888,0.6046974658966064,0.6225464940071106,-0.044536568224430084,0.640448272228241,0.5526935458183289,-0.05867147445678711,0.6897083520889282,0.5396966934204102,-0.07226503640413284,0.6395467519760132,0.5053404569625854,-0.023600494489073753,0.6411175727844238,0.39875367283821106,-0.04402304068207741,0.6454233527183533,0.3374274969100952,-0.05711657181382179,0.6515965461730957,0.2828504741191864,-0.06847049295902252,0.6903390884399414,0.5102229118347168,-0.026162581518292427,0.7096360325813293,0.4148484766483307,-0.0632767379283905,0.7047873139381409,0.48090726137161255,-0.07197412103414536,0.6978399753570557,0.5388289093971252,-0.06762964278459549,0.7334988117218018,0.533593475818634,-0.03220531344413757,0.7549446821212769,0.4570538401603699,-0.06726384907960892,0.7414775490760803,0.5186652541160583,-0.062387172132730484,0.7303994297981262,0.5720529556274414,-0.0485418476164341,0.7703856229782104,0.5711907148361206,-0.0412585474550724,0.7896382212638855,0.5008866786956787,-0.06373178958892822,0.7762517929077148,0.5339289307594299,-0.0584714412689209,0.7647445201873779,0.5748557448387146,-0.048871662467718124,D
0.7465438842773438,0.8634086847305298,-4.864177061136843e-09,0.6936648488044739,0.8111789226531982,-0.04235602170228958,0.6640946269035339,0.7353702187538147,-0.06820238381624222,0.7044026851654053,0.6901311874389648,-0.09133539348840714,0.7563540935516357,0.6805389523506165,-0.11261079460382462,0.7045227289199829,0.5845481157302856,-0.04659755155444145,0.7041064500808716,0.4613375663757324,-0.08179010450839996,0.7123685479164124,0.3939053416252136,-0.1057765856385231,0.7210639715194702,0.3297315537929535,-0.12390939891338348,0.7651554346084595,0.5955275297164917,-0.046918656677007675,0.7889901399612427,0.5292316675186157,-0.09769812226295471,0.782285213470459,0.6208719611167908,-0.1091599389910698,0.7705056071281433,0.6806871294975281,-0.10609153658151627,0.8140575885772705,0.6257750988006592,-0.052066151052713394,0.8416060209274292,0.575300931930542,-0.09834981709718704,0.8220090866088867,0.6571524739265442,-0.08804817497730255,0.7997379302978516,0.7094045281410217,-0.06923598796129227,0.8519527912139893,0.6707946062088013,-0.06150742620229721,0.8807982206344604,0.6235836744308472,-0.09159921109676361,0.8592215180397034,0.6723445057868958,-0.08184348046779633,0.8333277106285095,0.7099128365516663,-0.0671648383140564,D
0.7362407445907593,0.779697597026825,-3.102554213540998e-09,0.6798262000083923,0.729640007019043,-0.031070200726389885,0.6502339839935303,0.6343292593955994,-0.04694228246808052,0.6850841045379639,0.5621532201766968,-0.06297416985034943,0.7374235987663269,0.5462104082107544,-0.07831694930791855,0.6860206127166748,0.5135107040405273,-0.020239342004060745,0.6864967346191406,0.4084562659263611,-0.041954755783081055,0.6915151476860046,0.34729963541030884,-0.05703053995966911,0.7001400589942932,0.2922649383544922,-0.0698976218700409,0.7379316091537476,0.5160511136054993,-0.02341841347515583,0.7531411051750183,0.4184989333152771,-0.06151050701737404,0.7475161552429199,0.4861055910587311,-0.0717933177947998,0.7435249090194702,0.5434785485267639,-0.06869186460971832,0.7830784916877747,0.5380792021751404,-0.03079317882657051,0.8045283555984497,0.45435744524002075,-0.06642700731754303,0.7898972630500793,0.5143604874610901,-0.06326989084482193,0.7799592018127441,0.5694568157196045,-0.0508129708468914,0.8226960897445679,0.5756436586380005,-0.041482459753751755,0.8408548831939697,0.5013071298599243,-0.06484474241733551,0.8243429660797119,0.5332566499710083,-0.06128425896167755,0.811439037322998,0.5765580534934998,-0.05307025462388992,D
0.8151408433914185,0.8374883532524109,3.2274854788738594e-08,0.7657293081283569,0.7807729244232178,-0.034313101321458817,0.748724102973938,0.6845927238464355,-0.05193563178181648,0.7944018244743347,0.6249696016311646,-0.06875103712081909,0.8477069139480591,0.6192935705184937,-0.0845455750823021,0.7848200798034668,0.5634845495223999,-0.026742126792669296,0.7909466624259949,0.4540770649909973,-0.05078363046050072,0.8009345531463623,0.39152729511260986,-0.06668731570243835,0.8117662072181702,0.33699193596839905,-0.07975556701421738,0.8388736844062805,0.5720661878585815,-0.02830127254128456,0.8664642572402954,0.4857563078403473,-0.06908464431762695,0.8636220693588257,0.5551229119300842,-0.07995481044054031,0.8537547588348389,0.610599935054779,-0.07685163617134094,0.8837720155715942,0.6000878810882568,-0.03398847207427025,0.9156349897384644,0.5312023758888245,-0.07219546288251877,0.9021672606468201,0.5928575396537781,-0.06852192431688309,0.8842800259590149,0.6432264447212219,-0.0551663413643837,0.9195907711982727,0.6435213685035706,-0.043166663497686386,0.9494714736938477,0.584394633769989,-0.0683944821357727,0.9347652196884155,0.6169657111167908,-0.06439007818698883,0.9148752689361572,0.6530443429946899,-0.05522320047020912,D
0.7593290209770203,0.895566463470459,-4.2395902255520923e-07,0.7081044316291809,0.8603800535202026,-0.019229521974921227,0.6847848892211914,0.762567400932312,-0.025696225464344025,0.726352870464325,0.7056670188903809,-0.0340384803712368,0.7724341750144958,0.7044448256492615,-0.038999296724796295,0.6797631978988647,0.6795476675033569,-0.0066119227558374405,0.6767959594726562,0.5841766595840454,-0.033882927149534225,0.6931342482566833,0.6321847438812256,-0.05030671879649162,0.7015591859817505,0.6836907267570496,-0.0569482184946537,0.7260101437568665,0.6655625104904175,-0.01088973693549633,0.736574113368988,0.5606762170791626,-0.03521931543946266,0.7448328137397766,0.631173312664032,-0.040417976677417755,0.7411530017852783,0.6825419664382935,-0.03613659366965294,0.7687556147575378,0.6718305945396423,-0.020457763224840164,0.7812792062759399,0.5897427201271057,-0.04218044504523277,0.779388964176178,0.657700777053833,-0.03763768821954727,0.7713519334793091,0.7053389549255371,-0.02761542610824108,0.8069406747817993,0.6903239488601685,-0.03270147740840912,0.8146795630455017,0.6240144968032837,-0.04399968311190605,0.8081483244895935,0.6617022156715393,-0.03688685968518257,0.8000779151916504,0.6988701820373535,-0.028527583926916122,E
0.6876292824745178,0.8628208637237549,-4.978224410479015e-07,0.6281311511993408,0.8147373795509338,-0.015159429982304573,0.599798858165741,0.7241228222846985,-0.02478601410984993,0.6380497217178345,0.6676032543182373,-0.038488343358039856,0.6865719556808472,0.6881571412086487,-0.04913938790559769,0.6318508982658386,0.6331387162208557,-0.0017637371784076095,0.6317903399467468,0.5469279885292053,-0.031626973301172256,0.6326947212219238,0.6131489872932434,-0.04984153062105179,0.638278067111969,0.6657527685165405,-0.058150071650743484,0.6754937767982483,0.6324383020401001,-0.009061295539140701,0.6817880272865295,0.5423606634140015,-0.03706743195652962,0.6755578517913818,0.617685079574585,-0.042032912373542786,0.6770051717758179,0.6672683954238892,-0.03726407140493393,0.7161523699760437,0.6465416550636292,-0.021945083513855934,0.7258510589599609,0.5613864660263062,-0.04468071833252907,0.7119401097297668,0.630267858505249,-0.03632054477930069,0.7083872556686401,0.6817138195037842,-0.022971229627728462,0.7555239796638489,0.6731290817260742,-0.03771794214844704,0.7607843279838562,0.6003124713897705,-0.04782986268401146,0.7432250380516052,0.6386566758155823,-0.038607072085142136,0.7363826632499695,0.6803987622261047,-0.02815297245979309,E
0.7331595420837402,0.8341799974441528,-4.4878822791361017e-07,0.6761162281036377,0.7949271202087402,-0.016085268929600716,0.6490653157234192,0.7081971168518066,-0.025348000228405,0.687821090221405,0.6516928672790527,-0.037845078855752945,0.7346093654632568,0.6598384976387024,-0.0471486821770668,0.663865327835083,0.6243487596511841,-0.0027641886845231056,0.6611170172691345,0.5413954257965088,-0.0310092493891716,0.6688876152038574,0.5995664000511169,-0.049325186759233475,0.6751143336296082,0.650823712348938,-0.05763757973909378,0.7070562243461609,0.6202602982521057,-0.008618377149105072,0.7111387252807617,0.5340406894683838,-0.03484652191400528,0.7124103903770447,0.6032559871673584,-0.041082270443439484,0.7131802439689636,0.6545469164848328,-0.03768608719110489,0.7477052211761475,0.630333662033081,-0.019764425233006477,0.7552086710929871,0.5531797409057617,-0.04062284901738167,0.7479944825172424,0.6143202185630798,-0.03469229117035866,0.7440894246101379,0.6641740202903748,-0.023776233196258545,0.787127673625946,0.6501783132553101,-0.0336882621049881,0.790398895740509,0.5829809308052063,-0.04282812029123306,0.778568685054779,0.6191288828849792,-0.0345446802675724,0.7720388770103455,0.6603410840034485,-0.025232000276446342,E
0.7064967751502991,0.8421136140823364,-4.300250111555215e-07,0.6515434980392456,0.8029361963272095,-0.018160279840230942,0.6273494362831116,0.7024078369140625,-0.026316005736589432,0.6661263704299927,0.6364028453826904,-0.03717198222875595,0.713677704334259,0.647099494934082,-0.04394879937171936,0.6376992464065552,0.6238946318626404,-0.001121123437769711,0.634567141532898,0.5411837100982666,-0.028401687741279602,0.642524778842926,0.5998935103416443,-0.044408366084098816,0.6508651971817017,0.6452270150184631,-0.051577888429164886,0.6812072992324829,0.6155888438224792,-0.006191173102706671,0.6866234540939331,0.5256913900375366,-0.031201012432575226,0.6862210631370544,0.59465092420578,-0.03434763103723526,0.6883059740066528,0.6380539536476135,-0.02855546958744526,0.722218930721283,0.6254511475563049,-0.017092088237404823,0.7315215468406677,0.5483004450798035,-0.038105133920907974,0.721705973148346,0.6116694211959839,-0.030185310170054436,0.7186281681060791,0.6550602912902832,-0.01777488738298416,0.7612664103507996,0.6459117531776428,-0.031119205057621002,0.7653596997261047,0.5806074738502502,-0.039703257381916046,0.7509739995002747,0.6177302002906799,-0.03065839782357216,0.7456329464912415,0.6551574468612671,-0.02089817263185978,E
0.7054295539855957,0.8399544954299927,-4.3770222646344337e-07,0.6503386497497559,0.8011934161186218,-0.014933334663510323,0.6253389716148376,0.6998794078826904,-0.021170012652873993,0.667453944683075,0.6390658617019653,-0.030706217512488365,0.7176557779312134,0.652052104473114,-0.037339627742767334,0.6358505487442017,0.6231160163879395,-0.0033067476470023394,0.6328071355819702,0.5273682475090027,-0.028212521225214005,0.6382236480712891,0.5791386961936951,-0.044390998780727386,0.6452704668045044,0.6314330101013184,-0.05235152691602707,0.6788028478622437,0.6134594678878784,-0.009876747615635395,0.6856279969215393,0.507578432559967,-0.033210091292858124,0.6835073828697205,0.5673166513442993,-0.039354126900434494,0.6833328008651733,0.6205571293830872,-0.03682177886366844,0.7195213437080383,0.6219730377197266,-0.021275756880640984,0.7271206378936768,0.5342698097229004,-0.03909358009696007,0.7181145548820496,0.5890406370162964,-0.03635019063949585,0.7150377035140991,0.6385470628738403,-0.02928185649216175,0.7584940195083618,0.6405266523361206,-0.035544976592063904,0.7585187554359436,0.5721940994262695,-0.04305452108383179,0.7457183003425598,0.6028043031692505,-0.03791278973221779,0.7413008809089661,0.6423795819282532,-0.03259420022368431,E
0.742347002029419,0.8790304660797119,-4.991814535060257e-07,0.6888771057128906,0.8291271924972534,-0.01159023679792881,0.6760665774345398,0.7257497310638428,-0.014447474852204323,0.7271535396575928,0.6745282411575317,-0.02201429381966591,0.7783472537994385,0.679533064365387,-0.027522312477231026,0.6925876140594482,0.6570067405700684,0.0038090881425887346,0.6924147009849548,0.563202977180481,-0.023246001452207565,0.6855331659317017,0.6140440702438354,-0.03866301476955414,0.6887766718864441,0.6686621904373169,-0.044592369347810745,0.7354649901390076,0.6522144079208374,-0.004322471562772989,0.7473257780075073,0.5436824560165405,-0.0303416196256876,0.7338146567344666,0.6059097051620483,-0.03554916009306908,0.732816219329834,0.6567577719688416,-0.03070118837058544,0.7760908603668213,0.6646847128868103,-0.017812250182032585,0.7917243242263794,0.5699615478515625,-0.040558088570833206,0.7712265253067017,0.6333106756210327,-0.035837799310684204,0.7649427652359009,0.6838213205337524,-0.025336476042866707,0.8144536018371582,0.6877191662788391,-0.03372395038604736,0.8216279745101929,0.6147423982620239,-0.04489355906844139,0.8010737299919128,0.6496983170509338,-0.03855568543076515,0.7927627563476562,0.6900187730789185,-0.03094681166112423,E
0.7304931879043579,0.8747112154960632,-4.3785823322650685e-07,0.6794921159744263,0.8306418657302856,-0.014043274335563183,0.6646467447280884,0.7286124229431152,-0.01768040657043457,0.7096601724624634,0.6731888055801392,-0.024624763056635857,0.7542821764945984,0.6598800420761108,-0.02859819307923317,0.6676361560821533,0.6689692735671997,-0.0010603549890220165,0.6694884300231934,0.5730818510055542,-0.026964442804455757,0.6756519079208374,0.6238043904304504,-0.04221772402524948,0.6782164573669434,0.6763323545455933,-0.04829663410782814,0.7095255255699158,0.658363401889801,-0.007500161416828632,0.7174198627471924,0.5522792935371399,-0.028751859441399574,0.7182325124740601,0.6124319434165955,-0.03426744416356087,0.7166401743888855,0.6565936207771301,-0.03192183002829552,0.7497833967208862,0.6667978167533875,-0.018879853188991547,0.7615869045257568,0.5785412192344666,-0.03719579055905342,0.7535192966461182,0.6441237330436707,-0.030635390430688858,0.7463611364364624,0.6896031498908997,-0.02115243673324585,0.7874302268028259,0.6870329976081848,-0.03279202803969383,0.791944146156311,0.6199187636375427,-0.040358949452638626,0.780523419380188,0.6573100090026855,-0.031077511608600616,0.7729468941688538,0.6919863224029541,-0.022651338949799538,E
0.7136992812156677,0.90346360206604,-4.684184204961639e-07,0.6574650406837463,0.8583782315254211,-0.015430501662194729,0.6373529434204102,0.7583458423614502,-0.021228309720754623,0.6815431118011475,0.7004927396774292,-0.031041432172060013,0.7263504862785339,0.6910645365715027,-0.03712405636906624,0.6357635855674744,0.6899336576461792,5.034419245930621e-06,0.630933403968811,0.5908398032188416,-0.029435673728585243,0.641688346862793,0.6530970335006714,-0.04576835408806801,0.6483957171440125,0.70390784740448,-0.051929522305727005,0.6798312664031982,0.6786155104637146,-0.007164473179727793,0.6835030913352966,0.5662678480148315,-0.03395261615514755,0.6858368515968323,0.6386339664459229,-0.040121451020240784,0.6857792735099792,0.6839185953140259,-0.036117129027843475,0.7223834991455078,0.6851131916046143,-0.019910814240574837,0.7299485802650452,0.5944241285324097,-0.04339286684989929,0.7224856019020081,0.6668673157691956,-0.03808112069964409,0.7179408073425293,0.7134578824043274,-0.026908034458756447,0.7619724869728088,0.7028878331184387,-0.03525114431977272,0.7654580473899841,0.6313825249671936,-0.044889431446790695,0.752595067024231,0.6705255508422852,-0.036671899259090424,0.7450244426727295,0.7075072526931763,-0.027769537642598152,E
0.7148414850234985,0.8832433223724365,-4.0750904872766114e-07,0.6562067270278931,0.8476894497871399,-0.016632210463285446,0.6253184080123901,0.7519635558128357,-0.026692772284150124,0.663515031337738,0.6898112893104553,-0.03949739784002304,0.7124464511871338,0.702799916267395,-0.04970437288284302,0.649458646774292,0.6651283502578735,-0.010128989815711975,0.6517366766929626,0.5697001814842224,-0.03833659738302231,0.6581456661224365,0.6201838850975037,-0.05563145503401756,0.6626217365264893,0.6730629205703735,-0.06378761678934097,0.694449782371521,0.662548303604126,-0.016920173540711403,0.7068926692008972,0.5646571516990662,-0.04395130276679993,0.7056236863136292,0.6342092156410217,-0.04811644181609154,0.7015714049339294,0.6880919933319092,-0.043120209127664566,0.7349638342857361,0.6774699091911316,-0.0286165252327919,0.7480425238609314,0.5919822454452515,-0.05045725777745247,0.7399957776069641,0.6541232466697693,-0.04292779415845871,0.733279824256897,0.7035201191902161,-0.031281691044569016,0.7738282680511475,0.703540563583374,-0.042990393936634064,0.7803033590316772,0.6368067264556885,-0.05350997671484947,0.768301248550415,0.6738394498825073,-0.0445639044046402,0.7601292133331299,0.711835503578186,-0.0351274348795414,E
0.8182855248451233,0.9913626909255981,-3.2648969749971e-07,0.7533378601074219,0.9528907537460327,-0.019585249945521355,0.7180050015449524,0.8531426787376404,-0.031220952048897743,0.7573344707489014,0.795822262763977,-0.04525396600365639,0.8087807297706604,0.8117222189903259,-0.057679906487464905,0.7433607578277588,0.7465893626213074,-0.0160481259226799,0.7452805638313293,0.6335124969482422,-0.043787434697151184,0.7590258121490479,0.6690573692321777,-0.06460192799568176,0.7614825963973999,0.7247108221054077,-0.07616861909627914,0.7923328280448914,0.7351580262184143,-0.02281518280506134,0.8015584349632263,0.6156963109970093,-0.04512374848127365,0.814135730266571,0.6614472270011902,-0.05758886784315109,0.8085269927978516,0.7169709205627441,-0.06265555322170258,0.8363749384880066,0.7458429932594299,-0.03394751995801926,0.8480541706085205,0.645625114440918,-0.05174504965543747,0.8539447784423828,0.6883814930915833,-0.05640753358602524,0.8449906706809998,0.741459310054779,-0.056669171899557114,0.8760620951652527,0.7714967131614685,-0.0479755736887455,0.8853815197944641,0.692958652973175,-0.05933485925197601,0.8857825994491577,0.7121850848197937,-0.059254240244627,0.8759146928787231,0.751624584197998,-0.058326177299022675,E
0.7442838549613953,0.8357899785041809,-3.615612911289645e-07,0.6732875108718872,0.7996315360069275,-0.022945357486605644,0.6321150660514832,0.6890172958374023,-0.034416764974594116,0.6719982028007507,0.6255588531494141,-0.04828815534710884,0.7278555035591125,0.6477323174476624,-0.06000477448105812,0.6727339625358582,0.5728529691696167,-0.015072188340127468,0.6814591884613037,0.4616768956184387,-0.04471185803413391,0.6819096207618713,0.4943840205669403,-0.06543462723493576,0.6822596192359924,0.554741382598877,-0.07618042826652527,0.7233870625495911,0.5686668157577515,-0.02061188407242298,0.7388545870780945,0.44639575481414795,-0.05079449713230133,0.7359449863433838,0.49668630957603455,-0.06325972825288773,0.7309317588806152,0.5604059100151062,-0.06454865634441376,0.7689194679260254,0.5842495560646057,-0.031507667154073715,0.7860327363014221,0.4722561240196228,-0.0540204755961895,0.7788866758346558,0.5148051381111145,-0.05851050093770027,0.7716161608695984,0.5743390321731567,-0.05594516173005104,0.8113930821418762,0.6120207905769348,-0.04585230350494385,0.8223252296447754,0.5261332392692566,-0.059799108654260635,0.8130388259887695,0.5405681133270264,-0.061519261449575424,0.8046118021011353,0.5790392160415649,-0.06022346019744873,E
0.7734285593032837,0.8788023591041565,-4.661854688947642e-07,0.7067174315452576,0.8451178073883057,-0.022489532828330994,0.6648304462432861,0.7377592921257019,-0.03492838516831398,0.7033622860908508,0.6733722686767578,-0.04969654604792595,0.7578266859054565,0.693149209022522,-0.06138986721634865,0.6878838539123535,0.6239847540855408,-0.017765097320079803,0.6903731822967529,0.5100803375244141,-0.049475014209747314,0.6984432339668274,0.5668947100639343,-0.06971415132284164,0.7038458585739136,0.6306115984916687,-0.08010037988424301,0.7391678690910339,0.6120288968086243,-0.02466195821762085,0.7483997941017151,0.48590755462646484,-0.05527063086628914,0.7523941993713379,0.5569794178009033,-0.06357540935277939,0.7496175169944763,0.620901346206665,-0.061699897050857544,0.7858487367630005,0.6229236125946045,-0.03695058077573776,0.7979535460472107,0.5127717852592468,-0.060077641159296036,0.7952625155448914,0.5734897255897522,-0.057737771421670914,0.7883417010307312,0.631302535533905,-0.05023645609617233,0.8282579779624939,0.6478161215782166,-0.05271805822849274,0.834632933139801,0.5625231266021729,-0.06458519399166107,0.8270324468612671,0.5902702212333679,-0.060256071388721466,0.8185635209083557,0.6293917298316956,-0.055026888847351074,E
0.8205384612083435,0.8794459104537964,-4.0612360407976666e-07,0.7544719576835632,0.8331811428070068,-0.022864194586873055,0.723663866519928,0.7200051546096802,-0.03431597724556923,0.7725491523742676,0.6554407477378845,-0.048472873866558075,0.829239010810852,0.6704301238059998,-0.059089913964271545,0.749018132686615,0.6242497563362122,-0.007228967268019915,0.7562062740325928,0.5193440914154053,-0.03746892139315605,0.7652045488357544,0.5731774568557739,-0.06061438098549843,0.7648062705993652,0.633976936340332,-0.07311537861824036,0.7973504662513733,0.6189639568328857,-0.012137054465711117,0.8113470673561096,0.5074859857559204,-0.03967521712183952,0.8168026804924011,0.5704360604286194,-0.052239369601011276,0.8085771799087524,0.6330721378326416,-0.054276883602142334,0.8400920033454895,0.6333224177360535,-0.023061636835336685,0.8546748757362366,0.5357596278190613,-0.0422508604824543,0.8549305200576782,0.5853143930435181,-0.04375463351607323,0.844308078289032,0.6424530744552612,-0.03978505730628967,0.8791303038597107,0.6582612991333008,-0.03782461956143379,0.888623833656311,0.5813229084014893,-0.04701346904039383,0.8840786814689636,0.6024401187896729,-0.04479919746518135,0.8723633289337158,0.6405267119407654,-0.04152275621891022,E
0.7442880868911743,0.8532067537307739,-3.8744889252484427e-07,0.6768354773521423,0.8266777992248535,-0.017408492043614388,0.6243893504142761,0.7394878268241882,-0.027055848389863968,0.6417546272277832,0.6721042990684509,-0.04006189480423927,0.6905092597007751,0.6698691248893738,-0.05016018822789192,0.6610417366027832,0.6283968687057495,-0.009657775983214378,0.6625533699989319,0.5245760679244995,-0.03838939964771271,0.6671373844146729,0.5661407113075256,-0.05673672631382942,0.6692448258399963,0.6209767460823059,-0.0652344822883606,0.7049999833106995,0.6179632544517517,-0.016288690268993378,0.7109276056289673,0.5068324208259583,-0.044031888246536255,0.7153114080429077,0.5626596212387085,-0.05256452411413193,0.7138704657554626,0.6193715333938599,-0.05082295462489128,0.7461126446723938,0.6237243413925171,-0.027714859694242477,0.7502796053886414,0.5264246463775635,-0.048120006918907166,0.7503117322921753,0.5756545066833496,-0.045192230492830276,0.7468289732933044,0.627527117729187,-0.03692643716931343,0.7857431769371033,0.6415833234786987,-0.04214831814169884,0.7880244851112366,0.5630322694778442,-0.05197910964488983,0.7819714546203613,0.5842198729515076,-0.046873096376657486,0.7755725979804993,0.620092511177063,-0.0401824489235878,E
0.7431463599205017,0.8550159931182861,-3.3185989423145656e-07,0.6862168312072754,0.8197603225708008,-0.021998338401317596,0.6607794761657715,0.7240443825721741,-0.030298227444291115,0.7072840929031372,0.673233151435852,-0.039450373500585556,0.7583634257316589,0.6813561916351318,-0.046499818563461304,0.6817467212677002,0.6180430054664612,-0.014451523311436176,0.6887931823730469,0.5191553831100464,-0.04288399592041969,0.6981440782546997,0.5469129681587219,-0.06477409601211548,0.7004530429840088,0.6019843816757202,-0.0763358622789383,0.7288947105407715,0.6140967011451721,-0.01764729991555214,0.744598388671875,0.5053486227989197,-0.04211021587252617,0.7497137188911438,0.5444982051849365,-0.05582394450902939,0.742362380027771,0.5997648239135742,-0.06080450490117073,0.7688214182853699,0.6293094754219055,-0.026079503819346428,0.7860095500946045,0.5384474992752075,-0.04583786427974701,0.7849217057228088,0.572013258934021,-0.053898099809885025,0.7737983465194702,0.6218400597572327,-0.05587548762559891,0.8042953014373779,0.6552321314811707,-0.037527382373809814,0.8167180418968201,0.5822054147720337,-0.05329711362719536,0.8141663074493408,0.5924431681632996,-0.05870542302727699,0.8031513690948486,0.6268472671508789,-0.060971081256866455,E
0.7005773186683655,0.8619008660316467,-4.5382742541733023e-07,0.6388572454452515,0.8284677267074585,-0.022030336782336235,0.6007391810417175,0.729673445224762,-0.03517572209239006,0.6360210180282593,0.6749623417854309,-0.05122331157326698,0.6914786696434021,0.6995089650154114,-0.06433077901601791,0.6397321224212646,0.609512984752655,-0.013095453381538391,0.6470261216163635,0.5040590167045593,-0.04504350572824478,0.6342909932136536,0.5525863170623779,-0.06435814499855042,0.6362079381942749,0.60862135887146,-0.07388876378536224,0.6846718788146973,0.6056049466133118,-0.019990475848317146,0.7004305124282837,0.4892992377281189,-0.053315646946430206,0.683576226234436,0.5562112927436829,-0.06019347906112671,0.6822502017021179,0.6147902011871338,-0.05567539110779762,0.7256060838699341,0.6209966540336609,-0.032818753272295,0.7415775060653687,0.5150900483131409,-0.05826931074261665,0.7210730314254761,0.5740292072296143,-0.05492978170514107,0.7162085771560669,0.6274794340133667,-0.04519868269562721,0.7652439475059509,0.6487310528755188,-0.04917871952056885,0.7741290926933289,0.5659139156341553,-0.06107186898589134,0.7543236017227173,0.5952468514442444,-0.056443288922309875,0.7483144402503967,0.6348839402198792,-0.050119008868932724,E
0.7189720869064331,0.8846598863601685,-2.974370829633699e-07,0.6572267413139343,0.8572730422019958,-0.02069697342813015,0.6185169219970703,0.7675280570983887,-0.03283296898007393,0.6537216901779175,0.708345890045166,-0.04696548357605934,0.7021734714508057,0.7183439135551453,-0.0593690425157547,0.6421164274215698,0.6527197957038879,-0.01631602831184864,0.6451342105865479,0.5517783761024475,-0.04330584034323692,0.6491363644599915,0.580589771270752,-0.062385402619838715,0.6525171399116516,0.6332825422286987,-0.07246428728103638,0.6877904534339905,0.6448780298233032,-0.02185978926718235,0.6974214315414429,0.5338244438171387,-0.04906773939728737,0.6985921263694763,0.5777922868728638,-0.060950975865125656,0.6949684023857117,0.6349003314971924,-0.0630936324596405,0.7294100522994995,0.6562691926956177,-0.031893808394670486,0.7410292029380798,0.5566823482513428,-0.05343801528215408,0.7382349967956543,0.5953647494316101,-0.05847504362463951,0.7331739068031311,0.648469865322113,-0.05687030404806137,0.7682945728302002,0.6793452501296997,-0.04472494497895241,0.7759724855422974,0.6005100011825562,-0.05859975516796112,0.7702959775924683,0.6150878667831421,-0.06026921048760414,0.763556182384491,0.651177704334259,-0.05910180136561394,E
0.8114193677902222,0.5468959212303162,-4.9740915386564666e-08,0.7334728837013245,0.5103736519813538,-0.03223537653684616,0.6964107155799866,0.40212106704711914,-0.04427396133542061,0.7457802295684814,0.3250485360622406,-0.056456778198480606,0.8080691695213318,0.33551961183547974,-0.06703806668519974,0.7310150265693665,0.28712165355682373,-0.016901161521673203,0.7328810095787048,0.19064967334270477,-0.04526255652308464,0.7391408681869507,0.17719845473766327,-0.0734976977109909,0.7428149580955505,0.21662598848342896,-0.09194466471672058,0.7832343578338623,0.2784350514411926,-0.017939167097210884,0.7918941378593445,0.1630079597234726,-0.04802915081381798,0.7974510192871094,0.1673964560031891,-0.08003703504800797,0.7955093383789062,0.22317913174629211,-0.09936168044805527,0.8295438289642334,0.2918255925178528,-0.02374529279768467,0.8411015868186951,0.18546560406684875,-0.0452859066426754,0.842194139957428,0.18914644420146942,-0.06785539537668228,0.8369661569595337,0.2495293915271759,-0.08074389398097992,0.8746727108955383,0.3137670159339905,-0.03375187888741493,0.883870542049408,0.22519972920417786,-0.05330218747258186,0.8823122978210449,0.21750158071517944,-0.0693470761179924,0.8757546544075012,0.26240289211273193,-0.0793444961309433,E
0.7825887203216553,0.6393265724182129,-5.160199521014874e-07,0.7163846492767334,0.5940802097320557,-0.02052655629813671,0.6875884532928467,0.4772253632545471,-0.029638051986694336,0.7424480319023132,0.4112483859062195,-0.04208610579371452,0.8020048141479492,0.41995668411254883,-0.050984542816877365,0.6973369121551514,0.3907814621925354,-0.009586235508322716,0.6982584595680237,0.2768005132675171,-0.042558569461107254,0.7053171396255493,0.34024882316589355,-0.06375344097614288,0.7108338475227356,0.4058569371700287,-0.07334344834089279,0.749676525592804,0.3789828419685364,-0.016116036102175713,0.7580947875976562,0.2528287172317505,-0.04477214440703392,0.7573295831680298,0.3259972333908081,-0.052436888217926025,0.756197452545166,0.3904555141925812,-0.049745090305805206,0.7982568144798279,0.38796961307525635,-0.028704950585961342,0.8100041151046753,0.2762949466705322,-0.04994770511984825,0.800944983959198,0.341068834066391,-0.046104494482278824,0.7951410412788391,0.4018593430519104,-0.03721734136343002,0.843562126159668,0.40868309140205383,-0.04486491158604622,0.8471972942352295,0.31988421082496643,-0.05342096462845802,0.8342927098274231,0.3511359691619873,-0.04629354551434517,0.8264333605766296,0.3972914218902588,-0.03900464251637459,E
0.7918588519096375,0.9608950614929199,-4.2917599785141647e-07,0.7383511066436768,0.9231026768684387,-0.020182715728878975,0.7120991349220276,0.8262037634849548,-0.03171207755804062,0.7547193765640259,0.772787868976593,-0.045721571892499924,0.805117130279541,0.7828679084777832,-0.05600949749350548,0.7200369834899902,0.7301304340362549,-0.011234208010137081,0.7232615351676941,0.6329222321510315,-0.04342837631702423,0.730012834072113,0.690831184387207,-0.06236657500267029,0.7334682941436768,0.7475823760032654,-0.07004359364509583,0.7663484811782837,0.7238554954528809,-0.01657838374376297,0.7816854119300842,0.6232413053512573,-0.04528069123625755,0.7801299095153809,0.6979444026947021,-0.0499393455684185,0.7739357352256775,0.7488613724708557,-0.044826243072748184,0.8084156513214111,0.7353059649467468,-0.02760596014559269,0.8240547776222229,0.6502719521522522,-0.05113136023283005,0.8145747780799866,0.7203407287597656,-0.04411923512816429,0.8041911125183105,0.7696989178657532,-0.032039668411016464,0.846530020236969,0.757189929485321,-0.04162071645259857,0.8552641272544861,0.6867752075195312,-0.052276451140642166,0.8441242575645447,0.724551796913147,-0.04322343319654465,0.834678053855896,0.7610717415809631,-0.03317762166261673,E
0.5081592202186584,0.5312895774841309,-5.175898536435852e-07,0.4349651336669922,0.49271246790885925,-0.022066140547394753,0.40249305963516235,0.3701392412185669,-0.031005511060357094,0.4529712200164795,0.2909013330936432,-0.044263288378715515,0.5166618824005127,0.3106447458267212,-0.05362164229154587,0.4264167845249176,0.2687999904155731,-0.007488714065402746,0.41328930854797363,0.15347276628017426,-0.041253067553043365,0.4103027284145355,0.21216073632240295,-0.06380496919155121,0.42346882820129395,0.2824261784553528,-0.074336476624012,0.4778483510017395,0.25486689805984497,-0.013796721585094929,0.4830489158630371,0.1269105076789856,-0.0449821799993515,0.46624401211738586,0.19012808799743652,-0.05403703451156616,0.46900057792663574,0.2577764391899109,-0.05166918411850929,0.5247134566307068,0.26430225372314453,-0.026770250871777534,0.5383752584457397,0.1499241292476654,-0.04819512739777565,0.5129867196083069,0.20202761888504028,-0.04771136865019798,0.5107424259185791,0.2654663920402527,-0.04060513153672218,0.5701384544372559,0.2862797677516937,-0.04418500140309334,0.5787539482116699,0.19086520373821259,-0.0508284866809845,0.5529029369354248,0.20958267152309418,-0.04708559438586235,0.5438346862792969,0.26255542039871216,-0.04222051426768303,E
0.7522707581520081,0.8351423740386963,-4.6300186795633635e-07,0.6904265880584717,0.7930154204368591,-0.020955611020326614,0.6627641916275024,0.6823509931564331,-0.03151949122548103,0.7121178507804871,0.6197327971458435,-0.04513251781463623,0.7700466513633728,0.6367283463478088,-0.05571342632174492,0.6818739771842957,0.5854361057281494,-0.011227548122406006,0.6774436831474304,0.477705717086792,-0.044260624796152115,0.6796122789382935,0.5275087356567383,-0.06592151522636414,0.6877714991569519,0.5899085402488708,-0.07627164572477341,0.7311212420463562,0.5772695541381836,-0.01780100353062153,0.7425891757011414,0.4604072570800781,-0.048647210001945496,0.7360042929649353,0.5265131592750549,-0.05688735470175743,0.7349046468734741,0.5893927812576294,-0.05443759262561798,0.7759710550308228,0.5908706188201904,-0.03037407249212265,0.7921452522277832,0.48526954650878906,-0.05442788079380989,0.7772453427314758,0.5462151765823364,-0.05155279114842415,0.7711485624313354,0.6046299934387207,-0.04292121157050133,0.8188445568084717,0.6161485910415649,-0.04646312817931175,0.825910210609436,0.534762978553772,-0.05923737585544586,0.8088008165359497,0.565714418888092,-0.05482499301433563,0.8001516461372375,0.6114798188209534,-0.04873836040496826,E
0.8091248273849487,0.9317512512207031,-4.5143715965423326e-07,0.7526444792747498,0.8837494254112244,-0.016563480719923973,0.7316163778305054,0.7798222303390503,-0.026654982939362526,0.7781044244766235,0.7255164384841919,-0.04026765003800392,0.8272360563278198,0.7463542222976685,-0.051262207329273224,0.7506649494171143,0.6815937161445618,-0.00675205746665597,0.7551251649856567,0.5846952199935913,-0.03719295188784599,0.760291576385498,0.6412519812583923,-0.05689419060945511,0.7633342742919922,0.7002591490745544,-0.06596805155277252,0.7994058132171631,0.6793334484100342,-0.015006573870778084,0.8168795704841614,0.573481559753418,-0.043273042887449265,0.8117596507072449,0.6479458212852478,-0.04903335124254227,0.8046870827674866,0.7057991027832031,-0.044553883373737335,0.8431534767150879,0.6972902417182922,-0.02849181927740574,0.8628150820732117,0.6060765981674194,-0.052194222807884216,0.8479384183883667,0.6748981475830078,-0.04592480510473251,0.836527407169342,0.7292510867118835,-0.034227870404720306,0.8823237419128418,0.7281961441040039,-0.04473445937037468,0.8935394287109375,0.6554444432258606,-0.05680867284536362,0.8769158124923706,0.6926907896995544,-0.048342086374759674,0.8656124472618103,0.7344564199447632,-0.03859758749604225,E
0.7545139193534851,0.9061357378959656,-3.8557348602807906e-07,0.7011480331420898,0.8680428862571716,-0.020314663648605347,0.6747877597808838,0.7738819718360901,-0.0311195757240057,0.7145970463752747,0.7159468531608582,-0.04419940710067749,0.7610896229743958,0.7126308679580688,-0.05385027825832367,0.6744771599769592,0.6800713539123535,-0.010278107598423958,0.6753830909729004,0.5789578557014465,-0.04024288430809975,0.6872364282608032,0.630675733089447,-0.06025956571102142,0.6919896006584167,0.6886186599731445,-0.06917993724346161,0.7203643321990967,0.6678466796875,-0.014915548264980316,0.7308180928230286,0.5591537952423096,-0.04018557071685791,0.7369288206100464,0.6239451169967651,-0.04845084622502327,0.7318768501281738,0.6797250509262085,-0.0472751148045063,0.762147068977356,0.6748040914535522,-0.024758385494351387,0.7725833654403687,0.586277425289154,-0.04418555647134781,0.7711120843887329,0.6470417976379395,-0.040989622473716736,0.7627193927764893,0.6989890336990356,-0.033149637281894684,0.7995553612709045,0.6941187381744385,-0.03769426792860031,0.804832398891449,0.6235584020614624,-0.04623851552605629,0.7993239760398865,0.6550285816192627,-0.03921307250857353,0.7908558249473572,0.692818284034729,-0.03172170743346214,E
0.44422435760498047,0.6126999258995056,-6.012812718836358e-07,0.37276795506477356,0.5663468837738037,-0.01913098804652691,0.33583009243011475,0.4498266279697418,-0.029336169362068176,0.37965887784957886,0.36371031403541565,-0.04420887306332588,0.44208380579948425,0.38477110862731934,-0.05484534800052643,0.3683820962905884,0.33066967129707336,-0.005189475603401661,0.36108526587486267,0.21499530971050262,-0.039197832345962524,0.359153151512146,0.28702375292778015,-0.060075778514146805,0.3691302537918091,0.35277259349823,-0.0699748694896698,0.42009711265563965,0.32317081093788147,-0.01374578196555376,0.4279874265193939,0.19896434247493744,-0.04533613100647926,0.4148058295249939,0.2809440791606903,-0.04940946027636528,0.4163690209388733,0.3421284258365631,-0.04298122227191925,0.46739551424980164,0.33797329664230347,-0.02888275310397148,0.4814836382865906,0.22489532828330994,-0.052366338670253754,0.4584803283214569,0.29432210326194763,-0.043950531631708145,0.4551486074924469,0.3550831079483032,-0.030580181628465652,0.5123905539512634,0.3674514889717102,-0.0480160266160965,0.5188877582550049,0.273960143327713,-0.05611781030893326,0.4947897493839264,0.30791521072387695,-0.04697490856051445,0.48920705914497375,0.3593270480632782,-0.03730238974094391,E
0.5648348331451416,0.9018314480781555,-6.263159662012185e-07,0.4968673288822174,0.8548303842544556,-0.022153561934828758,0.4594269096851349,0.7455100417137146,-0.03576062247157097,0.5028373003005981,0.6662894487380981,-0.05362805724143982,0.566268801689148,0.6880162954330444,-0.0668414980173111,0.49158090353012085,0.6180254220962524,-0.00869166012853384,0.48757845163345337,0.49822062253952026,-0.044434621930122375,0.4873773157596588,0.5798945426940918,-0.0657198503613472,0.4953429102897644,0.6460251808166504,-0.07595884799957275,0.5451361536979675,0.6130224466323853,-0.017012249678373337,0.5544741153717041,0.4880925118923187,-0.05080842971801758,0.5440065264701843,0.5799886584281921,-0.055538780987262726,0.54398512840271,0.639349102973938,-0.04946741461753845,0.5929309725761414,0.6290172934532166,-0.03221973031759262,0.6085782051086426,0.5131809711456299,-0.05677793547511101,0.5889342427253723,0.5908294320106506,-0.0467674545943737,0.5834688544273376,0.6499782204627991,-0.03239653259515762,0.638019859790802,0.6611843109130859,-0.051675695925951004,0.6455106139183044,0.5675926804542542,-0.060237154364585876,0.6231134533882141,0.607735276222229,-0.049884408712387085,0.6157512068748474,0.6578139066696167,-0.039503440260887146,E
0.7509139180183411,0.9483329057693481,-4.5038493112770084e-07,0.6888368725776672,0.9073423147201538,-0.024842048063874245,0.6530152559280396,0.817664384841919,-0.04151608794927597,0.6882789134979248,0.7638200521469116,-0.05970302224159241,0.7377191781997681,0.777416467666626,-0.07483284920454025,0.6964409947395325,0.7067053914070129,-0.02061370573937893,0.7091893553733826,0.6164100170135498,-0.054267898201942444,0.7145013809204102,0.6784066557884216,-0.07628361135721207,0.7136102318763733,0.7392513155937195,-0.087603859603405,0.7445019483566284,0.7044573426246643,-0.025913884863257408,0.7636620402336121,0.6029787063598633,-0.0580630786716938,0.7639704346656799,0.6806537508964539,-0.06726709753274918,0.7539029717445374,0.74085533618927,-0.06611841171979904,0.7863162159919739,0.7212037444114685,-0.03658885881304741,0.8081426024436951,0.6267839670181274,-0.06292473524808884,0.8035023808479309,0.6909945011138916,-0.059588175266981125,0.7896908521652222,0.745586633682251,-0.05045149475336075,0.8232574462890625,0.752901554107666,-0.05040494352579117,0.8409385085105896,0.677556037902832,-0.06638412922620773,0.8341233730316162,0.7085447907447815,-0.061965037137269974,0.8198054432868958,0.7459481954574585,-0.05520404130220413,E
0.7491234540939331,0.7573530077934265,-3.357909577061946e-07,0.682693600654602,0.7297775149345398,-0.021592067554593086,0.6346044540405273,0.6453125476837158,-0.03387387841939926,0.6550256609916687,0.5858815312385559,-0.0477120466530323,0.7025634050369263,0.5850909352302551,-0.058995142579078674,0.6780803799629211,0.5222304463386536,-0.018491825088858604,0.6857354640960693,0.4166131615638733,-0.05059483274817467,0.691990077495575,0.44761914014816284,-0.07282507419586182,0.6926792860031128,0.5073667764663696,-0.0834919735789299,0.7256970405578613,0.5184091925621033,-0.023457512259483337,0.7387362122535706,0.4024289846420288,-0.05442500486969948,0.7431349158287048,0.44925206899642944,-0.06859318912029266,0.737881600856781,0.5094141960144043,-0.07144485414028168,0.7680991291999817,0.5295763611793518,-0.03317390754818916,0.7827357649803162,0.42824414372444153,-0.05716894194483757,0.780332624912262,0.468085914850235,-0.062236614525318146,0.7726751565933228,0.5231320858001709,-0.05984716862440109,0.8077318668365479,0.5515850782394409,-0.04559273272752762,0.8166067600250244,0.47271087765693665,-0.06193406507372856,0.8117150068283081,0.4875553548336029,-0.06405452638864517,0.804354727268219,0.5234822034835815,-0.06222091242671013,E
0.7861890196800232,0.8023570775985718,-5.103881903778529e-07,0.7135957479476929,0.7917748093605042,-0.028229419142007828,0.6432814598083496,0.7219030857086182,-0.047086186707019806,0.6425309181213379,0.6501745581626892,-0.0679769441485405,0.6957464218139648,0.6383808851242065,-0.08412008732557297,0.6681377291679382,0.5655626058578491,-0.019631220027804375,0.6517009735107422,0.4511897563934326,-0.059467948973178864,0.6645444631576538,0.5099886059761047,-0.08137799054384232,0.6777936220169067,0.572400689125061,-0.0905536636710167,0.7182846665382385,0.542082667350769,-0.02579362317919731,0.7089402675628662,0.42044705152511597,-0.06555397063493729,0.7211019396781921,0.505862832069397,-0.07300770282745361,0.7277607917785645,0.5646953582763672,-0.06721910089254379,0.7676897048950195,0.5374033451080322,-0.038779910653829575,0.7638978958129883,0.42559126019477844,-0.07207968831062317,0.7673444747924805,0.5056585073471069,-0.06372986733913422,0.7685263752937317,0.562358558177948,-0.047999680042266846,0.817448616027832,0.5485247373580933,-0.05552700161933899,0.8126361966133118,0.4654145836830139,-0.07331361621618271,0.8078348636627197,0.5094248652458191,-0.06516946107149124,0.80577152967453,0.5476137399673462,-0.053903136402368546,E
0.791246771812439,0.915061354637146,-4.953018333253567e-07,0.7280629873275757,0.8751527070999146,-0.020431820303201675,0.690102756023407,0.7793509364128113,-0.035026997327804565,0.7268811464309692,0.7157802581787109,-0.052847906947135925,0.7776621580123901,0.7282518148422241,-0.06735680997371674,0.7062335014343262,0.6593855023384094,-0.012447924353182316,0.7058497667312622,0.5564456582069397,-0.04672931134700775,0.7127568125724792,0.6228227615356445,-0.0690702572464943,0.718634307384491,0.6859720945358276,-0.07975362241268158,0.7567834258079529,0.6503286361694336,-0.020553478971123695,0.764268159866333,0.539201557636261,-0.05250552296638489,0.7653104662895203,0.6185698509216309,-0.06091853976249695,0.7631199955940247,0.6803321838378906,-0.05838121473789215,0.8036569952964783,0.660362720489502,-0.03418926149606705,0.8137930631637573,0.5605478286743164,-0.05966237559914589,0.806832492351532,0.6335172057151794,-0.05430318042635918,0.8001494407653809,0.6932271122932434,-0.04319631680846214,0.8477990627288818,0.684382438659668,-0.051028236746788025,0.8524419069290161,0.6032264232635498,-0.06320148706436157,0.8407861590385437,0.6430118680000305,-0.05509134382009506,0.8330091834068298,0.6877161264419556,-0.045698925852775574,E
0.8230569362640381,0.903615415096283,-3.820143490429473e-07,0.7603163719177246,0.865839421749115,-0.0225068386644125,0.7146535515785217,0.7777237892150879,-0.037743356078863144,0.7359853386878967,0.7178283929824829,-0.05446286499500275,0.7845746278762817,0.7251036763191223,-0.06800292432308197,0.7652367353439331,0.654816210269928,-0.0199974924325943,0.7794027328491211,0.5555398464202881,-0.05366097018122673,0.7813128232955933,0.5984256863594055,-0.07492197304964066,0.7766650915145874,0.6529868841171265,-0.08523796498775482,0.8138681650161743,0.6536155939102173,-0.0259855967015028,0.8341618776321411,0.5479041934013367,-0.05665238946676254,0.832159698009491,0.6115742325782776,-0.06433042138814926,0.8212817311286926,0.6622709631919861,-0.06252908706665039,0.856974720954895,0.6687768697738647,-0.03707373887300491,0.8774069547653198,0.5744041800498962,-0.06207382306456566,0.8705893754959106,0.6328285932540894,-0.0560673251748085,0.857096791267395,0.6807243227958679,-0.04569368436932564,0.8957376480102539,0.6985077857971191,-0.05131520330905914,0.912717878818512,0.6245341897010803,-0.06599558144807816,0.9040424227714539,0.6546530723571777,-0.05929771438241005,0.8905606269836426,0.6870502829551697,-0.05091986432671547,E
0.740188479423523,0.8002220392227173,-4.359053775715438e-07,0.6760141253471375,0.7711244821548462,-0.021303439512848854,0.6339436173439026,0.6745560765266418,-0.035129364579916,0.6679022908210754,0.6072109937667847,-0.05151280760765076,0.7234707474708557,0.6194872260093689,-0.06475670635700226,0.6521815657615662,0.5613810420036316,-0.017781943082809448,0.6498376727104187,0.4498571753501892,-0.049542367458343506,0.6555270552635193,0.49862155318260193,-0.06955451518297195,0.6632341742515564,0.5604488253593445,-0.07913176715373993,0.7001714706420898,0.5497635006904602,-0.02427813783288002,0.7069762349128723,0.4335402846336365,-0.054383285343647,0.7077282667160034,0.5003267526626587,-0.061402399092912674,0.7072827816009521,0.5630429983139038,-0.05860669165849686,0.7448662519454956,0.5578837990760803,-0.036033716052770615,0.7532246708869934,0.45171308517456055,-0.05863238126039505,0.7464877963066101,0.5102039575576782,-0.054627425968647,0.7422291040420532,0.5686479806900024,-0.045800793915987015,0.7871041893959045,0.5779397487640381,-0.05117880553007126,0.7906200885772705,0.49402767419815063,-0.06320708990097046,0.7795096635818481,0.5218267440795898,-0.05801478773355484,0.7727687954902649,0.5642507672309875,-0.05138571187853813,E
0.781988799571991,0.5663866996765137,-3.8911142041797575e-07,0.7107894420623779,0.5336657762527466,-0.026229608803987503,0.6618576645851135,0.4346817433834076,-0.04172275960445404,0.6952459216117859,0.3667183816432953,-0.05945533141493797,0.7577734589576721,0.37718865275382996,-0.07423307001590729,0.7062780857086182,0.3157220482826233,-0.019964611157774925,0.7125242948532104,0.20231497287750244,-0.05521056056022644,0.7117400169372559,0.240709125995636,-0.07819757610559464,0.7127141952514648,0.3022954761981964,-0.08929656445980072,0.755844235420227,0.30777573585510254,-0.02483028545975685,0.7692402601242065,0.1849796622991562,-0.060177601873874664,0.7650063037872314,0.24552187323570251,-0.07254491001367569,0.760357141494751,0.3114015460014343,-0.07231620699167252,0.800759494304657,0.31807941198349,-0.035536639392375946,0.8144208192825317,0.20653675496578217,-0.06218257173895836,0.8056718111038208,0.2570439875125885,-0.06447073817253113,0.7989251613616943,0.31892502307891846,-0.058681681752204895,0.8436577916145325,0.3400283753871918,-0.04992786422371864,0.8516232371330261,0.2520841360092163,-0.0660678967833519,0.8413911461830139,0.27053940296173096,-0.06653032451868057,0.8337144255638123,0.31215113401412964,-0.06311146914958954,E
0.7426970601081848,0.9515693783760071,-3.5713225088329636e-07,0.6764007210731506,0.9190261363983154,-0.02232845313847065,0.6324364542961121,0.8301820158958435,-0.037687066942453384,0.6654717326164246,0.7680951952934265,-0.05489814281463623,0.7173292636871338,0.7711021304130554,-0.0697614997625351,0.6609961986541748,0.6987102031707764,-0.021692361682653427,0.6637643575668335,0.5868375897407532,-0.05228721350431442,0.6705458164215088,0.618435800075531,-0.07065185159444809,0.674015998840332,0.6746139526367188,-0.07944942265748978,0.7117503881454468,0.691246747970581,-0.02865784615278244,0.7230904698371887,0.5704464912414551,-0.05950761213898659,0.7273145318031311,0.6333566904067993,-0.06806065142154694,0.7231935262680054,0.6941283941268921,-0.06668128818273544,0.7581441402435303,0.7045674920082092,-0.04030323028564453,0.7705974578857422,0.592662513256073,-0.06540969759225845,0.7685351371765137,0.6487293839454651,-0.06336332857608795,0.7620947957038879,0.7052854299545288,-0.05586986243724823,0.8006078004837036,0.7328695058822632,-0.05489950627088547,0.8106501698493958,0.6439070701599121,-0.07138791680335999,0.8030976057052612,0.6705783605575562,-0.0683094933629036,0.7939457893371582,0.7120333313941956,-0.06281942129135132,E
0.7071579694747925,0.9301837086677551,-4.619124069904501e-07,0.6376572251319885,0.9009775519371033,-0.02297884039580822,0.5875037312507629,0.8035404086112976,-0.03826145455241203,0.6181384325027466,0.7387979030609131,-0.05680094286799431,0.6762676239013672,0.7514081001281738,-0.07220372557640076,0.6210496425628662,0.6698763370513916,-0.015397961251437664,0.6214260458946228,0.5577726364135742,-0.049919646233320236,0.620530366897583,0.6121148467063904,-0.07126440107822418,0.6243084073066711,0.6719605326652527,-0.08180645853281021,0.6704145073890686,0.6621484756469727,-0.023397104814648628,0.6787554621696472,0.5419453382492065,-0.05830709636211395,0.6749682426452637,0.6170538067817688,-0.066640205681324,0.6732354164123535,0.6766082048416138,-0.06344020366668701,0.7158774733543396,0.6738041043281555,-0.037445660680532455,0.7246705889701843,0.5618080496788025,-0.06468983739614487,0.7166644930839539,0.6280984878540039,-0.060482367873191833,0.712429404258728,0.6855533719062805,-0.05001338571310043,0.7596908807754517,0.6986423134803772,-0.055076926946640015,0.7655302286148071,0.6083872318267822,-0.06887713819742203,0.7540651559829712,0.6407886743545532,-0.06314437091350555,0.7477967143058777,0.6825264096260071,-0.05558240786194801,E
0.7098166942596436,0.9186640977859497,-4.7525918489554897e-07,0.6407909393310547,0.8895996809005737,-0.022983020171523094,0.5899274945259094,0.7934449911117554,-0.03835940733551979,0.6185232996940613,0.727246105670929,-0.0570603683590889,0.6754786372184753,0.7396966218948364,-0.07249632477760315,0.6231170892715454,0.6586663126945496,-0.014151351526379585,0.6224545240402222,0.5485327243804932,-0.04892772063612938,0.6220069527626038,0.6053718328475952,-0.0703800842165947,0.6261740922927856,0.6649080514907837,-0.08091045916080475,0.6723458170890808,0.6514105200767517,-0.022137172520160675,0.6804735660552979,0.5331649780273438,-0.057875894010066986,0.6759551167488098,0.6104893684387207,-0.06612814217805862,0.6740402579307556,0.6701821088790894,-0.06229162961244583,0.7178764939308167,0.6637440323829651,-0.03626303747296333,0.7275230288505554,0.5535441637039185,-0.06504566222429276,0.7184070348739624,0.6237536072731018,-0.06023240461945534,0.7134305238723755,0.681894063949585,-0.0484592579305172,0.7622516751289368,0.6897246241569519,-0.0538795068860054,0.7684431076049805,0.6015452146530151,-0.06846888363361359,0.755967378616333,0.6363881826400757,-0.062180276960134506,0.7490659356117249,0.6779313087463379,-0.05364947021007538,E
0.7090639472007751,0.9042278528213501,-3.856046646433242e-07,0.6344573497772217,0.8781843185424805,-0.0223477091640234,0.5698325037956238,0.7828714847564697,-0.03534561023116112,0.5713251829147339,0.7037065625190735,-0.051803749054670334,0.6197447776794434,0.7101727724075317,-0.06504220515489578,0.6230223178863525,0.6411076784133911,-0.005873656831681728,0.62917160987854,0.5303152799606323,-0.037947725504636765,0.6280970573425293,0.5640003681182861,-0.058618541806936264,0.6299702525138855,0.6212681531906128,-0.06827621906995773,0.6728092432022095,0.63387131690979,-0.01325712539255619,0.6831139326095581,0.5123999118804932,-0.04647534340620041,0.6804494857788086,0.576038658618927,-0.055808085948228836,0.6793572902679443,0.6367360353469849,-0.05224767327308655,0.7187690734863281,0.6455059051513672,-0.02689863182604313,0.7262921929359436,0.538766622543335,-0.05337202176451683,0.7195718288421631,0.5983973145484924,-0.04932228475809097,0.716233491897583,0.6562098264694214,-0.03784201294183731,0.7636358141899109,0.6714543104171753,-0.04409408941864967,0.765381932258606,0.584441065788269,-0.056971512734889984,0.756268322467804,0.6133117079734802,-0.05064687877893448,0.7524793148040771,0.6532896161079407,-0.041800107806921005,E
0.718901515007019,0.8968329429626465,-5.290564217830251e-07,0.6550949811935425,0.8601562976837158,-0.019731003791093826,0.6195008754730225,0.7503919005393982,-0.030114417895674706,0.6625147461891174,0.6816580295562744,-0.044247131794691086,0.7182649970054626,0.6973920464515686,-0.0549219474196434,0.6360198855400085,0.6452364325523376,-0.010348401963710785,0.6293957233428955,0.534142017364502,-0.04237399250268936,0.6323562860488892,0.6010674238204956,-0.061832085251808167,0.6414960622787476,0.6618592739105225,-0.07106111198663712,0.6841599941253662,0.6337899565696716,-0.018449611961841583,0.6881193518638611,0.510567307472229,-0.048523761332035065,0.682425320148468,0.5855924487113953,-0.05440203845500946,0.6831381320953369,0.6448516249656677,-0.050299692898988724,0.7288592457771301,0.6437048316001892,-0.032504767179489136,0.735801637172699,0.534162163734436,-0.056119780987501144,0.7228341102600098,0.6031309366226196,-0.05142072215676308,0.7200434803962708,0.6604028344154358,-0.04135450720787048,0.7711539268493652,0.6657569408416748,-0.050110142678022385,0.771526575088501,0.5796850919723511,-0.060298752039670944,0.7550413012504578,0.6129837036132812,-0.05380544438958168,0.7503666281700134,0.6573790311813354,-0.046548597514629364,E
0.7240505218505859,0.8865544199943542,-5.285012321110116e-07,0.6653980016708374,0.8483248949050903,-0.018948381766676903,0.6351991295814514,0.7362467050552368,-0.027753686532378197,0.6805136799812317,0.6727197766304016,-0.04019440338015556,0.7326241731643677,0.6852456331253052,-0.04894997924566269,0.6394039392471313,0.6364061236381531,-0.008588448166847229,0.6345375180244446,0.5220435261726379,-0.040563784539699554,0.6393610835075378,0.5886245369911194,-0.05981339141726494,0.6474465131759644,0.6492658853530884,-0.06855855137109756,0.6877139806747437,0.6241587996482849,-0.016854271292686462,0.6939339637756348,0.5007638931274414,-0.04570349305868149,0.6892174482345581,0.5754696726799011,-0.051398999989032745,0.6885068416595459,0.6324071288108826,-0.0475354827940464,0.7321743369102478,0.6321362853050232,-0.031200528144836426,0.7414805293083191,0.5242827534675598,-0.05378425493836403,0.7289478778839111,0.5956758260726929,-0.04852426424622536,0.7243608832359314,0.6515312194824219,-0.03863733634352684,0.7737857699394226,0.6520488858222961,-0.04907720535993576,0.7737230658531189,0.5698047280311584,-0.05813870206475258,0.7583809494972229,0.6071599125862122,-0.050516147166490555,0.7535997033119202,0.6504554748535156,-0.042932868003845215,E
0.7235146164894104,0.8871815204620361,-5.022894242756593e-07,0.6625843644142151,0.8475958108901978,-0.020215153694152832,0.6326223611831665,0.735354483127594,-0.030391724780201912,0.6792357563972473,0.6694638133049011,-0.04410507529973984,0.7331199645996094,0.6825678944587708,-0.054037418216466904,0.6454504132270813,0.6317026019096375,-0.007620410993695259,0.6467267870903015,0.5196271538734436,-0.04050447791814804,0.6509873867034912,0.5814024209976196,-0.06134001910686493,0.6572710871696472,0.6425871253013611,-0.07104460150003433,0.6948593258857727,0.6230968236923218,-0.015110836364328861,0.706866979598999,0.5031678676605225,-0.046528082340955734,0.7007527947425842,0.5778663754463196,-0.053569383919239044,0.6976094245910645,0.6396735310554504,-0.04948018491268158,0.7398729920387268,0.6346011757850647,-0.028914986178278923,0.7522352337837219,0.5300866365432739,-0.053228866308927536,0.7381190061569214,0.5999195575714111,-0.04827893152832985,0.7313309907913208,0.6584996581077576,-0.037581123411655426,0.7817749381065369,0.6577708721160889,-0.04635675624012947,0.7851521372795105,0.5765749216079712,-0.05726701393723488,0.7684394121170044,0.6121511459350586,-0.05046888813376427,0.7607038617134094,0.6558271050453186,-0.04261532425880432,E
0.7254840135574341,0.8869041204452515,-4.2334681893407833e-07,0.6608429551124573,0.8523353338241577,-0.02247067168354988,0.6239756345748901,0.7451836466789246,-0.03525923565030098,0.6654666066169739,0.6767461895942688,-0.05078638717532158,0.7203976511955261,0.6949936151504517,-0.06336912512779236,0.6541967391967773,0.630511462688446,-0.012785724364221096,0.6561886072158813,0.5234824419021606,-0.04444530978798866,0.6576285362243652,0.5693924427032471,-0.06503359228372574,0.6633238196372986,0.6296985149383545,-0.07493282109498978,0.7035656571388245,0.6236603856086731,-0.01887490600347519,0.7182475924491882,0.5120443105697632,-0.04939621686935425,0.7124862670898438,0.5809083580970764,-0.05557608976960182,0.7095493674278259,0.6426124572753906,-0.05110172554850578,0.7476703524589539,0.6385859251022339,-0.030983375385403633,0.7630846500396729,0.5359442234039307,-0.05492405965924263,0.7509168386459351,0.5966403484344482,-0.050106119364500046,0.7445189356803894,0.6541244387626648,-0.0396994948387146,0.7887343764305115,0.6665894985198975,-0.04668409377336502,0.7980303168296814,0.5847407579421997,-0.059134259819984436,0.7831135392189026,0.6148361563682556,-0.05303677171468735,0.7740989327430725,0.6571903228759766,-0.04515894129872322,E
0.7223140001296997,0.8847254514694214,-5.045789635005349e-07,0.6574738025665283,0.8565001487731934,-0.022935379296541214,0.610230565071106,0.7562626600265503,-0.03687164559960365,0.6406808495521545,0.6853464841842651,-0.05412372946739197,0.6960465312004089,0.7025782465934753,-0.06806144118309021,0.6419481039047241,0.6315115690231323,-0.01007273979485035,0.6408426761627197,0.5273679494857788,-0.0437646210193634,0.6410335302352905,0.5854329466819763,-0.06568388640880585,0.6479570865631104,0.6463409662246704,-0.07637837529182434,0.6882286071777344,0.6253161430358887,-0.01653479039669037,0.6946452856063843,0.5156883001327515,-0.051288846880197525,0.6885272860527039,0.5911737680435181,-0.059701282531023026,0.6891471147537231,0.654518723487854,-0.055626530200242996,0.7309356331825256,0.6370352506637573,-0.02941701002418995,0.7385995388031006,0.5336924195289612,-0.05671562999486923,0.7265368700027466,0.6019264459609985,-0.05238272622227669,0.7239077091217041,0.6628179550170898,-0.040717657655477524,0.7729844450950623,0.6602527499198914,-0.04598675295710564,0.7735878229141235,0.5770307183265686,-0.059202782809734344,0.7584345936775208,0.6120688319206238,-0.05331941694021225,0.7540279626846313,0.6562541723251343,-0.044979605823755264,E
0.7353947162628174,0.923847496509552,-1.3308218171914632e-07,0.6583549380302429,0.8937734365463257,-0.025549260899424553,0.6025434136390686,0.8033097386360168,-0.04223025217652321,0.6198810338973999,0.737104058265686,-0.06135939806699753,0.6746096611022949,0.7514740824699402,-0.0787213146686554,0.655144453048706,0.661787211894989,-0.013392629101872444,0.6686945557594299,0.559474766254425,-0.047023165971040726,0.664095401763916,0.5587058663368225,-0.07378562539815903,0.6593619585037231,0.6032196879386902,-0.08844191581010818,0.7055078744888306,0.6569933295249939,-0.020224209874868393,0.7210888862609863,0.5331899523735046,-0.05611778423190117,0.7158260345458984,0.5600980520248413,-0.0765693336725235,0.7110985517501831,0.6211300492286682,-0.08267559111118317,0.7502309083938599,0.671798586845398,-0.032484155148267746,0.7648231387138367,0.5626157522201538,-0.05810701474547386,0.7583303451538086,0.5926368832588196,-0.06570296734571457,0.7535038590431213,0.6497198343276978,-0.06405781209468842,0.7938922047615051,0.7011417746543884,-0.04847148433327675,0.8024263978004456,0.6089996695518494,-0.06370194256305695,0.7961426377296448,0.6182398200035095,-0.06607063114643097,0.7911774516105652,0.6589803695678711,-0.06433842331171036,E
0.746781587600708,0.9104748964309692,-2.7249288336861355e-07,0.6833252906799316,0.8767367601394653,-0.021914340555667877,0.6458680033683777,0.7822599411010742,-0.036089442670345306,0.6844266057014465,0.717854917049408,-0.05276954546570778,0.737389087677002,0.7277340888977051,-0.06780367344617844,0.6614233255386353,0.6584572196006775,-0.014138052240014076,0.6631126999855042,0.5558405518531799,-0.04466365650296211,0.6607165336608887,0.5744545459747314,-0.06837090104818344,0.6645249128341675,0.6241950988769531,-0.0813324898481369,0.7098391652107239,0.6491925716400146,-0.0210844948887825,0.7208670973777771,0.5319692492485046,-0.05231379717588425,0.7146121859550476,0.572109580039978,-0.0681266263127327,0.7119997143745422,0.6344950199127197,-0.07214836776256561,0.7546753287315369,0.6607354879379272,-0.03299083933234215,0.7652313709259033,0.5537241697311401,-0.056002795696258545,0.755095362663269,0.5878293514251709,-0.06440761685371399,0.751708984375,0.6448219418525696,-0.06477533280849457,0.7976754903793335,0.6856522560119629,-0.04811855033040047,0.8034437298774719,0.6004690527915955,-0.06166348606348038,0.7911642789840698,0.6106641888618469,-0.06473320722579956,0.7844669222831726,0.6511741280555725,-0.06464415788650513,E
0.7681179046630859,0.9239200949668884,-4.950578613716061e-07,0.7111759781837463,0.8822720646858215,-0.0206009391695261,0.6862480640411377,0.7774524688720703,-0.03081386350095272,0.733856737613678,0.7167394757270813,-0.044218819588422775,0.7852502465248108,0.7133191227912903,-0.05342915281653404,0.6830353140830994,0.6789910793304443,-0.007183123379945755,0.6806628108024597,0.5705478191375732,-0.041467778384685516,0.6889159083366394,0.6369399428367615,-0.06212478503584862,0.6940621733665466,0.6968892812728882,-0.0707201436161995,0.7326527833938599,0.6689655780792236,-0.013644385151565075,0.7403616309165955,0.5544305443763733,-0.04365362226963043,0.7392001152038574,0.6333069205284119,-0.05100560188293457,0.7350994348526001,0.6857292056083679,-0.04791897535324097,0.7785535454750061,0.6783221960067749,-0.026270659640431404,0.7894868850708008,0.5784585475921631,-0.05084144324064255,0.7793254852294922,0.6548005938529968,-0.04468776658177376,0.7713884115219116,0.7090977430343628,-0.033397868275642395,0.8199913501739502,0.7004052400588989,-0.042149610817432404,0.8235886693000793,0.6242347359657288,-0.05352551490068436,0.8100664019584656,0.6652116775512695,-0.044910624623298645,0.8026551008224487,0.7057554721832275,-0.03541451320052147,E
0.7566659450531006,0.9155950546264648,-2.6063756308758457e-07,0.6940122246742249,0.8837289214134216,-0.025313518941402435,0.6540645956993103,0.8012555837631226,-0.043396562337875366,0.687272310256958,0.7432327270507812,-0.06279431283473969,0.7382593154907227,0.7387374639511108,-0.0797749012708664,0.6811020374298096,0.6698706150054932,-0.025349652394652367,0.6896218657493591,0.5584486722946167,-0.059286803007125854,0.6934646368026733,0.5829856991767883,-0.08241695165634155,0.6936489343643188,0.6394697427749634,-0.09374229609966278,0.7304430603981018,0.6660329103469849,-0.031197767704725266,0.7455746531486511,0.5438286066055298,-0.06412363052368164,0.7458507418632507,0.5907332897186279,-0.07863873988389969,0.7400997281074524,0.6516755819320679,-0.08194460719823837,0.7751026749610901,0.6806735396385193,-0.04181281104683876,0.7911365032196045,0.5672440528869629,-0.06784404069185257,0.7862185835838318,0.6097389459609985,-0.0725603774189949,0.7794236540794373,0.6672407984733582,-0.07009077072143555,0.8171094059944153,0.7089139223098755,-0.05542449653148651,0.8289992213249207,0.6217501759529114,-0.07210782170295715,0.8197959065437317,0.6382645964622498,-0.07282674312591553,0.8103365302085876,0.6789974570274353,-0.07030822336673737,E
0.7591038942337036,0.928259551525116,-4.188991056253144e-07,0.6895341873168945,0.8974255919456482,-0.020203519612550735,0.6368911266326904,0.8078790307044983,-0.03253579139709473,0.6587217450141907,0.7401589751243591,-0.04801404848694801,0.7118556499481201,0.7394665479660034,-0.06048198044300079,0.6725993752479553,0.6754330396652222,-0.011741489171981812,0.6757644414901733,0.5634312033653259,-0.0435500368475914,0.6764019727706909,0.6043094396591187,-0.06350266933441162,0.677996814250946,0.6611101031303406,-0.07286930084228516,0.7214580774307251,0.6670815944671631,-0.01975378766655922,0.7300459742546082,0.5448338985443115,-0.05224637687206268,0.7293608784675598,0.6099974513053894,-0.06195440515875816,0.7279932498931885,0.6699002385139465,-0.059943921864032745,0.7668056488037109,0.6766802668571472,-0.03320256620645523,0.7755333185195923,0.5651429891586304,-0.05811430886387825,0.7701246738433838,0.6213623881340027,-0.056254029273986816,0.7664819955825806,0.6769176721572876,-0.04789967089891434,0.8103479146957397,0.700495183467865,-0.0498381033539772,0.815977156162262,0.6118566989898682,-0.06287691742181778,0.8059628009796143,0.6382460594177246,-0.05877304449677467,0.8001724481582642,0.6783641576766968,-0.05248824134469032,E
0.7572153210639954,0.9269756078720093,-3.6825804272666574e-07,0.6954421997070312,0.8940637707710266,-0.01908942684531212,0.6557869911193848,0.8043240904808044,-0.0336526595056057,0.692288875579834,0.7440823316574097,-0.05185291916131973,0.7443944811820984,0.7490710616111755,-0.0678766518831253,0.6675898432731628,0.6778356432914734,-0.014524179510772228,0.663417398929596,0.5661037564277649,-0.04619107395410538,0.6677092909812927,0.6088155508041382,-0.06893331557512283,0.6753775477409363,0.6662442684173584,-0.08098440617322922,0.7160574793815613,0.6673439145088196,-0.023530105128884315,0.7205086350440979,0.5442812442779541,-0.05371860787272453,0.7201812863349915,0.5994472503662109,-0.06765978038311005,0.7198652625083923,0.6578989028930664,-0.0710284635424614,0.7618579268455505,0.6770326495170593,-0.037283461540937424,0.7691085934638977,0.5660383105278015,-0.05934350565075874,0.7618503570556641,0.6122272610664368,-0.06381642818450928,0.757382333278656,0.6669127941131592,-0.06181960925459862,0.805400013923645,0.7000506520271301,-0.05403194949030876,0.8084467649459839,0.6126642823219299,-0.06492798030376434,0.7974578738212585,0.6267408132553101,-0.0642259418964386,0.7910783290863037,0.6619876027107239,-0.061910372227430344,E
0.7513208389282227,0.9290903210639954,-4.4567616441781865e-07,0.6865851879119873,0.8947490453720093,-0.021525150164961815,0.642687201499939,0.8065032958984375,-0.0370991975069046,0.6720423102378845,0.7441690564155579,-0.05586293339729309,0.7257831692695618,0.7502717971801758,-0.07127441465854645,0.668269693851471,0.6808167099952698,-0.015618721954524517,0.6697123050689697,0.5701764225959778,-0.0488489493727684,0.6709302067756653,0.6244063973426819,-0.06946966052055359,0.6740815043449402,0.6808303594589233,-0.07970698177814484,0.7170257568359375,0.673904538154602,-0.0236953217536211,0.7254597544670105,0.5553107261657715,-0.0571766272187233,0.7224677205085754,0.6288737058639526,-0.06619729101657867,0.7199127674102783,0.6857939958572388,-0.06431587040424347,0.762203574180603,0.6851307153701782,-0.03721756488084793,0.7740833759307861,0.5721275210380554,-0.06292949616909027,0.7646773457527161,0.6360027194023132,-0.059485629200935364,0.7581612467765808,0.6921660900115967,-0.05021511763334274,0.8051316738128662,0.7101340293884277,-0.0540769025683403,0.8141888976097107,0.6229977011680603,-0.06717117875814438,0.8005391359329224,0.6509840488433838,-0.06252506375312805,0.7916641235351562,0.6899668574333191,-0.05608965829014778,E
0.7560610771179199,0.9272730350494385,-4.766705785641534e-07,0.6967728137969971,0.885116457939148,-0.019705820828676224,0.6681748032569885,0.7838954329490662,-0.03260020911693573,0.7126734256744385,0.7235134840011597,-0.049526359885931015,0.7638945579528809,0.7314644455909729,-0.06292650103569031,0.6704266667366028,0.673907458782196,-0.00853037741035223,0.6670117378234863,0.5683577656745911,-0.0420813262462616,0.6741375923156738,0.6327994465827942,-0.06350458413362503,0.6811957359313965,0.69231116771698,-0.07349719107151031,0.7201012372970581,0.6643609404563904,-0.016977673396468163,0.7238401770591736,0.5480444431304932,-0.047979686409235,0.7242127656936646,0.6224424839019775,-0.0570647157728672,0.7235446572303772,0.6795600652694702,-0.055653393268585205,0.7664719820022583,0.6745909452438354,-0.03124445118010044,0.7766808271408081,0.5659525394439697,-0.05579477548599243,0.7673967480659485,0.6334389448165894,-0.052499957382678986,0.7607703804969788,0.6913985013961792,-0.04346836730837822,0.8083398938179016,0.6978888511657715,-0.04882334917783737,0.813160240650177,0.6135342717170715,-0.05977248027920723,0.7994633913040161,0.6444891095161438,-0.05356818810105324,0.7914268970489502,0.6859586834907532,-0.046310167759656906,E
0.7544232606887817,0.9224125146865845,-4.54233855862185e-07,0.6914520859718323,0.8874692916870117,-0.02070346660912037,0.6515964865684509,0.7919759154319763,-0.034913018345832825,0.6862298250198364,0.7259026765823364,-0.05241243541240692,0.7392244338989258,0.7342832684516907,-0.0665525272488594,0.6736391186714172,0.6715744733810425,-0.013397455215454102,0.6749433875083923,0.5628857612609863,-0.04653148725628853,0.6771164536476135,0.6194206476211548,-0.06778961420059204,0.6824991106987,0.6797206997871399,-0.07812553644180298,0.7219376564025879,0.6627628803253174,-0.021286625415086746,0.7297224998474121,0.5455640554428101,-0.05248204991221428,0.7266017198562622,0.6168649196624756,-0.06005433574318886,0.7258687019348145,0.6753060221672058,-0.05735057219862938,0.7668840289115906,0.6740654706954956,-0.0348452664911747,0.7787656784057617,0.5664180517196655,-0.0590318888425827,0.7685591578483582,0.6307109594345093,-0.05429139733314514,0.7634082436561584,0.6869295835494995,-0.04437077417969704,0.809639573097229,0.6991352438926697,-0.05181247368454933,0.8179780840873718,0.613685667514801,-0.06320742517709732,0.8030456304550171,0.6454870104789734,-0.0567864291369915,0.7943577766418457,0.6870293021202087,-0.04929910600185394,E
0.755374014377594,0.9227489233016968,-4.826065946872404e-07,0.6975831985473633,0.8800336122512817,-0.02042567729949951,0.6685968041419983,0.7754114866256714,-0.03204416111111641,0.7132337689399719,0.7113780379295349,-0.047103699296712875,0.7663447260856628,0.7173748016357422,-0.05803295597434044,0.6731330156326294,0.6720262765884399,-0.008178276009857655,0.6778729557991028,0.5646014213562012,-0.04161777347326279,0.6845920085906982,0.6297392249107361,-0.06278195977210999,0.6883172392845154,0.6897202134132385,-0.07258842885494232,0.7237159609794617,0.6639125347137451,-0.015337267890572548,0.7349874377250671,0.5497667193412781,-0.04605111479759216,0.7331768274307251,0.6274524927139282,-0.05380239710211754,0.7291768789291382,0.6845704913139343,-0.05103721842169762,0.7700459361076355,0.6748337745666504,-0.02852705679833889,0.7834911942481995,0.572415828704834,-0.05233262479305267,0.7725254893302917,0.6442330479621887,-0.04667726159095764,0.7636741399765015,0.7012386322021484,-0.03593961521983147,0.8116400241851807,0.6987327337265015,-0.04518834128975868,0.8180516362190247,0.6189090013504028,-0.05565595626831055,0.8029773235321045,0.6541872024536133,-0.04811907932162285,0.7933607697486877,0.6949284672737122,-0.03981699422001839,E
0.7548892498016357,0.9279899597167969,-4.268324573786231e-07,0.6902080774307251,0.8938261866569519,-0.021137192845344543,0.6496590375900269,0.7915562391281128,-0.03455817699432373,0.683930516242981,0.7261478900909424,-0.05099688097834587,0.7384709715843201,0.7403344511985779,-0.06445140391588211,0.6795390844345093,0.6753711104393005,-0.015123932622373104,0.6863213181495667,0.5651699304580688,-0.04714030399918556,0.6872771978378296,0.6133737564086914,-0.06769080460071564,0.6883037090301514,0.672894299030304,-0.0778190866112709,0.7288500666618347,0.6695548892021179,-0.022501293569803238,0.7426639795303345,0.5539869666099548,-0.05417322367429733,0.7379231452941895,0.6220616102218628,-0.062307991087436676,0.7328240871429443,0.6819620132446289,-0.059854280203580856,0.7732304334640503,0.6837404370307922,-0.035329967737197876,0.7892240285873413,0.5741366147994995,-0.059739045798778534,0.7788285613059998,0.6342828273773193,-0.05638257414102554,0.7707003355026245,0.6922147274017334,-0.0474361814558506,0.8142895102500916,0.7112832069396973,-0.051513612270355225,0.8264623880386353,0.6256439089775085,-0.0647118091583252,0.8129099607467651,0.6521226763725281,-0.06025601923465729,0.8025842308998108,0.6919174790382385,-0.053895507007837296,E
0.7503607273101807,0.9197784066200256,-3.9661543382862874e-07,0.6887406706809998,0.8872246742248535,-0.019613491371273994,0.6498770117759705,0.7905407547950745,-0.03263118490576744,0.6851330995559692,0.7279214859008789,-0.0485772006213665,0.7371071577072144,0.737871527671814,-0.061942629516124725,0.6714034080505371,0.670678436756134,-0.016041185706853867,0.6751781105995178,0.5603934526443481,-0.04685702174901962,0.6771170496940613,0.6042149066925049,-0.06726649403572083,0.6816626191139221,0.6627917289733887,-0.07757847756147385,0.7207401394844055,0.6625869870185852,-0.023894527927041054,0.7326029539108276,0.5436567068099976,-0.05314372852444649,0.729210376739502,0.6048353910446167,-0.062103088945150375,0.7264389395713806,0.6633049249649048,-0.0613996684551239,0.7657215595245361,0.6754736304283142,-0.03667419031262398,0.7790884375572205,0.5677817463874817,-0.05877074599266052,0.7696582078933716,0.6216163635253906,-0.05773790553212166,0.7637070417404175,0.6764135360717773,-0.051598336547613144,0.807470440864563,0.7016682624816895,-0.052558571100234985,0.8177303671836853,0.6166143417358398,-0.0642775297164917,0.8047419786453247,0.6392817497253418,-0.06092743203043938,0.7958186864852905,0.6780890822410583,-0.05617141351103783,E
0.7510831356048584,0.9208859205245972,-4.4532120568874234e-07,0.6910684704780579,0.880865216255188,-0.021509535610675812,0.6572694778442383,0.7798547744750977,-0.03589937835931778,0.6989169120788574,0.7159908413887024,-0.05362512171268463,0.7534980177879333,0.7264224886894226,-0.06779370456933975,0.674939751625061,0.6637187600135803,-0.013061714358627796,0.678679347038269,0.5536627173423767,-0.04710495099425316,0.6811851859092712,0.6108947396278381,-0.06937427818775177,0.6860442161560059,0.6717043519020081,-0.08015204221010208,0.7239070534706116,0.6570331454277039,-0.02048872597515583,0.7365319132804871,0.5383958220481873,-0.052258092910051346,0.7326633334159851,0.608677089214325,-0.06094721704721451,0.7303448915481567,0.6678696274757385,-0.0589551217854023,0.7687525153160095,0.6706304550170898,-0.03375188261270523,0.7840380072593689,0.5628612041473389,-0.057499829679727554,0.7725101709365845,0.623860239982605,-0.05404925346374512,0.7654321789741516,0.6795296669006348,-0.045160066336393356,0.8104475140571594,0.6974430084228516,-0.050572220236063004,0.8191049098968506,0.6127331852912903,-0.060824502259492874,0.8042148351669312,0.6399691104888916,-0.05490860342979431,0.7951027750968933,0.678924024105072,-0.04813143238425255,E
0.7482706308364868,0.9224423170089722,-4.4198660020811076e-07,0.681178092956543,0.8889086842536926,-0.020217949524521828,0.6361309885978699,0.7887915372848511,-0.03245093673467636,0.668455958366394,0.7243177890777588,-0.047973114997148514,0.7243980169296265,0.7379134297370911,-0.06071896851062775,0.6679525971412659,0.6682069897651672,-0.013051197864115238,0.6731268167495728,0.5575933456420898,-0.043978001922369,0.6732646822929382,0.6050113439559937,-0.06347707659006119,0.6754639148712158,0.6637877821922302,-0.07312698662281036,0.7168610095977783,0.6613559722900391,-0.020838622003793716,0.7280406355857849,0.5420538783073425,-0.05225857347249985,0.7243525981903076,0.6108588576316833,-0.06035016477108002,0.7217644453048706,0.6716992259025574,-0.05769488215446472,0.7618369460105896,0.6744532585144043,-0.03403649479150772,0.7750245332717896,0.5625020861625671,-0.05823235958814621,0.7663347721099854,0.622439980506897,-0.055613644421100616,0.7606659531593323,0.680564284324646,-0.04707925766706467,0.804184079170227,0.7010452151298523,-0.05050811544060707,0.814693808555603,0.6138428449630737,-0.06350771337747574,0.8024119734764099,0.6400496959686279,-0.05972905829548836,0.7941895723342896,0.6802985668182373,-0.053985632956027985,E
0.6884264945983887,0.7878531813621521,-3.95499775152075e-08,0.627400279045105,0.7593973875045776,-0.02295561693608761,0.5972884893417358,0.6634831428527832,-0.03224141523241997,0.6362435817718506,0.6012944579124451,-0.043519433587789536,0.6872391700744629,0.6173233389854431,-0.05344679206609726,0.6155109405517578,0.5790209770202637,-0.008039862848818302,0.6051957011222839,0.5023420453071594,-0.035855963826179504,0.6072922945022583,0.48880448937416077,-0.05925852060317993,0.6155310869216919,0.5228484869003296,-0.07210619747638702,0.660330057144165,0.5669794082641602,-0.011136087588965893,0.6637394428253174,0.477821946144104,-0.04072565585374832,0.663489043712616,0.4824124276638031,-0.06303399056196213,0.6654128432273865,0.529868483543396,-0.07251980900764465,0.698280930519104,0.5758936405181885,-0.01911817491054535,0.7063393592834473,0.49211111664772034,-0.04063260182738304,0.7006736397743225,0.5017271637916565,-0.05195945128798485,0.6984124779701233,0.5485648512840271,-0.05401841923594475,0.7345128059387207,0.5940860509872437,-0.03052491694688797,0.735954999923706,0.5242919921875,-0.046713802963495255,0.7297970652580261,0.519190788269043,-0.05489933490753174,0.726463794708252,0.552234411239624,-0.05705248937010765,E
0.6734861135482788,0.7777493000030518,-1.0139832085087619e-07,0.6141302585601807,0.7513865828514099,-0.02191339060664177,0.5804862976074219,0.6582823395729065,-0.03186807036399841,0.6160494089126587,0.5922420024871826,-0.044109243899583817,0.6661554574966431,0.6055991053581238,-0.05475886911153793,0.6022517085075378,0.5647515058517456,-0.007020242977887392,0.590917706489563,0.4858796298503876,-0.034418776631355286,0.5948090553283691,0.4828796982765198,-0.05694146081805229,0.6061668992042542,0.524192750453949,-0.06907185167074203,0.6451774835586548,0.5532612800598145,-0.01052427664399147,0.6483244299888611,0.4625329375267029,-0.03906715288758278,0.6477835178375244,0.4779229164123535,-0.057427048683166504,0.6502853035926819,0.5296139717102051,-0.06359902024269104,0.682925820350647,0.5626346468925476,-0.019027860835194588,0.6909767985343933,0.47909268736839294,-0.03944088891148567,0.6848041415214539,0.4952603280544281,-0.046593986451625824,0.6830494403839111,0.5438087582588196,-0.04581967368721962,0.7195402383804321,0.5818039774894714,-0.031070755794644356,0.7214488387107849,0.5113319754600525,-0.045477017760276794,0.7143154740333557,0.5125253200531006,-0.050027310848236084,0.7111043930053711,0.5475592017173767,-0.0495496541261673,E
0.6788354516029358,0.785775363445282,-1.1361089491401799e-07,0.6190918684005737,0.7586601376533508,-0.022404735907912254,0.5872811675071716,0.6629052758216858,-0.031109513714909554,0.6252228617668152,0.5965955853462219,-0.041853126138448715,0.6765143275260925,0.6120433807373047,-0.05085580050945282,0.6072019934654236,0.574303925037384,-0.00793425738811493,0.5945201516151428,0.4928204417228699,-0.03487572818994522,0.5985470414161682,0.4869716763496399,-0.056297291070222855,0.6110694408416748,0.5264882445335388,-0.06803590059280396,0.6511346101760864,0.5622249245643616,-0.010860736481845379,0.6570257544517517,0.46926236152648926,-0.04089926928281784,0.6554220914840698,0.4872259497642517,-0.059118837118148804,0.6570594310760498,0.5401285886764526,-0.06468082219362259,0.6891372203826904,0.5705904364585876,-0.01874389313161373,0.699506402015686,0.48513031005859375,-0.04010995849967003,0.6917557716369629,0.5028294920921326,-0.046880558133125305,0.6890846490859985,0.5514708161354065,-0.04557390511035919,0.7257751226425171,0.588280439376831,-0.030195729807019234,0.7288489937782288,0.5191807746887207,-0.04624366760253906,0.721899151802063,0.5211347341537476,-0.05203614383935928,0.7192793488502502,0.5567042231559753,-0.05222766473889351,E
0.6721901893615723,0.7761102914810181,-1.1484338813261274e-07,0.6124036312103271,0.7499666213989258,-0.022469094023108482,0.5789076685905457,0.6564093828201294,-0.03247223421931267,0.6151127219200134,0.5914970636367798,-0.04464977607131004,0.6665822863578796,0.6061618328094482,-0.05497490614652634,0.6040278673171997,0.5649779438972473,-0.009125709533691406,0.5939257144927979,0.48401689529418945,-0.037087179720401764,0.5969162583351135,0.48394694924354553,-0.058612607419490814,0.6071633100509644,0.5281844735145569,-0.06981055438518524,0.6479510068893433,0.5546501278877258,-0.01229972206056118,0.6569498181343079,0.4630250930786133,-0.04182444512844086,0.6540389060974121,0.48064443469047546,-0.05868297815322876,0.6535283923149109,0.5331100225448608,-0.0632360428571701,0.6852923035621643,0.5650671720504761,-0.020546581596136093,0.6970455050468445,0.4813345670700073,-0.04126738756895065,0.6893993020057678,0.49858787655830383,-0.04618443176150322,0.6854755878448486,0.5461323857307434,-0.04353077709674835,0.720796525478363,0.585004448890686,-0.032417114824056625,0.7253496050834656,0.5162981152534485,-0.04719890281558037,0.7179560661315918,0.518361508846283,-0.05097028985619545,0.7136492729187012,0.5531899929046631,-0.0495925135910511,E
0.7780835032463074,0.7713072896003723,-1.8287909142600256e-07,0.7203240394592285,0.7424920797348022,-0.02342429757118225,0.6879815459251404,0.652238667011261,-0.03403986617922783,0.7258577942848206,0.590582549571991,-0.04582555592060089,0.7744577527046204,0.6022647023200989,-0.056382302194833755,0.7105042934417725,0.5653461813926697,-0.012749250046908855,0.7039107084274292,0.4789077639579773,-0.041156940162181854,0.715019166469574,0.4855884909629822,-0.06513315439224243,0.7231577038764954,0.5300168395042419,-0.07877565175294876,0.7550685405731201,0.5563376545906067,-0.015641191974282265,0.7608974575996399,0.46086156368255615,-0.04404929652810097,0.7710915207862854,0.4872405230998993,-0.06419248878955841,0.7705892324447632,0.5404201745986938,-0.07297973334789276,0.7922437787055969,0.5653847455978394,-0.023363083600997925,0.8011836409568787,0.47945934534072876,-0.04588795825839043,0.8064155578613281,0.5055599808692932,-0.057478293776512146,0.80243980884552,0.5572954416275024,-0.06063900515437126,0.8266729712486267,0.5833605527877808,-0.034122735261917114,0.8308828473091125,0.5146334171295166,-0.05144452676177025,0.8325693011283875,0.5236912369728088,-0.058860793709754944,0.8281900882720947,0.5618032813072205,-0.06169084459543228,E
0.6770395636558533,0.8202542662620544,-3.907590553353657e-07,0.6182582974433899,0.7986637353897095,-0.018607884645462036,0.575887143611908,0.7133055925369263,-0.028970204293727875,0.6049321293830872,0.64659583568573,-0.04183155670762062,0.6580086946487427,0.6548917889595032,-0.05240359902381897,0.6031757593154907,0.6221829056739807,-0.009305302053689957,0.5911462306976318,0.5340533256530762,-0.036617644131183624,0.598021388053894,0.5758963823318481,-0.053960271179676056,0.6080224514007568,0.6216499209403992,-0.06266484409570694,0.6429566144943237,0.6147937178611755,-0.013852142728865147,0.6439551711082458,0.5245721936225891,-0.04022516682744026,0.6455888748168945,0.5875856280326843,-0.04449726268649101,0.6469890475273132,0.6366803050041199,-0.04012152552604675,0.6803160309791565,0.6232646703720093,-0.023675579577684402,0.6829767227172852,0.5392708778381348,-0.045809388160705566,0.6791148781776428,0.5990336537361145,-0.03881864622235298,0.6788244843482971,0.6481584310531616,-0.027434688061475754,0.7184280753135681,0.6416202187538147,-0.03643224760890007,0.7169285416603088,0.5738116502761841,-0.048773765563964844,0.7086381912231445,0.6098886132240295,-0.04204288125038147,0.7064943909645081,0.6488699913024902,-0.03385030850768089,E
0.7199841737747192,0.5829771757125854,-5.931546809279098e-08,0.6554939150810242,0.5543062686920166,-0.02633219212293625,0.6191871762275696,0.46094632148742676,-0.035155925899744034,0.6562601923942566,0.3938974440097809,-0.04387339949607849,0.7073280215263367,0.40396249294281006,-0.05095469206571579,0.6492345929145813,0.36270463466644287,-0.013509789481759071,0.645867109298706,0.280126690864563,-0.03740803524851799,0.6522838473320007,0.2673788368701935,-0.06028149649500847,0.6576729416847229,0.3024860620498657,-0.07462190836668015,0.694272518157959,0.355058878660202,-0.013526423834264278,0.701381266117096,0.25936758518218994,-0.037494249641895294,0.7066273093223572,0.26223990321159363,-0.061269864439964294,0.7058113217353821,0.3079773485660553,-0.07497292757034302,0.7314019203186035,0.3659931421279907,-0.01785261556506157,0.7420834302902222,0.2787564694881439,-0.03465757519006729,0.7433274388313293,0.2773616313934326,-0.05035972222685814,0.741351306438446,0.324040025472641,-0.05841571465134621,0.7677085399627686,0.3839960992336273,-0.025725333020091057,0.7741356492042542,0.3079628348350525,-0.04212450236082077,0.7745587229728699,0.2958792746067047,-0.054764870554208755,0.7725276947021484,0.3272002339363098,-0.061701737344264984,E
0.6793045997619629,0.7974559664726257,-4.5569984763460525e-07,0.6217995285987854,0.7657210826873779,-0.019025666639208794,0.5920078754425049,0.6720805168151855,-0.028584806248545647,0.6299315094947815,0.6123369336128235,-0.04069005325436592,0.6799125075340271,0.6288220882415771,-0.049955736845731735,0.6183711290359497,0.5851141810417175,-0.011316762305796146,0.6157642602920532,0.48857977986335754,-0.03913317620754242,0.6155611276626587,0.5358195304870605,-0.05689366161823273,0.620015025138855,0.5903955698013306,-0.06527943164110184,0.6605332493782043,0.5803794860839844,-0.01610935479402542,0.6659574508666992,0.48043057322502136,-0.042624011635780334,0.6611326336860657,0.53908371925354,-0.04943610727787018,0.6605558395385742,0.5946652293205261,-0.04683690890669823,0.6983757615089417,0.5917009115219116,-0.025985024869441986,0.7064312696456909,0.4973035156726837,-0.04635906592011452,0.6952257752418518,0.5450252294540405,-0.04419276490807533,0.6914511919021606,0.5970095992088318,-0.03653945028781891,0.7346880435943604,0.611452579498291,-0.03889857232570648,0.7353153228759766,0.535796046257019,-0.04952167719602585,0.7213712930679321,0.5560464262962341,-0.04605461657047272,0.7152775526046753,0.5960395932197571,-0.04062919691205025,E
0.7700871825218201,0.90673828125,-3.176009215621889e-07,0.7203415036201477,0.8675424456596375,-0.018994180485606194,0.6962987184524536,0.7820252776145935,-0.03069768287241459,0.7355601787567139,0.7324752807617188,-0.044396210461854935,0.7808772921562195,0.7504978179931641,-0.055648379027843475,0.718931257724762,0.6857554912567139,-0.013382580131292343,0.7199516296386719,0.5933430790901184,-0.04014081880450249,0.7265238761901855,0.6338368654251099,-0.05961313098669052,0.7304756045341492,0.6829135417938232,-0.07007388025522232,0.7622782588005066,0.682532787322998,-0.018110468983650208,0.7755076885223389,0.5852065086364746,-0.0417606346309185,0.7762781381607056,0.6367719173431396,-0.051095496863126755,0.7708088159561157,0.6852656602859497,-0.05236455053091049,0.7991922497749329,0.6959241628646851,-0.02724442258477211,0.8133361339569092,0.6100560426712036,-0.04537753015756607,0.808293879032135,0.65213543176651,-0.04583163931965828,0.8002293109893799,0.6978143453598022,-0.04161621257662773,0.8325173854827881,0.7206982970237732,-0.039327796548604965,0.8435251712799072,0.6510918140411377,-0.049712151288986206,0.8368982672691345,0.6672754287719727,-0.04789722338318825,0.8283550143241882,0.7003509402275085,-0.044463638216257095,E
0.7405111193656921,0.9093592762947083,-2.9003118129367067e-07,0.6768712997436523,0.8883986473083496,-0.020200662314891815,0.6215630769729614,0.8105536699295044,-0.030942486599087715,0.6211734414100647,0.7429837584495544,-0.043226517736911774,0.6621328592300415,0.7420209646224976,-0.053203415125608444,0.6702257990837097,0.6976351737976074,-0.011568969115614891,0.6687203049659729,0.6037815809249878,-0.039192717522382736,0.6818653345108032,0.6272897124290466,-0.0589636005461216,0.6867473721504211,0.6760271787643433,-0.06888020038604736,0.7143597602844238,0.6869761347770691,-0.016033584251999855,0.7229571342468262,0.5880744457244873,-0.04319504648447037,0.7348066568374634,0.6332356929779053,-0.05514119565486908,0.730819046497345,0.685746431350708,-0.05661414936184883,0.7542304992675781,0.6926969885826111,-0.025041980668902397,0.7632973194122314,0.6094797253608704,-0.04711825028061867,0.7690089344978333,0.649969756603241,-0.048694733530282974,0.7627459168434143,0.697026252746582,-0.04376392811536789,0.7905224561691284,0.7117931246757507,-0.0367901511490345,0.7986113429069519,0.6439123153686523,-0.05023040622472763,0.7980128526687622,0.6639825701713562,-0.048762932419776917,0.7900100946426392,0.698306143283844,-0.04454195499420166,E
0.7410567402839661,0.9023633599281311,-3.002515995831345e-07,0.6787626147270203,0.8778988122940063,-0.020000465214252472,0.6258774399757385,0.8033214807510376,-0.03183119371533394,0.6302148699760437,0.7428915500640869,-0.04562363028526306,0.6729388236999512,0.7455862164497375,-0.05702538788318634,0.6754802465438843,0.6880781650543213,-0.012353059835731983,0.6759150624275208,0.5966616272926331,-0.04085176810622215,0.6857613325119019,0.6269334554672241,-0.0604451447725296,0.6894675493240356,0.6770846247673035,-0.06998829543590546,0.7198764681816101,0.6810527443885803,-0.01750522293150425,0.7321446537971497,0.5835788249969482,-0.045768748968839645,0.7374014258384705,0.6350396871566772,-0.05642395839095116,0.731442391872406,0.6859261393547058,-0.056465741246938705,0.7595547437667847,0.6895186305046082,-0.027372058480978012,0.7717692255973816,0.6073439121246338,-0.04998845234513283,0.7708936929702759,0.6528692841529846,-0.04974379763007164,0.7627965211868286,0.6987656950950623,-0.04318240284919739,0.7958037853240967,0.7110016345977783,-0.03999720886349678,0.8058881163597107,0.6421152353286743,-0.05245966464281082,0.8017736077308655,0.6652611494064331,-0.0491379089653492,0.793312132358551,0.6986124515533447,-0.043513908982276917,E
0.7268576622009277,0.8974204659461975,-3.8019285852897156e-07,0.6664127707481384,0.8724794983863831,-0.019683707505464554,0.6189917922019958,0.7913292646408081,-0.031566109508275986,0.6370329856872559,0.7289580702781677,-0.04524563252925873,0.681995689868927,0.7366167306900024,-0.056298546493053436,0.6548447012901306,0.6793680191040039,-0.01322910562157631,0.65345299243927,0.5929561257362366,-0.04226388409733772,0.6611939072608948,0.6372514367103577,-0.06111537292599678,0.6669408679008484,0.6887364387512207,-0.07020477950572968,0.6986418962478638,0.6709975600242615,-0.018388759344816208,0.7071804404258728,0.5776902437210083,-0.046915195882320404,0.7109326124191284,0.641409158706665,-0.05438876152038574,0.7089431285858154,0.6941671967506409,-0.05148458108305931,0.7379242181777954,0.6794864535331726,-0.028374087065458298,0.7456695437431335,0.599365234375,-0.051766976714134216,0.7439709901809692,0.6537258625030518,-0.04825311154127121,0.7401527166366577,0.700729489326477,-0.03864607959985733,0.7744737267494202,0.7003501653671265,-0.041061125695705414,0.7773445248603821,0.6313426494598389,-0.053863197565078735,0.7715198993682861,0.661035418510437,-0.04830840229988098,0.7667762637138367,0.6963229775428772,-0.04038779065012932,E
0.6802183389663696,0.8681989312171936,-4.0611462281958666e-07,0.6206634640693665,0.842310905456543,-0.01807570643723011,0.5809500217437744,0.7481148838996887,-0.026965785771608353,0.6118564605712891,0.6834549307823181,-0.03882787749171257,0.6621723771095276,0.6990948915481567,-0.04835234954953194,0.6128831505775452,0.6535512208938599,-0.007323261816054583,0.6068875789642334,0.5627869367599487,-0.033599305897951126,0.6085824370384216,0.6074856519699097,-0.05094456672668457,0.6153124570846558,0.6586171388626099,-0.05954844504594803,0.6522822976112366,0.6449198722839355,-0.012656968086957932,0.6549921035766602,0.5485373139381409,-0.03900224342942238,0.6527618169784546,0.6070436239242554,-0.0457775741815567,0.6538036465644836,0.6597799062728882,-0.04283464327454567,0.688987135887146,0.6532682180404663,-0.023096539080142975,0.6935014128684998,0.5623495578765869,-0.043877843767404556,0.6872052550315857,0.6141865253448486,-0.04099860042333603,0.6863449215888977,0.6647381782531738,-0.03252175450325012,0.7246347665786743,0.6715054512023926,-0.03658342361450195,0.7251032590866089,0.5985430479049683,-0.04697554558515549,0.7159267663955688,0.6245229244232178,-0.04245394840836525,0.7135692238807678,0.6621816754341125,-0.03618635609745979,E
0.6746854782104492,0.868466854095459,-4.023313522338867e-07,0.6157611608505249,0.8423948287963867,-0.019381994381546974,0.5757283568382263,0.7460423111915588,-0.028621798381209373,0.6068581938743591,0.6839752197265625,-0.04064377397298813,0.6573779582977295,0.7021364569664001,-0.05018167570233345,0.6097358465194702,0.6446078419685364,-0.007688082754611969,0.6093535423278809,0.5534343123435974,-0.034435808658599854,0.6067349910736084,0.5969380736351013,-0.05228404328227043,0.6108089685440063,0.648196816444397,-0.061279427260160446,0.6490510106086731,0.6380594968795776,-0.012893256731331348,0.6557847857475281,0.5391243100166321,-0.040363967418670654,0.6499184370040894,0.5973730087280273,-0.04764512553811073,0.6500764489173889,0.6512617468833923,-0.04461019113659859,0.6854228973388672,0.6490557193756104,-0.02346196398139,0.6934809684753418,0.5576475262641907,-0.04517897963523865,0.6844263672828674,0.6087179780006409,-0.043481942266225815,0.682628870010376,0.6597821712493896,-0.03544066101312637,0.7208060026168823,0.6701671481132507,-0.037210408598184586,0.7237767577171326,0.595738410949707,-0.0482732355594635,0.7125875949859619,0.6206730604171753,-0.04472780227661133,0.7083445191383362,0.6584916710853577,-0.03902176395058632,E
0.6754807233810425,0.8509925603866577,-3.969064152897772e-07,0.6146580576896667,0.8238869905471802,-0.017451506108045578,0.570179283618927,0.7321631908416748,-0.025868095457553864,0.5947438478469849,0.6703957319259644,-0.03725657984614372,0.6433711647987366,0.6821548342704773,-0.04600625857710838,0.6109794974327087,0.6288185119628906,-0.006228443700820208,0.6109843850135803,0.5377267599105835,-0.032533835619688034,0.6099902391433716,0.5826764702796936,-0.04992903023958206,0.6136841773986816,0.6336618661880493,-0.05846515670418739,0.6507955193519592,0.6225839257240295,-0.011562219820916653,0.6573135256767273,0.5246922969818115,-0.03799549862742424,0.652948260307312,0.5823185443878174,-0.04515586793422699,0.652741551399231,0.6345053911209106,-0.042020030319690704,0.6873304843902588,0.6330453753471375,-0.02192210964858532,0.6932350397109985,0.5465731024742126,-0.041998352855443954,0.6866974234580994,0.5959082841873169,-0.03928723558783531,0.6857165098190308,0.6442437171936035,-0.030626332387328148,0.7227762937545776,0.6544334292411804,-0.03526792302727699,0.7229987978935242,0.5828875303268433,-0.0450533963739872,0.713895320892334,0.6062188744544983,-0.04053676128387451,0.7112404704093933,0.6410323977470398,-0.03392927348613739,E
0.6693488955497742,0.8373090028762817,-3.9854569422459463e-07,0.6062199473381042,0.8114585876464844,-0.017951134592294693,0.5597918033599854,0.7186165452003479,-0.026175688952207565,0.5837774872779846,0.6535294651985168,-0.03736597299575806,0.6316539645195007,0.6591376066207886,-0.04580432176589966,0.5987740159034729,0.6167769432067871,-0.008538267575204372,0.6028918623924255,0.5195037126541138,-0.03512108698487282,0.6039751172065735,0.5631949305534363,-0.052447691559791565,0.6049875020980835,0.6154873967170715,-0.06087181717157364,0.6399134993553162,0.6107920408248901,-0.01372238527983427,0.6473014950752258,0.5088286399841309,-0.039186250418424606,0.6468938589096069,0.565514087677002,-0.046196114271879196,0.6453403830528259,0.6179150342941284,-0.04391138255596161,0.6773257255554199,0.6209562420845032,-0.023884987458586693,0.6830801963806152,0.5273320078849792,-0.04252751171588898,0.6796845197677612,0.575070321559906,-0.03922434151172638,0.6773098111152649,0.6250289678573608,-0.031193584203720093,0.7135363221168518,0.6415873765945435,-0.037168215960264206,0.7149145603179932,0.565170168876648,-0.04646778106689453,0.707276463508606,0.5846625566482544,-0.04206329956650734,0.7027797698974609,0.6184644103050232,-0.0361151359975338,E
0.6746644973754883,0.8393673300743103,-3.9603014556632843e-07,0.6125065088272095,0.8130739331245422,-0.017893251031637192,0.5664746761322021,0.7226983904838562,-0.027109310030937195,0.5900627374649048,0.659625768661499,-0.039219532161951065,0.639154314994812,0.6680107712745667,-0.04860684275627136,0.6057067513465881,0.6156195998191833,-0.010097400285303593,0.6092360615730286,0.5167461633682251,-0.03707204759120941,0.6090685725212097,0.5601612329483032,-0.054366204887628555,0.6102948188781738,0.6123366355895996,-0.06281750649213791,0.6466904878616333,0.6102451682090759,-0.01574026048183441,0.6539527773857117,0.5061964988708496,-0.04179997742176056,0.6522146463394165,0.5629022717475891,-0.0485767126083374,0.6512454748153687,0.6152394413948059,-0.046018920838832855,0.6841496229171753,0.6204847693443298,-0.02629159577190876,0.6896386742591858,0.5277892351150513,-0.04541755095124245,0.684540331363678,0.5765279531478882,-0.041738033294677734,0.682515025138855,0.6256005167961121,-0.03336138278245926,0.7206293344497681,0.641325831413269,-0.03996645286679268,0.7216170430183411,0.5643662214279175,-0.049145303666591644,0.7124233245849609,0.5861821174621582,-0.04419076070189476,0.7080333232879639,0.6213559508323669,-0.03790730610489845,E
0.6788271069526672,0.8487392663955688,-3.4739321108645527e-07,0.6160604357719421,0.821692943572998,-0.017271317541599274,0.5699429512023926,0.7410646677017212,-0.026876790449023247,0.5853091478347778,0.6840535998344421,-0.03862248361110687,0.6290572285652161,0.6881611943244934,-0.04845580831170082,0.6171264052391052,0.6231552958488464,-0.010841022245585918,0.6201699376106262,0.5289432406425476,-0.037944428622722626,0.6165281534194946,0.5511115789413452,-0.055365025997161865,0.6184689998626709,0.6021615862846375,-0.06337862461805344,0.6589760184288025,0.6192043423652649,-0.01686147414147854,0.6675010919570923,0.5133247375488281,-0.043954189866781235,0.6627758145332336,0.5592386722564697,-0.05174470320343971,0.6622727513313293,0.6127805113792419,-0.04949469119310379,0.6973955631256104,0.6315077543258667,-0.027460983023047447,0.703019917011261,0.5374947786331177,-0.04905867576599121,0.6958839297294617,0.5792531967163086,-0.04743584990501404,0.6952179074287415,0.6266855597496033,-0.040007371455430984,0.7340880632400513,0.656447172164917,-0.040652789175510406,0.7377030849456787,0.5781359672546387,-0.05389329418540001,0.7276811599731445,0.5977104306221008,-0.05094953998923302,0.7240208387374878,0.6325288414955139,-0.045371685177087784,E
0.7196537852287292,0.874787449836731,-3.131553114599228e-07,0.6573439240455627,0.8411951065063477,-0.017977949231863022,0.6131945252418518,0.7530519962310791,-0.02850940078496933,0.6256296634674072,0.6929435133934021,-0.04201207309961319,0.6654627919197083,0.715605616569519,-0.053672630339860916,0.670998215675354,0.643193781375885,-0.004133191425353289,0.6811683177947998,0.5534210801124573,-0.030829545110464096,0.6710913181304932,0.5728580355644226,-0.04860911890864372,0.6659157276153564,0.6184430718421936,-0.057272035628557205,0.7115092873573303,0.643415093421936,-0.010603364557027817,0.7258300185203552,0.54618239402771,-0.03887367621064186,0.7127072215080261,0.595611035823822,-0.04633542522788048,0.7082973122596741,0.6473487019538879,-0.04257296398282051,0.7475947737693787,0.6596671342849731,-0.022295573726296425,0.759712815284729,0.5698345899581909,-0.04476753994822502,0.7445194721221924,0.6172886490821838,-0.04126361757516861,0.739281415939331,0.6662205457687378,-0.031163731589913368,0.7828129529953003,0.6890690326690674,-0.037009648978710175,0.7873469591140747,0.6194117069244385,-0.04883749037981033,0.7732164859771729,0.6429442167282104,-0.04402982443571091,0.7686029076576233,0.6776121258735657,-0.036513928323984146,E
0.7186794281005859,0.8761639595031738,-3.260549021888437e-07,0.6576995849609375,0.8483874797821045,-0.01861298270523548,0.6111801266670227,0.764546811580658,-0.029018258675932884,0.6226380467414856,0.704457700252533,-0.04153059422969818,0.6631454825401306,0.7148416042327881,-0.05184602364897728,0.6556073427200317,0.6491560935974121,-0.011380145326256752,0.6619201898574829,0.5532357692718506,-0.03903990238904953,0.6619133353233337,0.5769968032836914,-0.05640976130962372,0.6610186696052551,0.626156747341156,-0.06417697668075562,0.6992216110229492,0.6458914279937744,-0.017109975218772888,0.7141951322555542,0.5409172773361206,-0.045853402465581894,0.7112584114074707,0.593087911605835,-0.0536406971514225,0.7056608200073242,0.647373378276825,-0.05048103258013725,0.7383812665939331,0.6586098670959473,-0.02749849110841751,0.7508604526519775,0.5652443170547485,-0.05076698958873749,0.7440459728240967,0.6127755045890808,-0.048441383987665176,0.7379212975502014,0.6622052192687988,-0.03952503576874733,0.7746447324752808,0.6836683750152588,-0.04056178033351898,0.7813510894775391,0.6085386872291565,-0.05422017350792885,0.7725774049758911,0.6304888725280762,-0.050664640963077545,0.7664288282394409,0.6646578907966614,-0.044167663902044296,E
0.7120211720466614,0.8717799186706543,-3.936207519927848e-07,0.6494085192680359,0.8503679037094116,-0.01905266009271145,0.5997995734214783,0.7677741646766663,-0.02882930263876915,0.6101505160331726,0.7034114599227905,-0.04081522673368454,0.65369713306427,0.7074432373046875,-0.05001606047153473,0.6388508677482605,0.641828715801239,-0.010302954353392124,0.6360569000244141,0.5449537634849548,-0.03765350580215454,0.6372553110122681,0.5825322866439819,-0.0552850179374218,0.6414909362792969,0.634483277797699,-0.06378182768821716,0.6815735101699829,0.6349643468856812,-0.01602683961391449,0.6879667043685913,0.5273799300193787,-0.043589603155851364,0.6872113943099976,0.5833848714828491,-0.051807843148708344,0.6865603923797607,0.6351607441902161,-0.0498398058116436,0.7207618355751038,0.6446189880371094,-0.026635348796844482,0.7263921499252319,0.5502657890319824,-0.04845067486166954,0.7215518951416016,0.5982757210731506,-0.04690588638186455,0.7193912863731384,0.6453034281730652,-0.039432745426893234,0.7579851746559143,0.6670211553573608,-0.04017458111047745,0.7608599662780762,0.5900994539260864,-0.05173195153474808,0.7527828216552734,0.6115102171897888,-0.04855335131287575,0.7486744523048401,0.6445191502571106,-0.04322292283177376,E
0.7218989729881287,0.8733875751495361,-2.821707596467604e-07,0.6598925590515137,0.8424757122993469,-0.02026471309363842,0.6216764450073242,0.7572174072265625,-0.030048949643969536,0.6528294086456299,0.7103920578956604,-0.04087907448410988,0.6982817649841309,0.7203773856163025,-0.050497911870479584,0.6630873680114746,0.6493364572525024,-0.01682884618639946,0.6710470914840698,0.5527946352958679,-0.045433662831783295,0.6792178750038147,0.5715757608413696,-0.06774614751338959,0.6785975098609924,0.6217770576477051,-0.07964257895946503,0.7067183256149292,0.6480550169944763,-0.020977919921278954,0.7201611995697021,0.5426152348518372,-0.04753940925002098,0.7295833826065063,0.5786889791488647,-0.06437677890062332,0.7247540950775146,0.6311029195785522,-0.0713561400771141,0.7442938089370728,0.6616758108139038,-0.029367050155997276,0.7588341236114502,0.5699715614318848,-0.05011358857154846,0.7640593647956848,0.6021780967712402,-0.06041710078716278,0.7584584951400757,0.6520866751670837,-0.06348813325166702,0.7785993814468384,0.6861200928688049,-0.04028547182679176,0.7906197905540466,0.6111398339271545,-0.05612801015377045,0.7914935350418091,0.622893214225769,-0.06246015429496765,0.784739077091217,0.6574803590774536,-0.06513281911611557,E
0.7190727591514587,0.8721231818199158,-3.4201144671897055e-07,0.6570656895637512,0.8458582162857056,-0.020911041647195816,0.6126927733421326,0.7540578246116638,-0.031597916036844254,0.634128987789154,0.694344162940979,-0.04380107298493385,0.6790193915367126,0.7114222049713135,-0.05339387431740761,0.6556034088134766,0.6438015103340149,-0.0144871911033988,0.6623257398605347,0.548340916633606,-0.04133389890193939,0.6637447476387024,0.5827059149742126,-0.0583227202296257,0.6625401973724365,0.6335779428482056,-0.06661571562290192,0.6987200379371643,0.6387775540351868,-0.018929142504930496,0.7133417129516602,0.5351688861846924,-0.04502125456929207,0.7144466638565063,0.5897493958473206,-0.05172400176525116,0.708877682685852,0.6416760683059692,-0.04933767393231392,0.7372163534164429,0.6502550840377808,-0.028288107365369797,0.7493141889572144,0.558650553226471,-0.04806100204586983,0.7465858459472656,0.6049227118492126,-0.04530464857816696,0.7400650382041931,0.6520000696182251,-0.03789645433425903,0.7721962332725525,0.6730701923370361,-0.04085571691393852,0.7797293663024902,0.5984439849853516,-0.05162392929196358,0.7748090624809265,0.6187381744384766,-0.048071153461933136,0.7684308886528015,0.6510046124458313,-0.042993173003196716,E
0.6939799785614014,0.8338401913642883,-4.4949734956389875e-07,0.6309374570846558,0.8060078024864197,-0.01860656589269638,0.5806915163993835,0.7234100699424744,-0.028385426849126816,0.5954689979553223,0.6568353772163391,-0.041293609887361526,0.6422004103660583,0.6570830345153809,-0.05076965317130089,0.624211311340332,0.6079026460647583,-0.00624668225646019,0.62724769115448,0.5170575380325317,-0.03564249724149704,0.6258901953697205,0.5688220262527466,-0.0540168434381485,0.6271066665649414,0.6181157231330872,-0.06281835585832596,0.6669797897338867,0.6011484265327454,-0.01235419511795044,0.672561526298523,0.502970278263092,-0.04185142368078232,0.6676081418991089,0.5685317516326904,-0.04929194226861,0.6663690209388733,0.6186929941177368,-0.04597359150648117,0.7065005302429199,0.6095606684684753,-0.023949220776557922,0.7121217250823975,0.5216480493545532,-0.04760604724287987,0.7026548385620117,0.5789441466331482,-0.04310470074415207,0.698556125164032,0.6272680163383484,-0.03234560415148735,0.7452523112297058,0.630273699760437,-0.03855510801076889,0.7463610172271729,0.5565761923789978,-0.05000898614525795,0.7340454459190369,0.585119366645813,-0.0441066138446331,0.7284350395202637,0.6205102801322937,-0.03595176339149475,E
0.7266709804534912,0.894611656665802,1.5014505549970636e-07,0.6719880700111389,0.8726105690002441,-0.029693858698010445,0.6223013997077942,0.8166878819465637,-0.050700701773166656,0.6095677614212036,0.752173900604248,-0.07199927419424057,0.6492952704429626,0.714675784111023,-0.08908814191818237,0.65654057264328,0.6753642559051514,-0.013543023727834225,0.6501895785331726,0.5983930230140686,-0.054800618439912796,0.6551148891448975,0.6386470198631287,-0.08811921626329422,0.6667401790618896,0.6877265572547913,-0.10452984273433685,0.6939557194709778,0.652783215045929,-0.016093173995614052,0.6907603144645691,0.5474926233291626,-0.03447252884507179,0.6868988871574402,0.4867483675479889,-0.04956356808543205,0.6832560300827026,0.43305256962776184,-0.06059016287326813,0.7338263392448425,0.6579632759094238,-0.02705518715083599,0.7381143569946289,0.5591950416564941,-0.04524829983711243,0.739470362663269,0.5006110072135925,-0.05617399141192436,0.7380269765853882,0.4473745822906494,-0.06296858191490173,0.7747725248336792,0.6840079426765442,-0.041917331516742706,0.7925591468811035,0.6081216335296631,-0.053613390773534775,0.8038449287414551,0.5612642765045166,-0.055378079414367676,0.8122654557228088,0.5168999433517456,-0.056004974991083145,F
0.7232491970062256,0.8928935527801514,1.354452479063184e-07,0.6692913770675659,0.8720454573631287,-0.02987946756184101,0.6201014518737793,0.8160362839698792,-0.050907015800476074,0.6054309606552124,0.7521690130233765,-0.07224827259778976,0.6430453062057495,0.7133657336235046,-0.08938737958669662,0.6545311808586121,0.673231840133667,-0.013263914734125137,0.6457979679107666,0.5978723764419556,-0.05532096326351166,0.6483522057533264,0.640251874923706,-0.0893709808588028,0.6601127982139587,0.6911344528198242,-0.10626987367868423,0.6905650496482849,0.6503192186355591,-0.01600041426718235,0.6854387521743774,0.5447131991386414,-0.03496953472495079,0.6813105344772339,0.4829988479614258,-0.050362251698970795,0.6785967350006104,0.42804527282714844,-0.061681244522333145,0.7297103404998779,0.6559704542160034,-0.027291033416986465,0.7358899116516113,0.556357741355896,-0.046047814190387726,0.7377862930297852,0.49672752618789673,-0.05704984813928604,0.7368667125701904,0.44190865755081177,-0.06405163556337357,0.7695965766906738,0.6828359365463257,-0.04252053052186966,0.7884294986724854,0.6072344183921814,-0.055099643766880035,0.7998995780944824,0.5591312050819397,-0.05724741518497467,0.8084531426429749,0.512537956237793,-0.058176178485155106,F
0.7282589673995972,0.8877266049385071,1.6530978541595687e-07,0.6733726263046265,0.8673951625823975,-0.03224911540746689,0.6255821585655212,0.8134114742279053,-0.055241700261831284,0.6123397946357727,0.7503517270088196,-0.07803542912006378,0.6510471701622009,0.7113947868347168,-0.09648177772760391,0.658613920211792,0.6711513996124268,-0.0166055578738451,0.6522341966629028,0.5960931777954102,-0.059525348246097565,0.6558924317359924,0.6382483839988708,-0.0939607322216034,0.6677359342575073,0.6881370544433594,-0.11101558059453964,0.695902943611145,0.6480123400688171,-0.018389225006103516,0.6929615139961243,0.54326993227005,-0.0380329005420208,0.6909052729606628,0.481766939163208,-0.053710926324129105,0.6897833347320557,0.4264161288738251,-0.0653221383690834,0.7352147102355957,0.6534543633460999,-0.02882479317486286,0.7436738610267639,0.5555739402770996,-0.04754454270005226,0.7481670379638672,0.4971984624862671,-0.05818777158856392,0.7490720748901367,0.4433724582195282,-0.06495087593793869,0.7748886942863464,0.6793100237846375,-0.04339651018381119,0.7921901941299438,0.6034893989562988,-0.05531163141131401,0.8028456568717957,0.5563880205154419,-0.05678297579288483,0.8105358481407166,0.5111892223358154,-0.057301636785268784,F
0.7380385994911194,0.8856167793273926,1.543649830182403e-07,0.6841561794281006,0.8634070754051208,-0.03163785859942436,0.6386939883232117,0.808871328830719,-0.053816068917512894,0.6272897720336914,0.7456296682357788,-0.07583808153867722,0.6650658249855042,0.7085724472999573,-0.09350129216909409,0.6722222566604614,0.6703029274940491,-0.015839360654354095,0.6662545204162598,0.5923106670379639,-0.057840730994939804,0.6710195541381836,0.6321076154708862,-0.09119930118322372,0.6825387477874756,0.6805236339569092,-0.10746442526578903,0.7094094753265381,0.6484940052032471,-0.01735658198595047,0.7064805030822754,0.5444322824478149,-0.03649204224348068,0.7052336931228638,0.4842808246612549,-0.05158790573477745,0.7048807740211487,0.4301169216632843,-0.06259835511445999,0.7485218048095703,0.6541137099266052,-0.027420220896601677,0.7566298246383667,0.5577554702758789,-0.04551876336336136,0.760985255241394,0.4999227225780487,-0.05583680421113968,0.7622725963592529,0.4462736248970032,-0.06232529506087303,0.7879887819290161,0.6791805624961853,-0.04161956161260605,0.8041995763778687,0.6052555441856384,-0.05311553180217743,0.814071536064148,0.5588414669036865,-0.05466537922620773,0.8211772441864014,0.5139312148094177,-0.055202286690473557,F
0.7930787205696106,0.7622676491737366,2.2151799328185007e-07,0.7352901697158813,0.7440224289894104,-0.03255998715758324,0.6814526319503784,0.6823902130126953,-0.05453001707792282,0.6707890033721924,0.6075095534324646,-0.07602827996015549,0.7159755825996399,0.5654820799827576,-0.09335216879844666,0.7119746208190918,0.5489684343338013,-0.019881518557667732,0.7053415775299072,0.4633707106113434,-0.06380205601453781,0.7133407592773438,0.49317729473114014,-0.09689118713140488,0.7265458106994629,0.5344604849815369,-0.11274232715368271,0.7507455945014954,0.5240679979324341,-0.02113157883286476,0.7424532175064087,0.4144529700279236,-0.04143330827355385,0.7381604909896851,0.3514450192451477,-0.05645955726504326,0.7332038879394531,0.29483532905578613,-0.06709575653076172,0.7925184965133667,0.5279287695884705,-0.03076096810400486,0.7985911965370178,0.42674964666366577,-0.05151653289794922,0.8029383420944214,0.3685143291950226,-0.06251353025436401,0.8020875453948975,0.3152802586555481,-0.06883124262094498,0.8350533246994019,0.5530203580856323,-0.04433188587427139,0.8548028469085693,0.47678932547569275,-0.05854116007685661,0.8682929277420044,0.4302646219730377,-0.06098470836877823,0.8784169554710388,0.38548946380615234,-0.061638206243515015,F
0.7581994533538818,0.8423123359680176,9.301519554583138e-08,0.6884986758232117,0.8203359246253967,-0.02547425590455532,0.6260564923286438,0.7570095062255859,-0.04148216173052788,0.5937042832374573,0.6894338130950928,-0.05919056013226509,0.6212477087974548,0.6616672277450562,-0.07316546887159348,0.6705875396728516,0.618999719619751,-0.004672682844102383,0.6487983465194702,0.5331916213035583,-0.04328761622309685,0.6421374678611755,0.5731291174888611,-0.07263810187578201,0.649370551109314,0.6254476308822632,-0.08658856153488159,0.7122313976287842,0.5927830934524536,-0.00953457597643137,0.6982336640357971,0.4866616427898407,-0.03011980466544628,0.6867020130157471,0.42383068799972534,-0.04557959735393524,0.6768130660057068,0.36482125520706177,-0.05601678416132927,0.7571803331375122,0.5946453809738159,-0.022871676832437515,0.7576178312301636,0.4916444420814514,-0.04716910049319267,0.7561431527137756,0.4262998104095459,-0.061161503195762634,0.7520102262496948,0.36487242579460144,-0.06830429285764694,0.8018248081207275,0.6187962293624878,-0.03907638415694237,0.8199539184570312,0.5369694232940674,-0.056960199028253555,0.832455039024353,0.48267650604248047,-0.06211725249886513,0.8417165279388428,0.4294314980506897,-0.06406472623348236,F
0.7582342624664307,0.8388131856918335,9.810014489630703e-08,0.6945855021476746,0.8180297613143921,-0.02628084272146225,0.6356045603752136,0.7608320713043213,-0.04520836099982262,0.6060583591461182,0.6943074464797974,-0.06562100350856781,0.636002242565155,0.6599568128585815,-0.08188903331756592,0.6740590929985046,0.6126123070716858,-0.008387318812310696,0.6549375653266907,0.5266417860984802,-0.04932413995265961,0.6520024538040161,0.5688026547431946,-0.08114565163850784,0.6608794927597046,0.6227241158485413,-0.09645286947488785,0.7147518396377563,0.5854328870773315,-0.013114127330482006,0.7014349699020386,0.4773269593715668,-0.03292334824800491,0.6918864846229553,0.41521191596984863,-0.04784240946173668,0.6841270327568054,0.3582964241504669,-0.058416109532117844,0.7597141861915588,0.58720862865448,-0.026359230279922485,0.7593104243278503,0.48410552740097046,-0.04774414002895355,0.7586284279823303,0.4203032851219177,-0.05979299545288086,0.7560252547264099,0.36126378178596497,-0.06674675643444061,0.8050491809844971,0.6121294498443604,-0.04293311387300491,0.8220754265785217,0.5309360027313232,-0.05774369090795517,0.8347036242485046,0.4790799617767334,-0.060839418321847916,0.8450018167495728,0.4283113479614258,-0.06194603815674782,F
0.7603856325149536,0.8689719438552856,1.4922061097877304e-07,0.7037529349327087,0.851652204990387,-0.031088750809431076,0.6530318260192871,0.7994850277900696,-0.05365590378642082,0.6252843737602234,0.7395535707473755,-0.07695455849170685,0.6456069350242615,0.6830330491065979,-0.09548690915107727,0.6664378046989441,0.6516862511634827,-0.011287580244243145,0.6467231512069702,0.571425199508667,-0.05489710345864296,0.6481286287307739,0.6117864847183228,-0.0899658203125,0.6599291563034058,0.6615105867385864,-0.1067105382680893,0.7024296522140503,0.6212681531906128,-0.013352733105421066,0.686272144317627,0.5134710073471069,-0.03126068413257599,0.6748833060264587,0.451194167137146,-0.04563803970813751,0.6655703186988831,0.39663761854171753,-0.056121379137039185,0.7447608113288879,0.6199419498443604,-0.024580251425504684,0.7373787760734558,0.519415020942688,-0.04102109745144844,0.7319473624229431,0.4624806046485901,-0.049427781254053116,0.7243247032165527,0.4105722904205322,-0.054979171603918076,0.789777934551239,0.6406310200691223,-0.04018530994653702,0.7984726428985596,0.5622990131378174,-0.05028453841805458,0.8043462634086609,0.5138367414474487,-0.05009230598807335,0.8082180619239807,0.46739256381988525,-0.04931143298745155,F
0.7462165355682373,0.9293168187141418,1.5368894423772872e-07,0.6881008744239807,0.911522626876831,-0.033347584307193756,0.6340657472610474,0.859837532043457,-0.05864683538675308,0.610948920249939,0.8001981377601624,-0.08460082858800888,0.6424309015274048,0.7513135671615601,-0.10615048557519913,0.6544221043586731,0.6963908076286316,-0.016070015728473663,0.6350577473640442,0.620305597782135,-0.064423106610775,0.6362752318382263,0.6694906949996948,-0.10406934469938278,0.6482013463973999,0.7246448397636414,-0.12370798736810684,0.6944588422775269,0.6660360097885132,-0.019467946141958237,0.6810740828514099,0.5524436235427856,-0.041358090937137604,0.6720390915870667,0.4857666492462158,-0.05965134873986244,0.6652096509933472,0.42519715428352356,-0.0729345828294754,0.7401058673858643,0.6671890020370483,-0.032258521765470505,0.7360319495201111,0.5617446303367615,-0.05296790599822998,0.7331581115722656,0.5006012916564941,-0.06497789174318314,0.7284601330757141,0.44367384910583496,-0.07247745245695114,0.7876169681549072,0.6924733519554138,-0.04947992414236069,0.7995119094848633,0.6085312366485596,-0.06208944320678711,0.8084051609039307,0.556684136390686,-0.06299076974391937,0.8148000836372375,0.5066269040107727,-0.06290970742702484,F
0.7407037019729614,0.9235938787460327,8.303853604729738e-08,0.674486517906189,0.9043793678283691,-0.025386080145835876,0.6126108765602112,0.8435609936714172,-0.04316244274377823,0.5886991024017334,0.7731189131736755,-0.06283626705408096,0.6286765336990356,0.746483564376831,-0.07837992906570435,0.6526982188224792,0.685808539390564,-0.0031836710404604673,0.6334287524223328,0.6070556640625,-0.04242466017603874,0.6329293251037598,0.6559662222862244,-0.07506947219371796,0.6441744565963745,0.7105313539505005,-0.09159284830093384,0.6929967403411865,0.6573818922042847,-0.008359537459909916,0.6801185011863708,0.5506956577301025,-0.02495364472270012,0.6721674203872681,0.4876617193222046,-0.03909068927168846,0.6663306355476379,0.43076252937316895,-0.04988539218902588,0.7384788990020752,0.6583775877952576,-0.022375373169779778,0.7327073216438293,0.5561957955360413,-0.040554702281951904,0.7284046411514282,0.4940043091773987,-0.05218150466680527,0.7232550382614136,0.43788260221481323,-0.05959324911236763,0.7859888672828674,0.6830404996871948,-0.040111806243658066,0.7991186380386353,0.6014455556869507,-0.05181390419602394,0.809165358543396,0.5503358840942383,-0.054003696888685226,0.8179176449775696,0.5018141865730286,-0.05515608564019203,F
0.7505753040313721,0.9044122695922852,1.745909798955836e-07,0.6931280493736267,0.8843460083007812,-0.03357618302106857,0.6385655403137207,0.8316479921340942,-0.05845297500491142,0.6134406328201294,0.7719082236289978,-0.08369924128055573,0.6472631096839905,0.7277646660804749,-0.10453645884990692,0.6678805947303772,0.6735036373138428,-0.016955584287643433,0.6512153148651123,0.5952633619308472,-0.06352505832910538,0.6521375179290771,0.6440752148628235,-0.1012880951166153,0.6641053557395935,0.6997642517089844,-0.1199369877576828,0.7087191343307495,0.6451526880264282,-0.0194442979991436,0.7017895579338074,0.5328624248504639,-0.0409185029566288,0.6978190541267395,0.4666902422904968,-0.05849842354655266,0.6951712369918823,0.40693655610084534,-0.07126481086015701,0.7527207136154175,0.6477248072624207,-0.031172487884759903,0.7539907097816467,0.543243408203125,-0.05211125686764717,0.754144012928009,0.4822583794593811,-0.0646192729473114,0.7517479062080383,0.42573878169059753,-0.07228327542543411,0.797550618648529,0.6740497946739197,-0.04713517054915428,0.8131512403488159,0.5926746726036072,-0.060403257608413696,0.82374507188797,0.5420126914978027,-0.06243682652711868,0.83188796043396,0.4939948618412018,-0.06307727843523026,F
0.7415480613708496,0.8632239103317261,1.3708989854421816e-07,0.6824767589569092,0.8485384583473206,-0.03300168365240097,0.6238541007041931,0.7961552143096924,-0.056934405118227005,0.5985784530639648,0.731043815612793,-0.08123501390218735,0.635935366153717,0.6888130307197571,-0.10094286501407623,0.6530735492706299,0.6358098983764648,-0.016319740563631058,0.633882999420166,0.5551523566246033,-0.06247781217098236,0.6376320123672485,0.6051232218742371,-0.09939584881067276,0.6518243551254272,0.6611618995666504,-0.1175999864935875,0.6930694580078125,0.606417179107666,-0.01935345120728016,0.6806980967521667,0.4940747022628784,-0.04067109152674675,0.6734653115272522,0.42867302894592285,-0.057776354253292084,0.6680228114128113,0.36846670508384705,-0.0703226625919342,0.7367014288902283,0.6077055931091309,-0.031597115099430084,0.7350369095802307,0.5031099319458008,-0.05267712473869324,0.733833372592926,0.44090819358825684,-0.06456352025270462,0.7302163243293762,0.3825864791870117,-0.0718076229095459,0.7816347479820251,0.6322044134140015,-0.04807000607252121,0.7937226295471191,0.5478079319000244,-0.06122826039791107,0.8033698201179504,0.4955523908138275,-0.06275410205125809,0.8108075857162476,0.44523394107818604,-0.06315099447965622,F
0.7985222935676575,0.7167689204216003,2.1362146185310849e-07,0.7368342876434326,0.6977766156196594,-0.03588758409023285,0.6800251007080078,0.6345676779747009,-0.060640379786491394,0.6645828485488892,0.5554550886154175,-0.0854354128241539,0.7078733444213867,0.5077863335609436,-0.10548785328865051,0.7091518640518188,0.47841280698776245,-0.019406523555517197,0.6977437734603882,0.38559311628341675,-0.06815412640571594,0.7061339616775513,0.4233221113681793,-0.10578767210245132,0.7219566106796265,0.4720214903354645,-0.12384779751300812,0.7520220279693604,0.448825478553772,-0.020889943465590477,0.7438744306564331,0.329348623752594,-0.04247039556503296,0.7402343153953552,0.2595159411430359,-0.05871957913041115,0.737365186214447,0.19645658135414124,-0.07065178453922272,0.7980867624282837,0.45101198554039,-0.032022614032030106,0.7998539805412292,0.3425346612930298,-0.05248376727104187,0.8012039065361023,0.27911442518234253,-0.06352131068706512,0.7991118431091309,0.22076201438903809,-0.07055805623531342,0.8457623720169067,0.47587278485298157,-0.04794654622673988,0.8623597621917725,0.3912196159362793,-0.06107768788933754,0.873242974281311,0.3386384844779968,-0.06299576908349991,0.8815510869026184,0.2874085605144501,-0.06380902975797653,F
0.6813955307006836,0.8605614900588989,1.303530154928012e-07,0.6206444501876831,0.8450015783309937,-0.030426429584622383,0.5616713762283325,0.7923352122306824,-0.05192946642637253,0.5311647653579712,0.7278114557266235,-0.07443303614854813,0.5631996989250183,0.6839776039123535,-0.09234192967414856,0.5856314301490784,0.6402693390846252,-0.010646850802004337,0.5629605650901794,0.5566405057907104,-0.05449791997671127,0.5659343004226685,0.6026764512062073,-0.08939509093761444,0.5798090696334839,0.6557019948959351,-0.10651807487010956,0.6246925592422485,0.6084871292114258,-0.014011355116963387,0.6087474226951599,0.4996066093444824,-0.0347394160926342,0.600167989730835,0.4358781576156616,-0.05156517028808594,0.5933985114097595,0.3768042027950287,-0.06386494636535645,0.6682231426239014,0.6069630980491638,-0.026493141427636147,0.6658352613449097,0.5031938552856445,-0.04760584607720375,0.6654202938079834,0.44199079275131226,-0.05959825590252876,0.6618703603744507,0.38489964604377747,-0.0667785108089447,0.7127559185028076,0.6292003989219666,-0.04285779967904091,0.7241648435592651,0.5467891097068787,-0.05592304840683937,0.7333739995956421,0.4955480098724365,-0.05771780386567116,0.7400673031806946,0.44643276929855347,-0.058299243450164795,F
0.7962848544120789,0.8840953707695007,1.5721710155958135e-07,0.7411720752716064,0.8671114444732666,-0.03327737748622894,0.6872909069061279,0.8169205784797668,-0.05704182758927345,0.6669340133666992,0.7561099529266357,-0.08051896095275879,0.7036789059638977,0.7131166458129883,-0.09945076704025269,0.7127673625946045,0.669081449508667,-0.017619412392377853,0.7005393505096436,0.5932981967926025,-0.06227007508277893,0.7078536152839661,0.6354511380195618,-0.09815145283937454,0.7225183844566345,0.6845624446868896,-0.11596067994832993,0.7503758668899536,0.641788125038147,-0.01921885274350643,0.7392742037773132,0.5359810590744019,-0.039677511900663376,0.7339287996292114,0.4742140769958496,-0.056200139224529266,0.7299200892448425,0.4181627035140991,-0.06822318583726883,0.7920081615447998,0.6434752345085144,-0.029645711183547974,0.7924169898033142,0.5434022545814514,-0.04950525984168053,0.7933682799339294,0.4834533631801605,-0.06097522750496864,0.7912265062332153,0.42802509665489197,-0.0679820254445076,0.8354846239089966,0.6666043996810913,-0.04425934702157974,0.8490628600120544,0.5878002047538757,-0.05712088569998741,0.8579490184783936,0.5382964611053467,-0.0590662844479084,0.8640254139900208,0.49058496952056885,-0.059666864573955536,F
0.7889993190765381,0.9034734964370728,1.21230371519232e-07,0.7248151898384094,0.884326696395874,-0.023836836218833923,0.6648384928703308,0.8253546357154846,-0.040806155651807785,0.6368898749351501,0.7565786242485046,-0.05944963917136192,0.6700281500816345,0.7315075993537903,-0.0744936615228653,0.6979324221611023,0.6781731843948364,-0.004209897015243769,0.6793235540390015,0.5956987738609314,-0.04303160682320595,0.6805192232131958,0.6379157304763794,-0.07516887784004211,0.6919806599617004,0.6881378293037415,-0.09116803109645844,0.7390384674072266,0.649983286857605,-0.009742123074829578,0.7281282544136047,0.5409845113754272,-0.0259056705981493,0.7228939533233643,0.4781526029109955,-0.04009684920310974,0.7188390493392944,0.42287322878837585,-0.050826385617256165,0.7833445072174072,0.6514393091201782,-0.023613667115569115,0.7840731143951416,0.5496068000793457,-0.04116925969719887,0.7853555679321289,0.4874345064163208,-0.05259991064667702,0.7834436297416687,0.4307895600795746,-0.05987231433391571,0.8280056715011597,0.67609041929245,-0.04079112410545349,0.8414662480354309,0.5968978404998779,-0.051727499812841415,0.8519445657730103,0.5480496287345886,-0.052712392061948776,0.8602648377418518,0.5017404556274414,-0.05306784808635712,F
0.8006633520126343,0.8827850818634033,2.0355734875465714e-07,0.7446044087409973,0.8737980723381042,-0.038692865520715714,0.6952790021896362,0.8295204639434814,-0.06492725759744644,0.6950209140777588,0.7714348435401917,-0.08922645449638367,0.7146374583244324,0.7143540978431702,-0.10834553092718124,0.6906793117523193,0.6724888682365417,-0.025037584826350212,0.6818256378173828,0.6074173450469971,-0.06972096115350723,0.7052602171897888,0.6449483633041382,-0.10565343499183655,0.7310371994972229,0.6936569213867188,-0.12239331007003784,0.7240538597106934,0.6334946751594543,-0.023968670517206192,0.7032722234725952,0.5269829034805298,-0.04189009964466095,0.6928061842918396,0.4653887152671814,-0.05597590655088425,0.6847034692764282,0.4125972390174866,-0.06601410359144211,0.7645761370658875,0.6267346739768982,-0.031771618872880936,0.7469351291656494,0.5265254974365234,-0.04632042720913887,0.7358241677284241,0.4671829342842102,-0.05366472899913788,0.724097490310669,0.41342809796333313,-0.05848809331655502,0.8110495209693909,0.6426922678947449,-0.04474308341741562,0.8050560355186462,0.5630710124969482,-0.050835367292165756,0.8002483248710632,0.5160427689552307,-0.04687768965959549,0.7942537069320679,0.47280898690223694,-0.04356049373745918,F
0.7634507417678833,0.8584961891174316,1.5200757275124488e-07,0.7050142288208008,0.8442530035972595,-0.031554341316223145,0.6483267545700073,0.7930982112884521,-0.05383264645934105,0.6286133527755737,0.7304248809814453,-0.0762546956539154,0.6654534935951233,0.6899179220199585,-0.09431711584329605,0.6780943870544434,0.6392430067062378,-0.01654183864593506,0.665000855922699,0.558658242225647,-0.0604698583483696,0.6726372838020325,0.6000697016716003,-0.0954572930932045,0.6879544854164124,0.6501579284667969,-0.1126873642206192,0.7183270454406738,0.6096498370170593,-0.01960054412484169,0.7062326669692993,0.4976494312286377,-0.039885375648736954,0.6995882987976074,0.4322644770145416,-0.05632777512073517,0.694089949131012,0.37282824516296387,-0.06837978214025497,0.7614057064056396,0.6100084185600281,-0.031371280550956726,0.7600815296173096,0.5062091946601868,-0.050828732550144196,0.7592383027076721,0.4450758397579193,-0.06234279274940491,0.7551640272140503,0.3882579803466797,-0.06956028193235397,0.8059664964675903,0.6325600743293762,-0.04725572466850281,0.8158467411994934,0.5519187450408936,-0.05990287661552429,0.8226003646850586,0.5021289587020874,-0.061674848198890686,0.8264491558074951,0.4541122317314148,-0.06229548156261444,F
0.7413785457611084,0.8956670761108398,1.7433748666917381e-07,0.6841512322425842,0.8745108246803284,-0.03683560714125633,0.6313925981521606,0.8225618600845337,-0.06434259563684464,0.6165942549705505,0.7644376158714294,-0.09116179496049881,0.6551142930984497,0.7244098782539368,-0.11346162855625153,0.670976459980011,0.6634236574172974,-0.021863548085093498,0.6663593053817749,0.595305323600769,-0.07040473818778992,0.6729360222816467,0.6448825001716614,-0.10982318967580795,0.6867499947547913,0.7022696137428284,-0.1296970099210739,0.7128016352653503,0.6403546929359436,-0.024532221257686615,0.7089120745658875,0.5304149389266968,-0.04909539967775345,0.7066389918327332,0.46591508388519287,-0.06962853670120239,0.7061024904251099,0.4061200022697449,-0.08438217639923096,0.7559595108032227,0.6489041447639465,-0.03651602566242218,0.7639769315719604,0.5416234731674194,-0.06111108511686325,0.7675783038139343,0.47678083181381226,-0.076661117374897,0.7686423659324646,0.4152378439903259,-0.0861431360244751,0.7994651198387146,0.6805708408355713,-0.05264085531234741,0.8187718391418457,0.5973671078681946,-0.06912800669670105,0.8313888907432556,0.5447417497634888,-0.0729794055223465,0.8406598567962646,0.4922255873680115,-0.07478071004152298,F
0.7507757544517517,0.9217792749404907,1.6756976606302487e-07,0.6937781572341919,0.9008020162582397,-0.03251883015036583,0.6400691270828247,0.8453640341758728,-0.0573241151869297,0.6261274218559265,0.7863732576370239,-0.08230960369110107,0.6713886260986328,0.7578986883163452,-0.10326657444238663,0.6782140731811523,0.6855723261833191,-0.017541732639074326,0.6715126037597656,0.6166065335273743,-0.0634547621011734,0.6782554984092712,0.6655681729316711,-0.10139081627130508,0.6920916438102722,0.7215981483459473,-0.12094508856534958,0.7194766402244568,0.6602059006690979,-0.022194942459464073,0.7152511477470398,0.548694372177124,-0.04416338726878166,0.7119089365005493,0.48245128989219666,-0.06285494565963745,0.7097803950309753,0.42177316546440125,-0.07679247856140137,0.7629505395889282,0.6674663424491882,-0.03579714894294739,0.7708608508110046,0.558557391166687,-0.05814759060740471,0.7745394706726074,0.49309563636779785,-0.07302442193031311,0.7755172252655029,0.4316437244415283,-0.0826168805360794,0.8063409924507141,0.6994120478630066,-0.053379859775304794,0.8278593420982361,0.6176350116729736,-0.06816916167736053,0.842380940914154,0.5651363730430603,-0.07155627757310867,0.8537057042121887,0.5135389566421509,-0.07361744344234467,F
0.7323487401008606,0.898269772529602,1.0744183498445636e-07,0.6713484525680542,0.8829680681228638,-0.028222721070051193,0.6146178841590881,0.8264890909194946,-0.0486343689262867,0.5887622833251953,0.7598576545715332,-0.07020819932222366,0.6256864070892334,0.7236572504043579,-0.08773265779018402,0.6433587670326233,0.6748080253601074,-0.0069094072096049786,0.6268416047096252,0.599221408367157,-0.04961461201310158,0.6289049386978149,0.6443357467651367,-0.08520574122667313,0.6425746083259583,0.6973106265068054,-0.10276377201080322,0.6817081570625305,0.6458723545074463,-0.010691690258681774,0.6722381711006165,0.5362776517868042,-0.030056221410632133,0.6674306392669678,0.46993863582611084,-0.04612632095813751,0.6655279994010925,0.4098830223083496,-0.05773722007870674,0.723121166229248,0.6450098752975464,-0.023450380191206932,0.7193672060966492,0.5405237674713135,-0.0411224327981472,0.7159620523452759,0.47472864389419556,-0.05219743773341179,0.7109315395355225,0.41506755352020264,-0.058921899646520615,0.7658400535583496,0.6657037138938904,-0.04022577404975891,0.7686192989349365,0.5793145895004272,-0.049331989139318466,0.7701019644737244,0.526303768157959,-0.04944251477718353,0.7700524926185608,0.47786056995391846,-0.04913697764277458,F
0.7352856397628784,0.9020439386367798,1.2586809816639288e-07,0.6769659519195557,0.8812291622161865,-0.028940759599208832,0.622282862663269,0.820724368095398,-0.05008525773882866,0.5947956442832947,0.7526035308837891,-0.0723998174071312,0.6295179128646851,0.7058437466621399,-0.09052716195583344,0.6534647941589355,0.6715335845947266,-0.009170196019113064,0.6355335712432861,0.591332733631134,-0.05286901816725731,0.6345082521438599,0.6340370178222656,-0.0889471098780632,0.646125316619873,0.6864221096038818,-0.10695727914571762,0.6918546557426453,0.6441413164138794,-0.013200524263083935,0.6811547875404358,0.5331268310546875,-0.03269784152507782,0.6754907965660095,0.46673983335494995,-0.049467895179986954,0.6727867722511292,0.40750882029533386,-0.06192687898874283,0.7340652942657471,0.6475197076797485,-0.026210803538560867,0.739039421081543,0.5439520478248596,-0.045718684792518616,0.7432095408439636,0.4795951545238495,-0.057741083204746246,0.7445203065872192,0.42036303877830505,-0.06547925621271133,0.7756726741790771,0.6746413707733154,-0.04309973493218422,0.7908989191055298,0.5934184193611145,-0.0554635152220726,0.8020225763320923,0.5424599647521973,-0.057096417993307114,0.8107969760894775,0.49322399497032166,-0.057872772216796875,F
0.7407715320587158,0.907711923122406,1.1711240688327962e-07,0.6837842464447021,0.8841703534126282,-0.03256477043032646,0.6312160491943359,0.8217020630836487,-0.055378615856170654,0.6029088497161865,0.7545191645622253,-0.07864904403686523,0.6358348727226257,0.7070692181587219,-0.09749824553728104,0.659152626991272,0.6742175817489624,-0.009884608909487724,0.6446724534034729,0.5928892493247986,-0.0551249198615551,0.6423105001449585,0.6369085907936096,-0.09245216101408005,0.6513947248458862,0.689813494682312,-0.11075977236032486,0.6965234875679016,0.6497107148170471,-0.01193961687386036,0.6891278624534607,0.5370874404907227,-0.03299306705594063,0.6837036609649658,0.46975335478782654,-0.05075816437602043,0.6808534264564514,0.4073323607444763,-0.0634644627571106,0.7366547584533691,0.6533925533294678,-0.02343365177512169,0.7354074716567993,0.5495877265930176,-0.041701797395944595,0.7325708270072937,0.48236340284347534,-0.05332663282752037,0.7279684543609619,0.419522762298584,-0.06048036739230156,0.776612401008606,0.6784641146659851,-0.039382949471473694,0.7774590849876404,0.5920583009719849,-0.04835636541247368,0.7773211598396301,0.5385363101959229,-0.04845263063907623,0.7758899927139282,0.4881823658943176,-0.048246681690216064,F
0.7442864775657654,0.9068453311920166,1.587261948543528e-07,0.6903982162475586,0.8842606544494629,-0.03275372087955475,0.6404725909233093,0.8214824795722961,-0.05511831119656563,0.6259230971336365,0.7503625154495239,-0.0773959532380104,0.6534892320632935,0.6931580901145935,-0.09462527930736542,0.6682295799255371,0.6694800853729248,-0.01557731069624424,0.6538930535316467,0.5844159126281738,-0.06158272176980972,0.6629981398582458,0.6228916049003601,-0.0971779003739357,0.6794021725654602,0.671588659286499,-0.11437785625457764,0.7071691155433655,0.6453028321266174,-0.018884435296058655,0.6885166764259338,0.5320722460746765,-0.04173929989337921,0.6771144866943359,0.4655776619911194,-0.06200934574007988,0.6672918796539307,0.4011281430721283,-0.0763477087020874,0.7508918046951294,0.6530377268791199,-0.031089317053556442,0.7585412263870239,0.5479124784469604,-0.05739108845591545,0.7655451893806458,0.4835083484649658,-0.07564273476600647,0.7679809331893921,0.42215004563331604,-0.08682458102703094,0.795531153678894,0.6864436268806458,-0.04672981798648834,0.8250109553337097,0.6131037473678589,-0.0668155625462532,0.8467211723327637,0.5649029016494751,-0.07432713359594345,0.8637981414794922,0.5152744054794312,-0.07848837226629257,F
0.7200542092323303,0.8829802870750427,1.0291868335343679e-07,0.6625431776046753,0.862935483455658,-0.029938459396362305,0.6071418523788452,0.8024965524673462,-0.05114908888936043,0.5856834650039673,0.7303038835525513,-0.07299862056970596,0.6215784549713135,0.680396318435669,-0.09024493396282196,0.6355546712875366,0.651432454586029,-0.01368388906121254,0.6198435425758362,0.5622576475143433,-0.057642485946416855,0.6216154098510742,0.6022292375564575,-0.09281444549560547,0.6329134106636047,0.6517300605773926,-0.11032427847385406,0.6746538281440735,0.6234228610992432,-0.0173023734241724,0.6611931920051575,0.5093445777893066,-0.03745556250214577,0.6511492729187012,0.4429219365119934,-0.054508455097675323,0.6431290507316589,0.38342228531837463,-0.06722704321146011,0.7183566689491272,0.6263675689697266,-0.029517468065023422,0.719696044921875,0.5197871923446655,-0.049194805324077606,0.7203385829925537,0.4582101106643677,-0.06070508062839508,0.7184218764305115,0.40165215730667114,-0.06810793280601501,0.7633087635040283,0.6525757312774658,-0.04567394778132439,0.7773767113685608,0.5688449144363403,-0.05885528028011322,0.786954939365387,0.5159854888916016,-0.06102149561047554,0.7940298318862915,0.46509426832199097,-0.061934694647789,F
0.7214959859848022,0.8192518353462219,1.8319428818358574e-07,0.6612040400505066,0.8017570972442627,-0.031136922538280487,0.6024405360221863,0.7440184950828552,-0.05501732602715492,0.5776780843734741,0.6756108403205872,-0.07919377088546753,0.6151525974273682,0.6309974789619446,-0.0985739529132843,0.6360580325126648,0.5840762257575989,-0.01983172819018364,0.620695948600769,0.4946572482585907,-0.0663326308131218,0.6194387674331665,0.5458995699882507,-0.10144836455583572,0.6287734508514404,0.6037381291389465,-0.1183432787656784,0.6783983707427979,0.5561642050743103,-0.024688513949513435,0.6665264368057251,0.43160098791122437,-0.04764235019683838,0.6580174565315247,0.362041711807251,-0.0645381361246109,0.650860607624054,0.2974362075328827,-0.0764312818646431,0.7251046299934387,0.5608941912651062,-0.03807807341217995,0.7278034090995789,0.4476366639137268,-0.06228068470954895,0.7287547588348389,0.3806346356868744,-0.07603950053453445,0.7263723611831665,0.3181973993778229,-0.08425666391849518,0.7727272510528564,0.5908061861991882,-0.05490008741617203,0.7935840487480164,0.504996120929718,-0.07197573781013489,0.8083236217498779,0.4510219991207123,-0.07529333233833313,0.8195830583572388,0.39761683344841003,-0.07643982768058777,F
0.6560772061347961,0.8052147626876831,1.6054207208071603e-07,0.5827922821044922,0.7859132885932922,-0.027900055050849915,0.5126974582672119,0.7102460861206055,-0.04555419459939003,0.4827354848384857,0.6250467896461487,-0.06480416655540466,0.5283817648887634,0.5981066823005676,-0.07948775589466095,0.5582865476608276,0.5475589632987976,-0.0026091397739946842,0.5413622856140137,0.45359861850738525,-0.04595194756984711,0.5425395369529724,0.49491265416145325,-0.08088905364274979,0.5544722676277161,0.5507160425186157,-0.09800790995359421,0.6029964685440063,0.518828809261322,-0.007975376211106777,0.589584469795227,0.39555537700653076,-0.028274813666939735,0.5782070159912109,0.3207492232322693,-0.04521825909614563,0.5688764452934265,0.2542784810066223,-0.05740974098443985,0.6510893702507019,0.5225946307182312,-0.02295677550137043,0.650885820388794,0.40484148263931274,-0.044496215879917145,0.649601936340332,0.335274338722229,-0.05795608460903168,0.6457525491714478,0.2712427079677582,-0.06589092314243317,0.699478805065155,0.5507403612136841,-0.04182779788970947,0.7171719670295715,0.4594641625881195,-0.056348614394664764,0.7294045090675354,0.4016180634498596,-0.06000984460115433,0.738608181476593,0.3442252278327942,-0.061854418367147446,F
0.46190783381462097,0.956598162651062,9.666887734738339e-08,0.39958375692367554,0.9419990181922913,-0.02644391357898712,0.3469076156616211,0.8991464376449585,-0.04725120961666107,0.3153264820575714,0.859794557094574,-0.06966323405504227,0.31963372230529785,0.8166807293891907,-0.08888498693704605,0.3701394200325012,0.7470023036003113,-0.012761043384671211,0.3424759805202484,0.6746768951416016,-0.05329659953713417,0.32988420128822327,0.7197476029396057,-0.0859178975224495,0.332752525806427,0.7730438709259033,-0.10180353373289108,0.40316540002822876,0.7183325886726379,-0.01771380566060543,0.38153883814811707,0.6154612302780151,-0.03657462075352669,0.36433494091033936,0.5576356053352356,-0.052138328552246094,0.35115712881088257,0.503501296043396,-0.06344114989042282,0.4430428743362427,0.7168133854866028,-0.030448507517576218,0.435809850692749,0.6160245537757874,-0.04920630902051926,0.43030232191085815,0.5562623143196106,-0.060145843774080276,0.42282572388648987,0.501746654510498,-0.06713179498910904,0.48358267545700073,0.7389012575149536,-0.046544965356588364,0.49429866671562195,0.6594628095626831,-0.05960105359554291,0.5025261640548706,0.6079237461090088,-0.060778021812438965,0.5087351202964783,0.5597712993621826,-0.06054990366101265,F
0.4517407715320587,0.9361661672592163,1.1820154810493477e-07,0.38599392771720886,0.9166070222854614,-0.0198284350335598,0.330858439207077,0.8672367930412292,-0.03455853462219238,0.2996586859226227,0.8192375302314758,-0.05182821676135063,0.3087085783481598,0.7847849130630493,-0.06631717830896378,0.3624553978443146,0.7285988926887512,-0.002661690581589937,0.33756834268569946,0.6553155183792114,-0.03829308599233627,0.3272629976272583,0.6951982378959656,-0.06703859567642212,0.33103737235069275,0.7462916970252991,-0.08037832379341125,0.39829468727111816,0.7012284398078918,-0.009034254588186741,0.3806975781917572,0.5976167917251587,-0.02437906339764595,0.3657170832157135,0.5396237373352051,-0.0372905507683754,0.3543199300765991,0.4867516756057739,-0.046271853148937225,0.4395083487033844,0.6994417309761047,-0.022793618962168694,0.4353472590446472,0.5998125672340393,-0.03964783251285553,0.4312992990016937,0.5413858890533447,-0.04939505085349083,0.4257967174053192,0.4890457093715668,-0.0548202320933342,0.481268048286438,0.7195402979850769,-0.03933708742260933,0.49558025598526,0.6419204473495483,-0.050868719816207886,0.5052289962768555,0.591960608959198,-0.05120173841714859,0.5129147171974182,0.5450430512428284,-0.05003324896097183,F
0.21646958589553833,0.7602876424789429,2.327554859959946e-08,0.1273251324892044,0.7330400347709656,-0.01895679533481598,0.053228430449962616,0.6569027900695801,-0.0341554656624794,0.008870363235473633,0.590469479560852,-0.05321919918060303,0.012523606419563293,0.5284147262573242,-0.06940137594938278,0.11219630390405655,0.48543959856033325,-0.0019771307706832886,0.06547321379184723,0.3958444595336914,-0.04862727224826813,0.03415165841579437,0.4340754449367523,-0.08586854487657547,0.030028507113456726,0.4915067255496979,-0.10340792685747147,0.1531222015619278,0.44831645488739014,-0.013031568378210068,0.12421822547912598,0.31281161308288574,-0.039897698909044266,0.09750033169984818,0.22685831785202026,-0.058128874748945236,0.07878673076629639,0.15393343567848206,-0.06938549876213074,0.2024271935224533,0.44571420550346375,-0.03281046450138092,0.2023511677980423,0.3120431900024414,-0.06002400815486908,0.19586944580078125,0.22643521428108215,-0.07270564138889313,0.18880245089530945,0.15236440300941467,-0.07812366634607315,0.2508220672607422,0.4732514023780823,-0.055345095694065094,0.2689204812049866,0.3638223111629486,-0.0751085877418518,0.2778249979019165,0.2873165011405945,-0.07750896364450455,0.283447802066803,0.21700632572174072,-0.07641579210758209,F
0.3317263424396515,0.7000657916069031,1.0806010664055066e-07,0.2428605556488037,0.6782659292221069,-0.031835027039051056,0.15913984179496765,0.5985152721405029,-0.054644640535116196,0.10381081700325012,0.5296880006790161,-0.07980881631374359,0.12624216079711914,0.47921067476272583,-0.10059423744678497,0.21724790334701538,0.4092382490634918,-0.011413524858653545,0.1707170605659485,0.3091692626476288,-0.0631604716181755,0.1417597234249115,0.35867565870285034,-0.10344775021076202,0.13953329622745514,0.4261835217475891,-0.12271886318922043,0.2591492533683777,0.37441807985305786,-0.017794663086533546,0.22871297597885132,0.23623619973659515,-0.046065427362918854,0.20157939195632935,0.1481395661830902,-0.0649343803524971,0.18318846821784973,0.06926524639129639,-0.07678749412298203,0.3091323673725128,0.37555524706840515,-0.0344516783952713,0.30426275730133057,0.24219121038913727,-0.0629451796412468,0.29555588960647583,0.15226250886917114,-0.07577993720769882,0.28684183955192566,0.07243770360946655,-0.08124484121799469,0.3583369851112366,0.4065764248371124,-0.05536416545510292,0.3740379214286804,0.29511523246765137,-0.07485463470220566,0.383964478969574,0.2189164161682129,-0.07711800932884216,0.39110511541366577,0.14620134234428406,-0.07621799409389496,F
0.37528857588768005,0.733580470085144,1.4571322992651403e-07,0.2869461476802826,0.7161599397659302,-0.030808329582214355,0.20126909017562866,0.6498323678970337,-0.05395498126745224,0.1457008421421051,0.577743649482727,-0.07951042056083679,0.16911596059799194,0.5168312788009644,-0.10061704367399216,0.24808774888515472,0.45526841282844543,-0.012153646908700466,0.20457938313484192,0.35096508264541626,-0.06446044892072678,0.18242791295051575,0.4005649983882904,-0.10406334698200226,0.18435367941856384,0.46755048632621765,-0.12276681512594223,0.294795423746109,0.4156242311000824,-0.020340507850050926,0.26234835386276245,0.2691224217414856,-0.04771963134407997,0.23510199785232544,0.18273651599884033,-0.06692591309547424,0.21449360251426697,0.10428327322006226,-0.0796746015548706,0.35020729899406433,0.41250431537628174,-0.03864696994423866,0.3413740396499634,0.27515703439712524,-0.06877001374959946,0.330911248922348,0.18835541605949402,-0.08469530194997787,0.3189717233181,0.11023956537246704,-0.09317952394485474,0.4067942202091217,0.4421676993370056,-0.06058979779481888,0.42666637897491455,0.3345087468624115,-0.08277808129787445,0.44039198756217957,0.2620832920074463,-0.08716043829917908,0.4498949348926544,0.1920480728149414,-0.08817589282989502,F
0.4491814970970154,0.6996476650238037,1.0161858199353446e-07,0.3585740029811859,0.6653620004653931,-0.025458162650465965,0.2805105447769165,0.5799398422241211,-0.04492325335741043,0.23870313167572021,0.49891212582588196,-0.06836164742708206,0.2793186902999878,0.4715674817562103,-0.08840915560722351,0.3352656662464142,0.4060385227203369,-0.0024670285638421774,0.3028128147125244,0.3046187162399292,-0.05581117421388626,0.29301631450653076,0.35381221771240234,-0.09860902279615402,0.3000590205192566,0.41651418805122375,-0.119578056037426,0.3848161995410919,0.3740735948085785,-0.013095589354634285,0.3628228008747101,0.23287610709667206,-0.04130110889673233,0.34174615144729614,0.1431523561477661,-0.0646883174777031,0.3247222900390625,0.06154313683509827,-0.0804499164223671,0.43960246443748474,0.37773293256759644,-0.03362519294023514,0.4434203505516052,0.24349357187747955,-0.060881536453962326,0.4415287971496582,0.1627490520477295,-0.07575031369924545,0.4352456033229828,0.08784091472625732,-0.08303626626729965,0.49260109663009644,0.4093721807003021,-0.05794595181941986,0.5101712346076965,0.300620436668396,-0.07290613651275635,0.5220317244529724,0.2322182059288025,-0.0722770169377327,0.5296385288238525,0.16546744108200073,-0.07049039006233215,F
0.5794922709465027,0.6627017259597778,1.906708035903648e-07,0.5027745962142944,0.627691388130188,-0.034109942615032196,0.43780869245529175,0.5468571186065674,-0.057768236845731735,0.40341901779174805,0.4581180214881897,-0.0834234282374382,0.4393598139286041,0.4238411486148834,-0.10412099212408066,0.4930576980113983,0.3795336186885834,-0.009351079352200031,0.4751666188240051,0.2713896632194519,-0.06026959419250488,0.46560508012771606,0.3139851689338684,-0.09891165047883987,0.4704134166240692,0.37556397914886475,-0.11750755459070206,0.5401422381401062,0.35259976983070374,-0.014831570908427238,0.5255194306373596,0.2160244733095169,-0.04222118854522705,0.5103639960289001,0.1328730583190918,-0.0628267303109169,0.497390478849411,0.05581507086753845,-0.0768040344119072,0.5922517776489258,0.3596515655517578,-0.030862100422382355,0.5987023115158081,0.23217405378818512,-0.06121726334095001,0.600335955619812,0.15216794610023499,-0.07873088866472244,0.5987089276313782,0.07691299915313721,-0.08820153027772903,0.6430282592773438,0.39500686526298523,-0.050943631678819656,0.6749423146247864,0.2993094027042389,-0.07221850007772446,0.6964981555938721,0.2358217090368271,-0.07833563536405563,0.7138160467147827,0.17137183248996735,-0.0811019167304039,F
0.7416926622390747,0.6699737310409546,2.3694181550126814e-07,0.6694607734680176,0.636054515838623,-0.03849107772111893,0.6071789860725403,0.5409370064735413,-0.06234617158770561,0.5823934674263,0.43617716431617737,-0.08720821142196655,0.6366298794746399,0.3994234800338745,-0.106280118227005,0.6645388603210449,0.37901797890663147,-0.012574143707752228,0.6551112532615662,0.26325464248657227,-0.06463209539651871,0.6528283953666687,0.3015121817588806,-0.10393161326646805,0.661185622215271,0.36012375354766846,-0.12293150275945663,0.714417040348053,0.35283035039901733,-0.01513575203716755,0.7094674706459045,0.21437415480613708,-0.041126180440187454,0.7013055682182312,0.12838217616081238,-0.06071070209145546,0.694367527961731,0.0511474609375,-0.0746627002954483,0.7664095163345337,0.3634275197982788,-0.028803590685129166,0.7772990465164185,0.2358817607164383,-0.05593889206647873,0.7816817760467529,0.15866082906723022,-0.07012517005205154,0.7827880382537842,0.0872892439365387,-0.0783407986164093,0.8179123401641846,0.4007258713245392,-0.0475323460996151,0.8532785177230835,0.3056465983390808,-0.06723536550998688,0.878574550151825,0.24348674714565277,-0.07305332273244858,0.9002697467803955,0.1815193146467209,-0.07604286819696426,F
0.6920455694198608,0.8109643459320068,1.1532689825344278e-07,0.6265183091163635,0.7804104089736938,-0.029995206743478775,0.5707998871803284,0.7113111019134521,-0.051102086901664734,0.5569614171981812,0.6332331299781799,-0.07333836704492569,0.5866003036499023,0.5770842432975769,-0.09209004789590836,0.6131106019020081,0.5623925924301147,-0.012102356180548668,0.60544753074646,0.47516095638275146,-0.05863726884126663,0.6030975580215454,0.5003446936607361,-0.09690769761800766,0.606039822101593,0.5408206582069397,-0.11649125069379807,0.6565055251121521,0.5367954969406128,-0.018264615908265114,0.6471068263053894,0.4116135537624359,-0.042872220277786255,0.6412094235420227,0.3391883373260498,-0.06435635685920715,0.6365582942962646,0.2764647603034973,-0.0795520693063736,0.7030221819877625,0.543749213218689,-0.03315352275967598,0.7067141532897949,0.426803857088089,-0.0593995675444603,0.7084561586380005,0.35762977600097656,-0.07605274021625519,0.7065171003341675,0.29452866315841675,-0.08616792410612106,0.7505794763565063,0.5757899880409241,-0.051638998091220856,0.7731151580810547,0.48801761865615845,-0.06976854801177979,0.78896164894104,0.4338715672492981,-0.07415138185024261,0.8011963367462158,0.3815920948982239,-0.07636028528213501,F
0.5953741073608398,0.9849608540534973,1.0092412594531197e-07,0.5431839823722839,0.9692906141281128,-0.023151583969593048,0.49548909068107605,0.9103126525878906,-0.03798093646764755,0.477778822183609,0.8512630462646484,-0.05377925932407379,0.5066187381744385,0.8297788500785828,-0.06593301892280579,0.5297985672950745,0.7762976288795471,-0.006091251503676176,0.5205893516540527,0.7049220204353333,-0.038187675178050995,0.5212165713310242,0.749233067035675,-0.06440755724906921,0.5285710692405701,0.7989405989646912,-0.07740975171327591,0.5673342347145081,0.7548084855079651,-0.010148659348487854,0.5646449327468872,0.6593711376190186,-0.023615431040525436,0.5615373253822327,0.6039644479751587,-0.03661723434925079,0.559320330619812,0.551384687423706,-0.046768903732299805,0.6058319211006165,0.7607925534248352,-0.021479856222867966,0.6138100624084473,0.6693344116210938,-0.0371893011033535,0.6182104349136353,0.6149117350578308,-0.04927416518330574,0.6204110383987427,0.5628857612609863,-0.05750206485390663,0.643168568611145,0.7877015471458435,-0.03573942929506302,0.6640062928199768,0.7204318642616272,-0.047280363738536835,0.6800865530967712,0.678024172782898,-0.05082078278064728,0.6937824487686157,0.6362819075584412,-0.053099628537893295,F
0.6189529895782471,0.9299757480621338,1.2336897725617746e-07,0.5681783556938171,0.9111150503158569,-0.024963706731796265,0.5226646661758423,0.8522384166717529,-0.04194602742791176,0.5083373785018921,0.790692925453186,-0.059774432331323624,0.5429311990737915,0.7649255990982056,-0.07426457852125168,0.5589960217475891,0.7174382209777832,-0.00979603547602892,0.5515671968460083,0.6461318731307983,-0.04518129676580429,0.54937344789505,0.6875826716423035,-0.07419071346521378,0.5558479428291321,0.7362084984779358,-0.08909039944410324,0.5962263941764832,0.6966465711593628,-0.014284376055002213,0.5955442786216736,0.5976032614707947,-0.03056013211607933,0.5951477885246277,0.5386210083961487,-0.045316051691770554,0.5963197946548462,0.483881413936615,-0.056540943682193756,0.6349708437919617,0.703419029712677,-0.026163307949900627,0.6451625227928162,0.608075737953186,-0.044558085501194,0.6507208943367004,0.5503149032592773,-0.057965025305747986,0.6536837220191956,0.49509453773498535,-0.0669422298669815,0.6728066205978394,0.7317866086959839,-0.04107692465186119,0.6963998079299927,0.6627417802810669,-0.054909203201532364,0.7129421830177307,0.618179440498352,-0.05930979922413826,0.7268074750900269,0.5743536353111267,-0.06210775673389435,F
0.6583391427993774,0.930761456489563,1.0122457894112813e-07,0.6082748770713806,0.909082293510437,-0.023868156597018242,0.5639626979827881,0.8518604636192322,-0.04033290967345238,0.5482313632965088,0.7908772230148315,-0.057833362370729446,0.5809251666069031,0.7667750716209412,-0.0717955082654953,0.6019807457923889,0.72198486328125,-0.009098193608224392,0.5954927802085876,0.6460285782814026,-0.0435769148170948,0.5936115980148315,0.6855563521385193,-0.07171200960874557,0.5993008017539978,0.7337573766708374,-0.08585762977600098,0.6388419270515442,0.7024272680282593,-0.012948233634233475,0.6393724083900452,0.604872465133667,-0.0279915239661932,0.6388872861862183,0.548110842704773,-0.041815828531980515,0.6385635137557983,0.49625974893569946,-0.05249820277094841,0.6767717599868774,0.7092034816741943,-0.024001749232411385,0.6865776181221008,0.6168164014816284,-0.04048225283622742,0.69245445728302,0.5612478256225586,-0.05280051380395889,0.695407509803772,0.5094505548477173,-0.061192817986011505,0.7134131193161011,0.7371729016304016,-0.0380924716591835,0.7375324964523315,0.6714869737625122,-0.0501156784594059,0.7547628879547119,0.6295185685157776,-0.05383935943245888,0.7697262167930603,0.5898538827896118,-0.056207325309515,F
0.7165066599845886,0.911841630935669,1.1992078441380727e-07,0.65660560131073,0.8910852670669556,-0.014441869221627712,0.6052594184875488,0.8342628479003906,-0.025609448552131653,0.5815101861953735,0.7742548584938049,-0.03942575305700302,0.6077933311462402,0.7579745650291443,-0.051391154527664185,0.6336525082588196,0.7125173211097717,0.0001615422370377928,0.6190283298492432,0.6377962231636047,-0.029228413477540016,0.6212942004203796,0.6567452549934387,-0.05469081923365593,0.6294567584991455,0.6888415813446045,-0.06828892976045609,0.671667218208313,0.6880096197128296,-0.007939863950014114,0.6617540121078491,0.5899802446365356,-0.020992347970604897,0.6558046936988831,0.5338932275772095,-0.03524595499038696,0.6505640745162964,0.4852709174156189,-0.04600732401013374,0.7134894728660583,0.689387857913971,-0.021906349807977676,0.7184762358665466,0.5940610766410828,-0.03815283626317978,0.7211564183235168,0.5372180342674255,-0.05205835774540901,0.720257043838501,0.4852808713912964,-0.0610792376101017,0.7556867599487305,0.7125546932220459,-0.03774445503950119,0.7769930958747864,0.6421835422515869,-0.04963521286845207,0.7900468707084656,0.5990248322486877,-0.05353506654500961,0.7987790107727051,0.557489812374115,-0.05606647953391075,F
0.8120390772819519,0.9245611429214478,8.961745834312751e-08,0.7518346905708313,0.9061097502708435,-0.02286241203546524,0.6977266669273376,0.8501759767532349,-0.0386214479804039,0.6789120435714722,0.7879593372344971,-0.05614796653389931,0.7135332822799683,0.7623234987258911,-0.07026354968547821,0.7306341528892517,0.7083845138549805,-0.004509047605097294,0.7160340547561646,0.6330801844596863,-0.04238419607281685,0.722138524055481,0.6708829998970032,-0.07378241419792175,0.7358081340789795,0.7184520363807678,-0.08967655897140503,0.768359363079071,0.6824193000793457,-0.01037003193050623,0.7558900117874146,0.5821365714073181,-0.02790527045726776,0.7498635053634644,0.5233883857727051,-0.04406801983714104,0.744685173034668,0.46951764822006226,-0.05597051978111267,0.810699462890625,0.6828919649124146,-0.02412308380007744,0.8113980293273926,0.5831334590911865,-0.04402434825897217,0.8113980293273926,0.5223581194877625,-0.05883677676320076,0.8083163499832153,0.46532389521598816,-0.06812504678964615,0.8545144200325012,0.7061680555343628,-0.04087530076503754,0.874390721321106,0.6308947205543518,-0.055259596556425095,0.8877143263816833,0.5833147168159485,-0.060069695115089417,0.8982606530189514,0.5368703603744507,-0.06282230466604233,F
0.845158040523529,0.9353809952735901,1.2415927130859927e-07,0.7868736386299133,0.9180234670639038,-0.024822909384965897,0.7304012775421143,0.8612180352210999,-0.04202668368816376,0.7160847187042236,0.7993876338005066,-0.06043300777673721,0.7549510598182678,0.7711300849914551,-0.07531475275754929,0.7586324214935303,0.7157028317451477,-0.008118176832795143,0.7486664652824402,0.6438331007957458,-0.04613063856959343,0.7568051218986511,0.6842570304870605,-0.07797939330339432,0.770183801651001,0.7331315875053406,-0.09419375658035278,0.7966654896736145,0.6897706389427185,-0.01321358047425747,0.7865262031555176,0.5890276432037354,-0.0295177660882473,0.7806919813156128,0.5300298929214478,-0.044482506811618805,0.7757917046546936,0.4767735004425049,-0.05586416274309158,0.8392012119293213,0.6915722489356995,-0.02629106491804123,0.8381473422050476,0.5908892750740051,-0.044499266892671585,0.837154746055603,0.5294593572616577,-0.058329977095127106,0.8339493870735168,0.47265422344207764,-0.06746634840965271,0.8840217590332031,0.7162172794342041,-0.04267280176281929,0.9021158814430237,0.6384864449501038,-0.056123923510313034,0.9154413938522339,0.5892073512077332,-0.06031961739063263,0.926494836807251,0.5418419241905212,-0.06289124488830566,F
0.826557457447052,0.8566744327545166,1.928021475805508e-07,0.7716603875160217,0.8493616580963135,-0.02797701582312584,0.713716447353363,0.8041431307792664,-0.04729057103395462,0.695073664188385,0.7457134127616882,-0.06589017063379288,0.728558361530304,0.7093609571456909,-0.08084176480770111,0.7339761853218079,0.6646020412445068,-0.017131516709923744,0.7248296737670898,0.598006010055542,-0.05429856851696968,0.7361426949501038,0.6318589448928833,-0.08338530361652374,0.7518736720085144,0.6745740175247192,-0.09750356525182724,0.7719649076461792,0.6365748047828674,-0.01987845078110695,0.7587851881980896,0.5374172925949097,-0.037178318947553635,0.7518328428268433,0.4821246564388275,-0.05175711214542389,0.7468066811561584,0.43271970748901367,-0.06232984736561775,0.8139896392822266,0.6356117129325867,-0.02994881011545658,0.8098141551017761,0.5387405157089233,-0.05001259222626686,0.8077396750450134,0.480855256319046,-0.064273901283741,0.8040211796760559,0.42762330174446106,-0.07313153147697449,0.8586196303367615,0.6548788547515869,-0.04289354011416435,0.8721919059753418,0.579610288143158,-0.05789120867848396,0.882083535194397,0.5326279997825623,-0.06267116218805313,0.8888418674468994,0.48588085174560547,-0.06530261784791946,F
0.8143923282623291,0.8296458721160889,1.828036033657554e-07,0.7571059465408325,0.8114095330238342,-0.02789350412786007,0.7020076513290405,0.756353497505188,-0.047079846262931824,0.6818973422050476,0.6931969523429871,-0.06633388996124268,0.7187110781669617,0.6588119268417358,-0.08163728564977646,0.7331131100654602,0.6228304505348206,-0.015247507020831108,0.7222269773483276,0.5446149706840515,-0.053325194865465164,0.7282778024673462,0.5824980735778809,-0.0828201174736023,0.7408313155174255,0.6272891163825989,-0.09746990352869034,0.7717778086662292,0.5978690981864929,-0.01830292120575905,0.7626172304153442,0.4950704872608185,-0.03664056211709976,0.7579736709594727,0.43512892723083496,-0.051707834005355835,0.7547457218170166,0.3790498673915863,-0.06295063346624374,0.8136252164840698,0.5994967818260193,-0.028953917324543,0.813389241695404,0.5007291436195374,-0.04971349239349365,0.813936173915863,0.4416806101799011,-0.06321699172258377,0.8126457929611206,0.38627150654792786,-0.07152552157640457,0.8569400906562805,0.6213245987892151,-0.04271538555622101,0.8740087747573853,0.5452789068222046,-0.05837643891572952,0.8871877789497375,0.49712952971458435,-0.06302663683891296,0.89809250831604,0.4493892192840576,-0.06547479331493378,F
0.7746794819831848,0.7421440482139587,2.0510064757672808e-07,0.7144613265991211,0.7212958335876465,-0.03168556094169617,0.6597139835357666,0.6622803211212158,-0.05413830280303955,0.6352101564407349,0.5923476815223694,-0.07653113454580307,0.6673502326011658,0.5397190451622009,-0.09469230473041534,0.6913092732429504,0.5287018418312073,-0.016189007088541985,0.6754279136657715,0.4458863139152527,-0.06035042926669121,0.6746642589569092,0.4754366874694824,-0.09390705078840256,0.685157060623169,0.5172662138938904,-0.1100488156080246,0.7280138731002808,0.5009786486625671,-0.017889996990561485,0.7162607312202454,0.39183199405670166,-0.03912375494837761,0.7078150510787964,0.3286961615085602,-0.05372998118400574,0.7014252543449402,0.27179181575775146,-0.06385067105293274,0.7696549296379089,0.5016328692436218,-0.028274746611714363,0.7670542001724243,0.40086600184440613,-0.05008575692772865,0.7644733190536499,0.3407883644104004,-0.06013072654604912,0.7601832151412964,0.2855486571788788,-0.06566629558801651,0.813149094581604,0.5244709849357605,-0.04251829907298088,0.8291194438934326,0.44711601734161377,-0.05794128030538559,0.8399105072021484,0.3976793885231018,-0.060532260686159134,0.848025918006897,0.3499367833137512,-0.06115192174911499,F
0.7552853226661682,0.7064641714096069,1.120550194855241e-07,0.692104160785675,0.6852513551712036,-0.02517004683613777,0.6318280100822449,0.6110808253288269,-0.039434533566236496,0.6088868379592896,0.534395158290863,-0.05517159774899483,0.6509856581687927,0.5037311315536499,-0.06667060405015945,0.6724061965942383,0.47488459944725037,-0.004587824922055006,0.6577489376068115,0.3861960768699646,-0.04296889901161194,0.6580884456634521,0.42347919940948486,-0.07283972948789597,0.667410135269165,0.47181084752082825,-0.0871940329670906,0.7119340300559998,0.4494851529598236,-0.008118203841149807,0.701978325843811,0.33996671438217163,-0.026089737191796303,0.693667471408844,0.2740970253944397,-0.04033484682440758,0.6860273480415344,0.21489199995994568,-0.05068826675415039,0.7546518445014954,0.451395183801651,-0.02009645476937294,0.7514463663101196,0.3496244549751282,-0.039193253964185715,0.7489790320396423,0.2885395288467407,-0.05100478604435921,0.7440258264541626,0.23295581340789795,-0.058062758296728134,0.7982754707336426,0.4733584225177765,-0.03558715060353279,0.8146023750305176,0.391737163066864,-0.048413004726171494,0.8259665369987488,0.338983416557312,-0.05240800231695175,0.8343650102615356,0.28836381435394287,-0.054806970059871674,F
0.713706374168396,0.7101325988769531,1.4158784722440032e-07,0.6485757827758789,0.6893985867500305,-0.02787960134446621,0.5892523527145386,0.6189155578613281,-0.04450061917304993,0.569390594959259,0.5396124124526978,-0.062180668115615845,0.611933171749115,0.5098996758460999,-0.07575245946645737,0.6339998841285706,0.47952574491500854,-0.0075242300517857075,0.6225358247756958,0.38968417048454285,-0.047931354492902756,0.6241264939308167,0.4254309833049774,-0.07971804589033127,0.6335254907608032,0.47513213753700256,-0.09504587948322296,0.6756421327590942,0.45222705602645874,-0.01065181102603674,0.669546902179718,0.3406808376312256,-0.028459759429097176,0.6648418307304382,0.2745049297809601,-0.04322713986039162,0.660528838634491,0.21564170718193054,-0.05426165461540222,0.7190200090408325,0.4552657902240753,-0.0225029569119215,0.7222213745117188,0.35074901580810547,-0.04236597940325737,0.7255858778953552,0.2902666926383972,-0.05479635298252106,0.7256012558937073,0.2351018786430359,-0.062302570790052414,0.7628992795944214,0.48148080706596375,-0.03802936151623726,0.7847424745559692,0.4016563892364502,-0.05200314521789551,0.7997049689292908,0.35065919160842896,-0.055899716913700104,0.8116925954818726,0.30158019065856934,-0.05804707109928131,F
0.6633707284927368,0.745091438293457,1.8043205329831835e-07,0.6005331873893738,0.724396288394928,-0.030814286321401596,0.5435978174209595,0.665055513381958,-0.052602749317884445,0.5219413638114929,0.5920959115028381,-0.07521874457597733,0.5569349527359009,0.5489789247512817,-0.09333686530590057,0.5855039954185486,0.5146015286445618,-0.01441144198179245,0.5726091265678406,0.42632976174354553,-0.056650590151548386,0.5698322057723999,0.4680528938770294,-0.08894873410463333,0.5778992176055908,0.5210462212562561,-0.10451731830835342,0.628233790397644,0.48778870701789856,-0.018183289095759392,0.6208571195602417,0.3739171624183655,-0.037589266896247864,0.6167589426040649,0.3081085681915283,-0.05217738077044487,0.6141182780265808,0.24690338969230652,-0.06310441344976425,0.672716498374939,0.4923481345176697,-0.030780412256717682,0.680730938911438,0.38745009899139404,-0.05228031426668167,0.6859217286109924,0.32432955503463745,-0.06415203213691711,0.6870152950286865,0.2659203112125397,-0.07160183042287827,0.7168951630592346,0.5206595659255981,-0.047167129814624786,0.7427584528923035,0.4429205060005188,-0.0634145513176918,0.7606013417243958,0.39204689860343933,-0.06697521358728409,0.7748651504516602,0.3430000841617584,-0.06846841424703598,F
0.6649432182312012,0.7580766081809998,1.5696920740992937e-07,0.6034237742424011,0.7418370842933655,-0.03172227740287781,0.5453906655311584,0.6797404885292053,-0.05262616649270058,0.5209370851516724,0.6054142713546753,-0.07393576949834824,0.5541060566902161,0.5676863789558411,-0.09045800566673279,0.586413562297821,0.5236438512802124,-0.014511152170598507,0.5733528137207031,0.4354285001754761,-0.05575421079993248,0.5698560476303101,0.48131272196769714,-0.08687417209148407,0.577620267868042,0.536800742149353,-0.10182776302099228,0.6297641396522522,0.49735701084136963,-0.017688896507024765,0.6226062774658203,0.38393089175224304,-0.03721333295106888,0.6191873550415039,0.31711500883102417,-0.05176588520407677,0.6177546381950378,0.25479984283447266,-0.06260571628808975,0.674746036529541,0.503058671951294,-0.029786640778183937,0.6824365258216858,0.39967814087867737,-0.05155934765934944,0.6869016885757446,0.3353525996208191,-0.06436078995466232,0.687587320804596,0.27476727962493896,-0.07248900830745697,0.7192143201828003,0.5325192213058472,-0.0456891804933548,0.7436376810073853,0.45481404662132263,-0.062018923461437225,0.7608435750007629,0.4041386842727661,-0.06629592180252075,0.7745646238327026,0.35432809591293335,-0.06848834455013275,F
0.6744263768196106,0.7686969041824341,1.3811987287226657e-07,0.6130556464195251,0.7528929710388184,-0.030688384547829628,0.5557429790496826,0.6937229633331299,-0.051874831318855286,0.5318448543548584,0.6232938766479492,-0.0736992284655571,0.5656933188438416,0.5844467878341675,-0.09091348201036453,0.594033420085907,0.5358101725578308,-0.014216397888958454,0.5807586312294006,0.45046210289001465,-0.05584417283535004,0.5788155198097229,0.49707406759262085,-0.08808667212724686,0.5876191854476929,0.5525763034820557,-0.1039213091135025,0.63698810338974,0.5089007019996643,-0.01820419915020466,0.6285643577575684,0.39609667658805847,-0.03738345950841904,0.6242157220840454,0.3296489715576172,-0.05255918949842453,0.6216987371444702,0.2681367099285126,-0.06419544667005539,0.6821245551109314,0.5137603878974915,-0.03102922812104225,0.6883172988891602,0.40833327174186707,-0.05186372995376587,0.6919427514076233,0.34415197372436523,-0.06482253968715668,0.6919421553611755,0.2836528718471527,-0.07357772439718246,0.72699373960495,0.5424126386642456,-0.047642096877098083,0.7495710253715515,0.46392545104026794,-0.06313904374837875,0.7655346393585205,0.4134027361869812,-0.06724445521831512,0.7781638503074646,0.363773912191391,-0.0696733370423317,F
0.6798347234725952,0.7721631526947021,1.6407015834829508e-07,0.6181172132492065,0.7561783790588379,-0.03200610727071762,0.5590940117835999,0.695824384689331,-0.053911689668893814,0.534092366695404,0.6223855018615723,-0.07639008015394211,0.5710337162017822,0.581981897354126,-0.09421094506978989,0.5984761714935303,0.5388665795326233,-0.014231551438570023,0.584622859954834,0.45348167419433594,-0.056409042328596115,0.582673192024231,0.4995443820953369,-0.08894658833742142,0.592073380947113,0.55405193567276,-0.10496016591787338,0.6414524912834167,0.5115171670913696,-0.017751172184944153,0.6333946585655212,0.3989367187023163,-0.037170879542827606,0.6284401416778564,0.33262354135513306,-0.052313510328531265,0.6253692507743835,0.2712371349334717,-0.06384589523077011,0.6864248514175415,0.5163377523422241,-0.030380085110664368,0.692812442779541,0.4124283790588379,-0.052032265812158585,0.6964347958564758,0.34799230098724365,-0.06531330198049545,0.6965093612670898,0.2877380847930908,-0.07404904067516327,0.7307771444320679,0.545322835445404,-0.04688984528183937,0.7537533044815063,0.46758466958999634,-0.06316620111465454,0.7703508734703064,0.41709786653518677,-0.06769054383039474,0.7835818529129028,0.3678547143936157,-0.07028044760227203,F
0.6995788216590881,0.7842185497283936,1.31080838627895e-07,0.6395787000656128,0.7688953280448914,-0.031197654083371162,0.5825377702713013,0.7063018679618835,-0.05169389024376869,0.5616843700408936,0.6322619915008545,-0.07256682962179184,0.6016069054603577,0.6018558144569397,-0.08912689238786697,0.6216162443161011,0.5520001649856567,-0.014801542274653912,0.6090579628944397,0.467716783285141,-0.0560905858874321,0.6104975938796997,0.5151575207710266,-0.08841267973184586,0.6202550530433655,0.5695871114730835,-0.10456875711679459,0.6645271182060242,0.5246641635894775,-0.018404195085167885,0.6581893563270569,0.4136107861995697,-0.03784085437655449,0.6537452340126038,0.34747064113616943,-0.054245952516794205,0.6495150327682495,0.28453174233436584,-0.06675220280885696,0.7089939713478088,0.5294361114501953,-0.030673783272504807,0.7168905735015869,0.4250824451446533,-0.05264907330274582,0.7205950021743774,0.3610592484474182,-0.06783807277679443,0.7201371192932129,0.2996297776699066,-0.0777834951877594,0.7528420686721802,0.5585249662399292,-0.04658838361501694,0.7763949036598206,0.4805816113948822,-0.06282848119735718,0.7927370667457581,0.4299924671649933,-0.06834691017866135,0.8058045506477356,0.3799254894256592,-0.0718231350183487,F
0.7063103318214417,0.7864956855773926,1.2794217241207662e-07,0.6474602818489075,0.7731828093528748,-0.032548461109399796,0.5891916751861572,0.7146333456039429,-0.054259102791547775,0.5650879740715027,0.6450256705284119,-0.0759233683347702,0.6022657752037048,0.6128524541854858,-0.09303513914346695,0.6260250806808472,0.5580328106880188,-0.017214562743902206,0.6111517548561096,0.4759032428264618,-0.059272244572639465,0.6120487451553345,0.5258460640907288,-0.09211726486682892,0.6222753524780273,0.5812882781028748,-0.10854572802782059,0.6678134202957153,0.5300458073616028,-0.020146602764725685,0.6598082184791565,0.4195863604545593,-0.04043373093008995,0.6544218063354492,0.3544437289237976,-0.05690283328294754,0.6500508785247803,0.29309093952178955,-0.06935442984104156,0.7116853594779968,0.5340831875801086,-0.03177623450756073,0.7155967950820923,0.42927971482276917,-0.053800422698259354,0.717394232749939,0.3662000000476837,-0.06794753670692444,0.7162488102912903,0.30602890253067017,-0.07708662748336792,0.7552323341369629,0.56243497133255,-0.04720721393823624,0.7742039561271667,0.48282039165496826,-0.06293132156133652,0.7881854176521301,0.43186336755752563,-0.06756717711687088,0.7995613217353821,0.38189002871513367,-0.07035024464130402,F
0.7375748157501221,0.8141621947288513,1.3878624827157182e-07,0.678339421749115,0.7999109029769897,-0.03106686659157276,0.6204829216003418,0.73961341381073,-0.051953282207250595,0.6030435562133789,0.6726440191268921,-0.07335635274648666,0.6451506614685059,0.6416774988174438,-0.09071443974971771,0.6593087911605835,0.5851647257804871,-0.015349851921200752,0.6484689116477966,0.5105202198028564,-0.058428045362234116,0.6523963809013367,0.5590307712554932,-0.0928521528840065,0.6648924946784973,0.6135355234146118,-0.11029558628797531,0.7000599503517151,0.5585850477218628,-0.01923559606075287,0.6931063532829285,0.45059239864349365,-0.03964146226644516,0.6893026232719421,0.38608384132385254,-0.05604953691363335,0.6866198182106018,0.32650214433670044,-0.06834406405687332,0.743346095085144,0.5633255839347839,-0.031962115317583084,0.7450283765792847,0.46038079261779785,-0.05411265045404434,0.7455257773399353,0.39843106269836426,-0.06839563697576523,0.7437624931335449,0.33944594860076904,-0.07751454412937164,0.7870690822601318,0.5916782021522522,-0.048504170030355453,0.8061419725418091,0.5125210881233215,-0.06456241011619568,0.8203341960906982,0.4621187448501587,-0.06951428204774857,0.8324418067932129,0.41299593448638916,-0.07251470535993576,F
0.7622886896133423,0.8229532837867737,9.528751832021953e-08,0.6986541748046875,0.7982704043388367,-0.026928570121526718,0.6390383243560791,0.7400277853012085,-0.046033866703510284,0.6093118786811829,0.679921567440033,-0.0665726363658905,0.6430492401123047,0.6569849252700806,-0.08330876380205154,0.6813915967941284,0.5925290584564209,-0.009744861163198948,0.6613645553588867,0.512969970703125,-0.05027439072728157,0.6555512547492981,0.5614153146743774,-0.0824919268488884,0.6634548902511597,0.6186540722846985,-0.09844715893268585,0.7207077741622925,0.5672426223754883,-0.014622766524553299,0.708358645439148,0.4590505361557007,-0.03541010618209839,0.69870525598526,0.393632173538208,-0.05188778415322304,0.6917146444320679,0.3341309428215027,-0.06349430978298187,0.7644064426422119,0.5712199807167053,-0.027780700474977493,0.7632319927215576,0.468546062707901,-0.050032008439302444,0.760623574256897,0.4026834964752197,-0.06431041657924652,0.7566802501678467,0.34200724959373474,-0.07239386439323425,0.8079382181167603,0.5989970564842224,-0.044172756373882294,0.8232805728912354,0.5164225697517395,-0.05838234722614288,0.8331642150878906,0.46305280923843384,-0.06161489337682724,0.8411257863044739,0.4118439555168152,-0.06300363689661026,F
0.767800509929657,0.8330606818199158,9.750498719540701e-08,0.7057393193244934,0.8123992681503296,-0.026826655492186546,0.6458123326301575,0.7545823454856873,-0.04594942927360535,0.6123075485229492,0.6923485994338989,-0.06651603430509567,0.6401171684265137,0.6644691824913025,-0.0832211822271347,0.6834734678268433,0.606181800365448,-0.010376280173659325,0.6617609858512878,0.5247214436531067,-0.051118433475494385,0.6564322710037231,0.5717988610267639,-0.08254516124725342,0.6648368239402771,0.6274024248123169,-0.09766165912151337,0.7228775024414062,0.5795062184333801,-0.01515810564160347,0.7080782651901245,0.47053825855255127,-0.03567733243107796,0.6967289447784424,0.40600869059562683,-0.05076795443892479,0.6882040500640869,0.3478069305419922,-0.06118351221084595,0.7670792937278748,0.5817741751670837,-0.028219161555171013,0.7638408541679382,0.4783857464790344,-0.05041808262467384,0.7602254152297974,0.413690984249115,-0.06286116689443588,0.7551308870315552,0.35480374097824097,-0.06956549733877182,0.8115516901016235,0.60712730884552,-0.04454881697893143,0.8259991407394409,0.5237546563148499,-0.05938705429434776,0.8359381556510925,0.46986156702041626,-0.062267184257507324,0.8436949253082275,0.4184862971305847,-0.06301991641521454,F
0.7932658195495605,0.8300127387046814,9.119512611732716e-08,0.7261656522750854,0.8086521029472351,-0.026783842593431473,0.6621230840682983,0.7514369487762451,-0.045554593205451965,0.6246060132980347,0.6917896270751953,-0.06581393629312515,0.6505811810493469,0.6637666821479797,-0.08247791975736618,0.7024922370910645,0.6030108332633972,-0.009325075894594193,0.6770365834236145,0.5220527648925781,-0.05078936368227005,0.6698801517486572,0.5688368082046509,-0.08303910493850708,0.6773344278335571,0.625205397605896,-0.09861664474010468,0.7427722811698914,0.575647234916687,-0.014275914989411831,0.7257401347160339,0.46759992837905884,-0.035822007805109024,0.712528645992279,0.40180373191833496,-0.052485764026641846,0.7022746205329895,0.34129226207733154,-0.06377000361680984,0.7882786393165588,0.5772784352302551,-0.02760164998471737,0.7845532298088074,0.47269558906555176,-0.051704589277505875,0.7802249789237976,0.4052007794380188,-0.06632905453443527,0.774193525314331,0.34285080432891846,-0.0741371437907219,0.833924412727356,0.6026645302772522,-0.04389462247490883,0.8487927317619324,0.5197322368621826,-0.061002351343631744,0.8586030006408691,0.46518397331237793,-0.0651804506778717,0.8656356334686279,0.41200125217437744,-0.06646702438592911,F
0.8073177337646484,0.8301278352737427,7.346554298237606e-08,0.7395192980766296,0.8076395392417908,-0.021555112674832344,0.6737750768661499,0.7467814087867737,-0.03728681802749634,0.6334888935089111,0.6913714408874512,-0.05587230250239372,0.6551769375801086,0.6640419960021973,-0.07134028524160385,0.7132211327552795,0.6015228033065796,-0.0037150017451494932,0.6808618307113647,0.5253028869628906,-0.043708328157663345,0.6679030060768127,0.572949230670929,-0.0752597451210022,0.6726008653640747,0.6304396390914917,-0.09040265530347824,0.751807451248169,0.5730735659599304,-0.011282864026725292,0.7307998538017273,0.4662626385688782,-0.03283175453543663,0.7149168252944946,0.39876025915145874,-0.048913657665252686,0.702862560749054,0.3372725248336792,-0.059571344405412674,0.7961114048957825,0.5736178159713745,-0.026998335495591164,0.7912155389785767,0.46599632501602173,-0.05058163031935692,0.785743236541748,0.3971846401691437,-0.06400711089372635,0.7784674763679504,0.33524981141090393,-0.07078810036182404,0.8407009840011597,0.5980535745620728,-0.04540346935391426,0.8549789786338806,0.510833203792572,-0.06202844902873039,0.8633650541305542,0.4509524405002594,-0.06580758839845657,0.8684802055358887,0.3940470218658447,-0.06679673492908478,F
0.800861656665802,0.8277041912078857,6.965402832292966e-08,0.7323603630065918,0.8055723905563354,-0.019304225221276283,0.664644718170166,0.7404925227165222,-0.03300207480788231,0.6231714487075806,0.681727409362793,-0.04985556751489639,0.6491086483001709,0.6585360169410706,-0.06375056505203247,0.7075912952423096,0.5968139171600342,0.0006501955795101821,0.6729018092155457,0.5236649513244629,-0.037459779530763626,0.6585389375686646,0.5663519501686096,-0.06837183982133865,0.6639878749847412,0.6217069029808044,-0.08359893411397934,0.7458435893058777,0.5669779181480408,-0.007175053004175425,0.7233741283416748,0.46123936772346497,-0.028329668566584587,0.7055795192718506,0.3923311233520508,-0.04418708384037018,0.6928298473358154,0.3322037160396576,-0.05468371510505676,0.7895604968070984,0.5661121010780334,-0.02296711504459381,0.7850759029388428,0.4581736922264099,-0.04526436701416969,0.7798329591751099,0.3897632360458374,-0.057145826518535614,0.7735726833343506,0.3288843035697937,-0.06285737454891205,0.8332482576370239,0.5896257758140564,-0.041457515209913254,0.8467586636543274,0.5020292401313782,-0.05624902620911598,0.8553559184074402,0.44236212968826294,-0.05891403555870056,0.8611034154891968,0.38583189249038696,-0.05931202694773674,F
0.8003930449485779,0.8259294629096985,6.135337571322452e-08,0.7299317121505737,0.8032313585281372,-0.021083539351820946,0.6638034582138062,0.7415500283241272,-0.036999329924583435,0.6217460632324219,0.6853212714195251,-0.05597792938351631,0.6432613134384155,0.6509646773338318,-0.07178913056850433,0.7050824165344238,0.5951446294784546,-0.000955105060711503,0.6697883009910583,0.52015620470047,-0.04158908501267433,0.6542829275131226,0.5624995231628418,-0.0742509588599205,0.6586843132972717,0.6177803874015808,-0.09003578126430511,0.7422584295272827,0.5646281838417053,-0.008290482684969902,0.7186161279678345,0.4579717516899109,-0.029852798208594322,0.7000277042388916,0.3901311159133911,-0.04548605903983116,0.6864134073257446,0.3303789794445038,-0.05571971833705902,0.785804033279419,0.5627692341804504,-0.02399030141532421,0.7804585695266724,0.4556007385253906,-0.04639168083667755,0.7746188044548035,0.3870205879211426,-0.05747855454683304,0.7676770687103271,0.32658275961875916,-0.06265759468078613,0.829317569732666,0.5856382846832275,-0.0426715612411499,0.8419193625450134,0.49830934405326843,-0.057659052312374115,0.8495767712593079,0.43914148211479187,-0.05964581295847893,0.854618489742279,0.3836436867713928,-0.05927996709942818,F
0.7985737919807434,0.8328375816345215,8.693445607832473e-08,0.7306147813796997,0.8152161836624146,-0.024704309180378914,0.6623488664627075,0.7550182342529297,-0.042061224579811096,0.6188170909881592,0.694837749004364,-0.0618327334523201,0.6411193013191223,0.6646149158477783,-0.07788868993520737,0.6954294443130493,0.6030939817428589,-0.0032106200233101845,0.6651606559753418,0.5244570374488831,-0.0455128438770771,0.6568532586097717,0.569892168045044,-0.0789417028427124,0.6648697853088379,0.6262442469596863,-0.09479798376560211,0.7349728345870972,0.5710736513137817,-0.009264620020985603,0.7121317982673645,0.46196702122688293,-0.02941156178712845,0.6956528425216675,0.3944295644760132,-0.044199489057064056,0.6830587983131409,0.3343772888183594,-0.054216306656599045,0.7811270952224731,0.5686137676239014,-0.02431495673954487,0.7734715938568115,0.4619545340538025,-0.04581741616129875,0.7679374814033508,0.3938509225845337,-0.056645624339580536,0.76054847240448,0.3336251378059387,-0.06202014163136482,0.8281965255737305,0.58974689245224,-0.04280828312039375,0.8381303548812866,0.5019834637641907,-0.056843675673007965,0.8449185490608215,0.4447554349899292,-0.05823347344994545,0.8488093614578247,0.3912332057952881,-0.05768512561917305,F
0.7948341369628906,0.8269321918487549,1.2407861049723579e-07,0.7270733118057251,0.8105164170265198,-0.028608346357941628,0.6602170467376709,0.7549085021018982,-0.048518598079681396,0.6166625022888184,0.6939090490341187,-0.07006241381168365,0.6410127878189087,0.66391521692276,-0.0875350683927536,0.6910102963447571,0.5993740558624268,-0.007042109500616789,0.6633539795875549,0.5196837782859802,-0.04961353912949562,0.6557935476303101,0.5655673146247864,-0.08313494920730591,0.6636203527450562,0.6220523118972778,-0.09939160197973251,0.731226921081543,0.56718909740448,-0.011438916437327862,0.7094676494598389,0.4575842618942261,-0.031825583428144455,0.6927849650382996,0.39104557037353516,-0.04697984457015991,0.679878294467926,0.3321284353733063,-0.05762602388858795,0.7772891521453857,0.5648704767227173,-0.024961769580841064,0.7699679136276245,0.4599297046661377,-0.04603182151913643,0.7639318704605103,0.3937431275844574,-0.056256428360939026,0.7556309103965759,0.3350207805633545,-0.061601582914590836,0.8243823647499084,0.5859226584434509,-0.04233415424823761,0.8332829475402832,0.5003816485404968,-0.05566706135869026,0.8394179940223694,0.44516709446907043,-0.0564568005502224,0.8425713181495667,0.39348310232162476,-0.05578135699033737,F
0.7908493876457214,0.825366735458374,9.006261336708121e-08,0.7235437035560608,0.8096634149551392,-0.025364940986037254,0.6591843366622925,0.7558540105819702,-0.04379428178071976,0.6193627715110779,0.6965876221656799,-0.06426912546157837,0.6409991979598999,0.6615405082702637,-0.0806642472743988,0.6873334050178528,0.5974955558776855,-0.005536653567105532,0.6597040891647339,0.51613450050354,-0.047899406403303146,0.6541921496391296,0.5627078413963318,-0.08115535974502563,0.6633796095848083,0.6187781095504761,-0.09663644433021545,0.7264516353607178,0.5659909248352051,-0.010819128714501858,0.7041632533073425,0.4547736644744873,-0.029760105535387993,0.6886147260665894,0.38963228464126587,-0.042961329221725464,0.6759709715843201,0.3330044746398926,-0.05182074382901192,0.7722010612487793,0.5633101463317871,-0.025009749457240105,0.7627956867218018,0.45879825949668884,-0.0442347526550293,0.7558684945106506,0.39495423436164856,-0.052990175783634186,0.746737539768219,0.33920302987098694,-0.057227663695812225,0.8193074464797974,0.5838717818260193,-0.042873550206422806,0.8267964720726013,0.49816882610321045,-0.05456012487411499,0.8318262696266174,0.4443999230861664,-0.05422426015138626,0.8345011472702026,0.39417803287506104,-0.0525214821100235,F
0.7899267673492432,0.8291873335838318,1.0636905756200576e-07,0.7212666869163513,0.8127495646476746,-0.02746979147195816,0.6585583090782166,0.7623701095581055,-0.04795358330011368,0.6193102598190308,0.7028180956840515,-0.07029782235622406,0.6409119367599487,0.659559428691864,-0.08822556585073471,0.6848567128181458,0.6024981141090393,-0.006734522525221109,0.6573454141616821,0.51938796043396,-0.05073670670390129,0.654192328453064,0.5667024850845337,-0.08565882593393326,0.6648311614990234,0.6227913498878479,-0.10211697220802307,0.7243252396583557,0.5700589418411255,-0.011589094996452332,0.7025247812271118,0.4578336477279663,-0.03125853091478348,0.6875467896461487,0.39305877685546875,-0.04601946845650673,0.6750696897506714,0.3359748125076294,-0.05632111430168152,0.7701589465141296,0.5669407248497009,-0.025672417134046555,0.7603679299354553,0.46122226119041443,-0.04543313756585121,0.7538577318191528,0.3971896171569824,-0.05533207580447197,0.7450101971626282,0.3404986262321472,-0.06073876470327377,0.8178438544273376,0.5870980024337769,-0.043593477457761765,0.8254199028015137,0.5008198022842407,-0.05552659556269646,0.8308566808700562,0.44686681032180786,-0.05564514547586441,0.8338277339935303,0.39620423316955566,-0.054534610360860825,F
0.7904019355773926,0.8255574107170105,1.0546071393946477e-07,0.726796567440033,0.8101202845573425,-0.027769526466727257,0.6652668118476868,0.7541490197181702,-0.047231268137693405,0.6319414377212524,0.6917604207992554,-0.06844666600227356,0.6655266284942627,0.6545757055282593,-0.08532533049583435,0.6925023794174194,0.5977613925933838,-0.006199777126312256,0.668704092502594,0.5176252126693726,-0.050449877977371216,0.6698240637779236,0.5640745759010315,-0.08579964935779572,0.6837562918663025,0.6185263395309448,-0.10251133143901825,0.730337381362915,0.5670642852783203,-0.01047395821660757,0.7109736800193787,0.4554518461227417,-0.02926088497042656,0.6986837983131409,0.3901682496070862,-0.04330898076295853,0.6891226768493652,0.3335740864276886,-0.05318154767155647,0.7749034762382507,0.5656213760375977,-0.024175046011805534,0.7670518159866333,0.46219536662101746,-0.042358171194791794,0.7618138194084167,0.40084975957870483,-0.051857177168130875,0.7544529438018799,0.3467632830142975,-0.057212743908166885,0.8213267922401428,0.5871115922927856,-0.04201648011803627,0.828477144241333,0.5031960010528564,-0.051919035613536835,0.8336181044578552,0.4523034691810608,-0.05155047029256821,0.8368449807167053,0.40445569157600403,-0.05057383328676224,F
0.794208288192749,0.8288108110427856,1.1202385508113366e-07,0.7331502437591553,0.8150400519371033,-0.028031131252646446,0.6725647449493408,0.7552989721298218,-0.04644068330526352,0.6489468812942505,0.6869425773620605,-0.06591613590717316,0.6872113943099976,0.6535063982009888,-0.08123677968978882,0.6991672515869141,0.6050116419792175,-0.009116662666201591,0.6832557916641235,0.5236539244651794,-0.052607461810112,0.6896665096282959,0.5677939057350159,-0.08721347153186798,0.7043554186820984,0.6212062239646912,-0.10364247858524323,0.7380626201629639,0.5763458013534546,-0.013045364990830421,0.72264564037323,0.463115930557251,-0.031904418021440506,0.7136107683181763,0.3977563977241516,-0.04675804823637009,0.7056818604469299,0.3409871757030487,-0.057349078357219696,0.7814767360687256,0.5762779116630554,-0.025939717888832092,0.77629154920578,0.47319069504737854,-0.04483621194958687,0.7732552289962769,0.4117155075073242,-0.05595190450549126,0.7669987082481384,0.35652047395706177,-0.06241978704929352,0.8265491724014282,0.5976927876472473,-0.04271964728832245,0.8341205716133118,0.5132425427436829,-0.05351198464632034,0.8399592638015747,0.46317291259765625,-0.0540134534239769,0.8434042930603027,0.41602182388305664,-0.05386711284518242,F
0.800422728061676,0.8277682662010193,1.6601076424649364e-07,0.7415983080863953,0.8113704919815063,-0.03051760606467724,0.6853092908859253,0.7534868717193604,-0.0512659065425396,0.6633913516998291,0.6845765113830566,-0.07270678877830505,0.7025476694107056,0.6406896710395813,-0.08994697034358978,0.7067497372627258,0.60820072889328,-0.011320114135742188,0.694685697555542,0.5251227021217346,-0.05580756068229675,0.702080249786377,0.5612558722496033,-0.09170018881559372,0.7161831855773926,0.6091746091842651,-0.108863964676857,0.7443495988845825,0.5785014629364014,-0.013633837923407555,0.7326152920722961,0.46474123001098633,-0.03174900263547897,0.7246574759483337,0.39941275119781494,-0.04637743905186653,0.7171971797943115,0.3437710404396057,-0.05686698108911514,0.7866736054420471,0.5772958993911743,-0.025035539641976357,0.7808389663696289,0.4743611812591553,-0.04154423251748085,0.7767636775970459,0.4138906002044678,-0.05093075707554817,0.769733190536499,0.36054304242134094,-0.05672069638967514,0.8310940265655518,0.5977957844734192,-0.04085284844040871,0.837785542011261,0.5164971947669983,-0.04975653067231178,0.842149555683136,0.468488872051239,-0.049050286412239075,0.8443078398704529,0.42415961623191833,-0.04813944920897484,F
0.7943266034126282,0.8282874226570129,1.9744992130199535e-07,0.7362892627716064,0.8106601238250732,-0.03033412992954254,0.6816225051879883,0.7499208450317383,-0.05079040303826332,0.6662212610244751,0.6782796382904053,-0.07179410010576248,0.7073742747306824,0.6336193680763245,-0.08814001083374023,0.7021653652191162,0.6064733266830444,-0.0100230248644948,0.6932510733604431,0.5237357020378113,-0.053598977625370026,0.7044984698295593,0.5588819980621338,-0.08830902725458145,0.7209675908088684,0.6056060791015625,-0.10423151403665543,0.7383798956871033,0.5784079432487488,-0.011396494694054127,0.7278797030448914,0.4646541476249695,-0.027577459812164307,0.7216912508010864,0.3988983631134033,-0.03970218822360039,0.715714693069458,0.34332597255706787,-0.04801270365715027,0.7799248695373535,0.5786178708076477,-0.02190634422004223,0.7739855051040649,0.47781240940093994,-0.03567425161600113,0.7702794671058655,0.419238805770874,-0.04197944700717926,0.7638759613037109,0.3688386082649231,-0.04543256014585495,0.8247787952423096,0.6000247597694397,-0.03716466575860977,0.8306430578231812,0.5207899212837219,-0.04288984835147858,0.8338545560836792,0.47468477487564087,-0.039831459522247314,0.8355166912078857,0.4329655170440674,-0.037076324224472046,F
0.7951905727386475,0.8278656601905823,2.3016460204416944e-07,0.7375041246414185,0.8082014322280884,-0.027730517089366913,0.6854863166809082,0.7451165318489075,-0.04679928719997406,0.6830044388771057,0.6751763820648193,-0.06651831418275833,0.7226675152778625,0.6339246034622192,-0.08245064318180084,0.7024505138397217,0.6045504808425903,-0.012515216134488583,0.7025962471961975,0.5205138325691223,-0.05410703271627426,0.7187631726264954,0.551213800907135,-0.08792344480752945,0.7356258630752563,0.5964502692222595,-0.10402119159698486,0.741261899471283,0.5772665143013,-0.016085786744952202,0.7350245714187622,0.46219226717948914,-0.03277136757969856,0.7311024069786072,0.3946472406387329,-0.047394365072250366,0.7271906137466431,0.3381885290145874,-0.058052126318216324,0.7835378050804138,0.5791069269180298,-0.027752529829740524,0.7791422009468079,0.4762975573539734,-0.04270002245903015,0.7754323482513428,0.41608917713165283,-0.05214463174343109,0.7691824436187744,0.3638192117214203,-0.05841740965843201,0.8292681574821472,0.6017968654632568,-0.04354296997189522,0.8360008001327515,0.5220239162445068,-0.0504596121609211,0.839150071144104,0.4755792021751404,-0.04841822385787964,0.8401455283164978,0.43353861570358276,-0.04701516404747963,F
0.7871297001838684,0.8469519019126892,2.506950522729312e-07,0.7318381667137146,0.8185007572174072,-0.028076885268092155,0.6857790350914001,0.7473819255828857,-0.04611846059560776,0.6990067958831787,0.6824679374694824,-0.06428609788417816,0.7432184219360352,0.6578530669212341,-0.07850348949432373,0.7156230807304382,0.6042798161506653,-0.011474844999611378,0.7277847528457642,0.531434178352356,-0.050099216401576996,0.7479174733161926,0.5690704584121704,-0.08262302726507187,0.7642092108726501,0.6208754181861877,-0.09814603626728058,0.7585588693618774,0.5850335955619812,-0.015440014190971851,0.7648259401321411,0.4728837013244629,-0.029904577881097794,0.7691730260848999,0.40571779012680054,-0.044026006013154984,0.7735958695411682,0.3501618802547455,-0.05477702245116234,0.8000367879867554,0.596642255783081,-0.027527816593647003,0.8073820471763611,0.4981672763824463,-0.04092979058623314,0.810107409954071,0.43736356496810913,-0.05058934912085533,0.8104988932609558,0.38401347398757935,-0.05737321451306343,0.8428772687911987,0.6301154494285583,-0.04383160546422005,0.8573159575462341,0.5522456169128418,-0.04870683327317238,0.8652975559234619,0.5074641704559326,-0.04519449919462204,0.8702338933944702,0.4659072458744049,-0.043344974517822266,F
0.7847403287887573,0.8596901893615723,2.9706393434025813e-07,0.7323905229568481,0.8278617858886719,-0.027684688568115234,0.6917037963867188,0.7557179927825928,-0.045787546783685684,0.7097830176353455,0.6941155791282654,-0.06405458599328995,0.7546480298042297,0.670268177986145,-0.07851841300725937,0.72010737657547,0.6187801957130432,-0.013219901360571384,0.7401703596115112,0.5467857122421265,-0.052001822739839554,0.76559978723526,0.5811481475830078,-0.084328792989254,0.7846426963806152,0.629937469959259,-0.09989326447248459,0.7632312774658203,0.5985554456710815,-0.017502889037132263,0.7767577767372131,0.48663246631622314,-0.03315233439207077,0.7868691086769104,0.4191410541534424,-0.04819166660308838,0.7960139513015747,0.3626879155635834,-0.059601206332445145,0.8032801747322083,0.6098748445510864,-0.02961219660937786,0.815453290939331,0.5104203820228577,-0.044589754194021225,0.8214307427406311,0.4490106999874115,-0.05592251941561699,0.8247538805007935,0.3945736885070801,-0.06380066275596619,0.844437301158905,0.6430944204330444,-0.04569362848997116,0.8626554012298584,0.5664308071136475,-0.05239664763212204,0.8729490637779236,0.5218579769134521,-0.050682079046964645,0.8801968693733215,0.47990697622299194,-0.050067368894815445,F
0.7813283801078796,0.8684165477752686,3.482736303794809e-07,0.7330158352851868,0.8345903754234314,-0.03367897495627403,0.6996721625328064,0.7656834721565247,-0.0557435117661953,0.7178987264633179,0.7047806978225708,-0.07662556320428848,0.7612550258636475,0.6763558387756348,-0.09299378842115402,0.7199679017066956,0.6325709819793701,-0.020067455247044563,0.7414445877075195,0.5606875419616699,-0.06113555282354355,0.7681353092193604,0.5967841148376465,-0.09447997808456421,0.7871512770652771,0.646873950958252,-0.11017065495252609,0.7607932090759277,0.6119967699050903,-0.02101396769285202,0.7744841575622559,0.5007869005203247,-0.03799650818109512,0.7849518060684204,0.4332123100757599,-0.053709063678979874,0.793501079082489,0.37494194507598877,-0.06513695418834686,0.8001534342765808,0.6223691701889038,-0.02998734451830387,0.8095496892929077,0.5232248306274414,-0.04577469825744629,0.8145628571510315,0.46102264523506165,-0.057451412081718445,0.8168622851371765,0.40531444549560547,-0.06503883749246597,0.8408592343330383,0.6546842455863953,-0.04333334043622017,0.8564221858978271,0.5794199109077454,-0.05027974769473076,0.8655022978782654,0.5353730916976929,-0.04865676909685135,0.8722158074378967,0.4941227436065674,-0.04764656350016594,F
0.775015115737915,0.8698468208312988,1.9297047515465238e-07,0.7205578088760376,0.8420826196670532,-0.02926787920296192,0.6748486161231995,0.7729933261871338,-0.04960184171795845,0.6823660731315613,0.7110108733177185,-0.0700637698173523,0.7285521626472473,0.6894859075546265,-0.08704861253499985,0.7176489233970642,0.6312116980552673,-0.016157865524291992,0.7231729030609131,0.5638195872306824,-0.05729171261191368,0.7320602536201477,0.608239471912384,-0.0913088247179985,0.7423506379127502,0.6631008386611938,-0.10825996845960617,0.7598093748092651,0.6111823320388794,-0.021018264815211296,0.7680639028549194,0.5002454519271851,-0.03926420211791992,0.7706005573272705,0.4345320165157318,-0.05573850870132446,0.7734449505805969,0.37811341881752014,-0.06804356724023819,0.8015047907829285,0.6228139996528625,-0.03387856110930443,0.812923014163971,0.5192996263504028,-0.052800316363573074,0.8173280954360962,0.45864808559417725,-0.06602849066257477,0.81950443983078,0.4032023549079895,-0.07469639927148819,0.8431844115257263,0.658046543598175,-0.05051000788807869,0.8647715449333191,0.5798391699790955,-0.061744119971990585,0.8781312108039856,0.532630205154419,-0.06256093829870224,0.8884880542755127,0.48734891414642334,-0.0632171481847763,F
0.7703593969345093,0.8621330857276917,1.2485790534810803e-07,0.7118428349494934,0.8393841981887817,-0.026762129738926888,0.6585546731948853,0.7751604318618774,-0.045975297689437866,0.6413699388504028,0.7106403708457947,-0.0662427768111229,0.6807522773742676,0.6874183416366577,-0.08244138956069946,0.7027384638786316,0.6303481459617615,-0.01170977670699358,0.6944171190261841,0.5494628548622131,-0.05316295474767685,0.6970169544219971,0.595672607421875,-0.08636431396007538,0.7063192129135132,0.6500721573829651,-0.10271528363227844,0.7462955117225647,0.6076344847679138,-0.016685331240296364,0.7440601587295532,0.49869611859321594,-0.03594313934445381,0.7424430251121521,0.43297499418258667,-0.05221483111381531,0.7408049702644348,0.37211090326309204,-0.06433837115764618,0.7910140752792358,0.61515212059021,-0.02992280013859272,0.7980953454971313,0.5125126838684082,-0.04968501254916191,0.8024834394454956,0.45112186670303345,-0.06263482570648193,0.8040693998336792,0.3936888575553894,-0.0708305686712265,0.8345149159431458,0.6451404094696045,-0.046703118830919266,0.8571642637252808,0.567950963973999,-0.06009380891919136,0.8729352951049805,0.5175920724868774,-0.0635736733675003,0.8859226107597351,0.46832114458084106,-0.06560055166482925,F
0.750821590423584,0.839573323726654,1.1166491020730973e-07,0.6865487098693848,0.8172808289527893,-0.023357423022389412,0.6253402829170227,0.7534377574920654,-0.038517389446496964,0.6000844240188599,0.6850542426109314,-0.05534146726131439,0.6366134881973267,0.6629263758659363,-0.0685594454407692,0.6687332391738892,0.6112870573997498,-0.0044521247036755085,0.6522184014320374,0.530555009841919,-0.041178565472364426,0.6497476696968079,0.5741091370582581,-0.07113572955131531,0.658312201499939,0.6276689767837524,-0.08618013560771942,0.7100706696510315,0.5847685933113098,-0.010119221173226833,0.6985662579536438,0.475874662399292,-0.02655906230211258,0.690854012966156,0.410697340965271,-0.04152991622686386,0.685217022895813,0.35212084650993347,-0.052737072110176086,0.7550594210624695,0.587864875793457,-0.023744497448205948,0.7567078471183777,0.485853374004364,-0.043476901948451996,0.7581190466880798,0.42410174012184143,-0.05728215351700783,0.7572771906852722,0.3683164417743683,-0.06564502418041229,0.7999114394187927,0.6145541071891785,-0.04030599445104599,0.8190774321556091,0.536469578742981,-0.05510607361793518,0.8335294723510742,0.48690304160118103,-0.05921311303973198,0.8456345200538635,0.43976062536239624,-0.06124607101082802,F
0.7468336820602417,0.8295630812644958,1.2057678588917042e-07,0.6822000741958618,0.8065831661224365,-0.028948837891221046,0.621566116809845,0.7498875260353088,-0.04909535124897957,0.5882026553153992,0.6883354187011719,-0.06977935880422592,0.6182776689529419,0.6604373455047607,-0.08659137785434723,0.6668181419372559,0.6052340269088745,-0.0146409897133708,0.6467121243476868,0.5251367092132568,-0.05487477034330368,0.6362252235412598,0.5747693181037903,-0.08554025739431381,0.6394832134246826,0.6314073204994202,-0.10078959912061691,0.7088407874107361,0.579418420791626,-0.019141698256134987,0.6962816119194031,0.4708351194858551,-0.04117560386657715,0.6863288283348083,0.40482616424560547,-0.058414798229932785,0.6788325905799866,0.3414759635925293,-0.07067065685987473,0.754131555557251,0.5844039916992188,-0.031693581491708755,0.7598297595977783,0.48208367824554443,-0.05734851583838463,0.7617355585098267,0.41448885202407837,-0.07406959682703018,0.7602539658546448,0.35002636909484863,-0.08373421430587769,0.7985364198684692,0.6134761571884155,-0.047013506293296814,0.8215838670730591,0.5340287685394287,-0.06610459089279175,0.8371954560279846,0.480598509311676,-0.07189153879880905,0.8483316898345947,0.42714250087738037,-0.07477675378322601,F
0.7197493314743042,0.8703319430351257,1.8578694493953662e-07,0.6689090132713318,0.8525160551071167,-0.024107297882437706,0.6234582662582397,0.8071296215057373,-0.04259529709815979,0.599419116973877,0.7602246999740601,-0.06222172826528549,0.6124925017356873,0.714584469795227,-0.07907095551490784,0.6405039429664612,0.6745531558990479,-0.011768902651965618,0.6179013848304749,0.612528920173645,-0.049098704010248184,0.6190303564071655,0.6448864340782166,-0.07953228056430817,0.630274772644043,0.6860122084617615,-0.0947311744093895,0.6790752410888672,0.6459348797798157,-0.016971329227089882,0.6678958535194397,0.5483412742614746,-0.03512779623270035,0.6636820435523987,0.49071845412254333,-0.05261216312646866,0.6610437035560608,0.438933789730072,-0.06552322208881378,0.7198643684387207,0.6468081474304199,-0.02917717956006527,0.7223168611526489,0.5563410520553589,-0.05009908974170685,0.723787248134613,0.5020401477813721,-0.06636492162942886,0.7218501567840576,0.45142534375190735,-0.07707076519727707,0.7601015567779541,0.6722938418388367,-0.04384429007768631,0.7833024859428406,0.6074227690696716,-0.059490133076906204,0.8009865283966064,0.5649057626724243,-0.06516046822071075,0.8145056962966919,0.5231809020042419,-0.06855997443199158,F
0.7099271416664124,0.8596256971359253,1.9456017241736845e-07,0.6618792414665222,0.8445194959640503,-0.02556610479950905,0.6185124516487122,0.8009613752365112,-0.04554823786020279,0.5984237790107727,0.7541208267211914,-0.06624286621809006,0.6152892112731934,0.7097387313842773,-0.08393543213605881,0.6361427307128906,0.6686203479766846,-0.01567203551530838,0.6157813668251038,0.6052113175392151,-0.053722552955150604,0.6183997988700867,0.6386497020721436,-0.08375527709722519,0.6290336847305298,0.6801429986953735,-0.09847234189510345,0.6741679906845093,0.6414154171943665,-0.020359214395284653,0.6644164323806763,0.5422337651252747,-0.04029160737991333,0.6600345969200134,0.48350435495376587,-0.058191947638988495,0.6563199758529663,0.43014347553253174,-0.07105749100446701,0.7139654755592346,0.6421579718589783,-0.03189832344651222,0.7172923684120178,0.5522456765174866,-0.05355343595147133,0.7196739315986633,0.4987226724624634,-0.06905954331159592,0.7180995941162109,0.4488884210586548,-0.07884522527456284,0.7538855075836182,0.6653060913085938,-0.04598482325673103,0.776196300983429,0.5971860289573669,-0.06076204404234886,0.7925677299499512,0.553628146648407,-0.065407894551754,0.8045878410339355,0.5113805532455444,-0.0681312158703804,F
0.7594868540763855,0.8786001205444336,1.1062726912314247e-07,0.7000486850738525,0.8505566120147705,-0.014019176363945007,0.6532579064369202,0.7951275706291199,-0.026584574952721596,0.6210455298423767,0.753045380115509,-0.04211520776152611,0.6281209588050842,0.7295311093330383,-0.05650273337960243,0.6888155937194824,0.6701223850250244,-0.0018432090291753411,0.6556862592697144,0.6146113872528076,-0.03635675087571144,0.6400967836380005,0.6500445008277893,-0.06574847549200058,0.6415992975234985,0.6944117546081543,-0.08088511973619461,0.725995659828186,0.6456641554832458,-0.011777753010392189,0.7121172547340393,0.547015905380249,-0.03197512775659561,0.7035281658172607,0.48419713973999023,-0.049600448459386826,0.6977846622467041,0.4269772469997406,-0.06141345947980881,0.7657103538513184,0.6504240036010742,-0.02772059291601181,0.7711262106895447,0.5574095249176025,-0.05033152922987938,0.7722961902618408,0.4962429106235504,-0.06613567471504211,0.7699110507965088,0.4373866319656372,-0.07492372393608093,0.8028056025505066,0.6805986762046814,-0.04498022794723511,0.8257837295532227,0.6128705143928528,-0.05996032804250717,0.841415286064148,0.5672193169593811,-0.06255226582288742,0.8526933193206787,0.5222546458244324,-0.06316782534122467,F
0.736611545085907,0.8772447109222412,2.3736126308904204e-07,0.6920852661132812,0.8563425540924072,-0.021198607981204987,0.654392659664154,0.8004153966903687,-0.035538483411073685,0.6507744193077087,0.7457300424575806,-0.050544530153274536,0.6578472852706909,0.6975886225700378,-0.0634051263332367,0.6639831066131592,0.6829435229301453,-0.011542251333594322,0.6519946455955505,0.6343510746955872,-0.04447392746806145,0.6592185497283936,0.6517888307571411,-0.07120335102081299,0.6691291332244873,0.6766225695610046,-0.0847591683268547,0.699539303779602,0.6563541293144226,-0.01826261542737484,0.6912063956260681,0.559613823890686,-0.03568899631500244,0.6875410079956055,0.5005010366439819,-0.052454810589551926,0.6847245097160339,0.4491717517375946,-0.06427190452814102,0.7379670143127441,0.6590067148208618,-0.030933551490306854,0.7406195402145386,0.5683609247207642,-0.05208525061607361,0.7422470450401306,0.5149548053741455,-0.0687887892127037,0.7402825951576233,0.46583259105682373,-0.07949639856815338,0.7778973579406738,0.6847010850906372,-0.04566078633069992,0.8025494813919067,0.6226361393928528,-0.06190266087651253,0.8195258975028992,0.5813037157058716,-0.06798308342695236,0.8321979641914368,0.5419859886169434,-0.07156255841255188,F
0.7637079954147339,0.678489089012146,-2.916066534908168e-07,0.7274668216705322,0.6041018962860107,-0.0011627477360889316,0.6606430411338806,0.5453479886054993,-0.02060173824429512,0.5850406289100647,0.5388286709785461,-0.040145307779312134,0.5291452407836914,0.5403423309326172,-0.06155300885438919,0.6988661885261536,0.4793124496936798,-0.0484841950237751,0.6026533246040344,0.47192561626434326,-0.07459811866283417,0.5470971465110779,0.476314902305603,-0.088274747133255,0.5061734914779663,0.48471149802207947,-0.09883818030357361,0.7039586305618286,0.5365886688232422,-0.06405361741781235,0.5917487740516663,0.5477198362350464,-0.09040826559066772,0.6117106676101685,0.5714033246040344,-0.08962252736091614,0.6420064568519592,0.5747037529945374,-0.09103936702013016,0.7019091248512268,0.6008437871932983,-0.07793047279119492,0.5930044651031494,0.6052948832511902,-0.10289839655160904,0.6191607713699341,0.621272087097168,-0.08661460131406784,0.65117347240448,0.6204066872596741,-0.07600171864032745,0.6935350298881531,0.6648365259170532,-0.09086611866950989,0.6032695770263672,0.6553413271903992,-0.11216911673545837,0.6220690608024597,0.665922999382019,-0.10133440792560577,0.6503669619560242,0.6673288345336914,-0.09276245534420013,G
0.7676321268081665,0.6741286516189575,-3.025772912224056e-07,0.7318278551101685,0.5972562432289124,-0.0012441480066627264,0.6667543649673462,0.5361102819442749,-0.021603353321552277,0.5918832421302795,0.5283352732658386,-0.04227518290281296,0.5360634326934814,0.5278043746948242,-0.0645386129617691,0.7068331837654114,0.46976929903030396,-0.048171065747737885,0.6119142174720764,0.4683758616447449,-0.07228927314281464,0.5581235885620117,0.4759807884693146,-0.08427843451499939,0.5194398164749146,0.4872305393218994,-0.0939236432313919,0.7134833335876465,0.526837170124054,-0.0628497451543808,0.6046180725097656,0.5416843295097351,-0.08580541610717773,0.6228854656219482,0.5642768740653992,-0.08369535207748413,0.6514949202537537,0.5663413405418396,-0.08576309680938721,0.7119426131248474,0.5904828310012817,-0.07590925693511963,0.6035191416740417,0.5943081378936768,-0.0974288284778595,0.6288027763366699,0.6108987927436829,-0.08138011395931244,0.6612676978111267,0.6098098158836365,-0.07252638041973114,0.7050186991691589,0.6530653238296509,-0.0882001593708992,0.6153724193572998,0.6410148739814758,-0.10779058188199997,0.6310598850250244,0.6511818170547485,-0.09815981984138489,0.6582878828048706,0.6533684134483337,-0.09124096482992172,G
0.7815910577774048,0.6108003854751587,-2.859566166080185e-07,0.749904453754425,0.5390585660934448,-0.0024962301831692457,0.6926878094673157,0.48183760046958923,-0.02028997428715229,0.6272534728050232,0.4682598412036896,-0.03821253404021263,0.5766209959983826,0.4584287106990814,-0.05733214691281319,0.723059356212616,0.41367873549461365,-0.0388956293463707,0.6387648582458496,0.4084438979625702,-0.06120174005627632,0.5897648930549622,0.4094541668891907,-0.07310344278812408,0.5533239245414734,0.4134116470813751,-0.08260691165924072,0.7283150553703308,0.46112456917762756,-0.05156403034925461,0.6300404667854309,0.47618430852890015,-0.0741783082485199,0.6474599838256836,0.4996826946735382,-0.07358721643686295,0.6738539934158325,0.5023126006126404,-0.0753241628408432,0.7268949747085571,0.5170360207557678,-0.06335215270519257,0.6297094821929932,0.5251752734184265,-0.08438288420438766,0.6527464389801025,0.544003963470459,-0.07047419250011444,0.6816065311431885,0.5428404211997986,-0.06197734549641609,0.7213611006736755,0.5735893249511719,-0.0747399851679802,0.6400004625320435,0.5696079730987549,-0.09280973672866821,0.6548560857772827,0.5816495418548584,-0.08473650366067886,0.6795706152915955,0.5812374353408813,-0.07844407856464386,G
0.8472452163696289,0.7629574537277222,-2.2551371614554228e-07,0.810904324054718,0.69264817237854,-0.0025109124835580587,0.7373294234275818,0.6427768468856812,-0.0188431479036808,0.6605645418167114,0.6438460350036621,-0.034666623920202255,0.6036779880523682,0.64008629322052,-0.05229835957288742,0.7580470442771912,0.5825755000114441,-0.04231923073530197,0.664101779460907,0.5829650163650513,-0.06376692652702332,0.6091280579566956,0.5849226713180542,-0.07350394129753113,0.5683828592300415,0.5871579051017761,-0.08158084750175476,0.7625706791877747,0.6424567699432373,-0.056817665696144104,0.6532586812973022,0.6586116552352905,-0.08247826993465424,0.676742434501648,0.6758488416671753,-0.08161640167236328,0.7101156711578369,0.6757387518882751,-0.0803227350115776,0.7652631998062134,0.7088112831115723,-0.06942835450172424,0.6652736663818359,0.7165148258209229,-0.09457478672266006,0.6934278011322021,0.7273656129837036,-0.07764402031898499,0.7247182130813599,0.7250782251358032,-0.06424054503440857,0.7634821534156799,0.7770553231239319,-0.08117002248764038,0.6817455291748047,0.7693376541137695,-0.10168255120515823,0.7032002806663513,0.7729299068450928,-0.09001918137073517,0.7301549315452576,0.7707209587097168,-0.0796160027384758,G
0.9244450330734253,0.7850600481033325,-2.6877151526605303e-07,0.8911018967628479,0.711405336856842,-0.00013339686847757548,0.8225491642951965,0.6546850800514221,-0.01440463587641716,0.7514246106147766,0.6432280540466309,-0.02930811606347561,0.6966878175735474,0.6289612054824829,-0.04566854611039162,0.8445061445236206,0.5907540321350098,-0.034496426582336426,0.7536191940307617,0.5851571559906006,-0.05610597878694534,0.7005417943000793,0.5868688821792603,-0.06706518679857254,0.6629902124404907,0.5893146991729736,-0.07558346539735794,0.8491971492767334,0.6452621221542358,-0.04900176823139191,0.7471557855606079,0.659419596195221,-0.07292864471673965,0.7691158056259155,0.6802982687950134,-0.0724354013800621,0.7996788620948792,0.6789910197257996,-0.07222459465265274,0.8502610921859741,0.7087714076042175,-0.06221843138337135,0.7534665465354919,0.7154206037521362,-0.08647142350673676,0.7800664305686951,0.7311319708824158,-0.07153039425611496,0.8103198409080505,0.7282758951187134,-0.06001274660229683,0.8464518785476685,0.7737632393836975,-0.0744902566075325,0.7673161029815674,0.7646853923797607,-0.0950360894203186,0.78608638048172,0.7746716737747192,-0.08504878729581833,0.8123146891593933,0.7745504975318909,-0.07572228461503983,G
0.9092215299606323,0.7668198943138123,-2.852273723874532e-07,0.8691105246543884,0.7011553049087524,0.0008624008041806519,0.7997360229492188,0.6508967280387878,-0.01364721916615963,0.7290230989456177,0.6497784852981567,-0.029067283496260643,0.6756346225738525,0.650682806968689,-0.04611475020647049,0.8164975047111511,0.5760926008224487,-0.0318179689347744,0.7305810451507568,0.5785099267959595,-0.05271900072693825,0.6794449090957642,0.5782468318939209,-0.06362421810626984,0.6415314674377441,0.5771408677101135,-0.07312025129795074,0.8276164531707764,0.6235578656196594,-0.04728682339191437,0.7275782823562622,0.6560978889465332,-0.07222150266170502,0.750373363494873,0.6770438551902771,-0.07266160845756531,0.7795318961143494,0.6736146807670593,-0.07319831848144531,0.8346458077430725,0.6832532286643982,-0.06151294708251953,0.7379563450813293,0.711122453212738,-0.08812019228935242,0.7655367255210876,0.7249397039413452,-0.07501471042633057,0.7947756052017212,0.7165448665618896,-0.06455434113740921,0.8364462852478027,0.7461084127426147,-0.07453082501888275,0.7556450366973877,0.7582451701164246,-0.0970475897192955,0.7760819792747498,0.7680564522743225,-0.08841127157211304,0.802821159362793,0.7624005675315857,-0.08004878461360931,G
0.8761153221130371,0.7980583906173706,-1.4440432494211564e-07,0.8377766609191895,0.7298619747161865,-0.0046004983596503735,0.7630237936973572,0.6836240887641907,-0.02430609054863453,0.6870449781417847,0.6913722157478333,-0.0426778569817543,0.6322990655899048,0.7008378505706787,-0.06340321153402328,0.7967675924301147,0.6350091695785522,-0.057955656200647354,0.7004368305206299,0.63352370262146,-0.08183937519788742,0.6464385390281677,0.6384028196334839,-0.09152407944202423,0.6062157154083252,0.6442406177520752,-0.09909006953239441,0.8025972247123718,0.6986879706382751,-0.07153166830539703,0.6913763880729675,0.7093418836593628,-0.0987783819437027,0.7133264541625977,0.7194902896881104,-0.09737544506788254,0.7463735938072205,0.7171438932418823,-0.09640917181968689,0.8039281368255615,0.7656170129776001,-0.08242003619670868,0.6975544691085815,0.7656528353691101,-0.1077873632311821,0.724555492401123,0.7706825733184814,-0.08992321044206619,0.758202850818634,0.7699031233787537,-0.07639674842357635,0.7993558645248413,0.8331620097160339,-0.0924481749534607,0.7121714949607849,0.8208435773849487,-0.11361546814441681,0.7310847043991089,0.8183373808860779,-0.10193036496639252,0.7596372961997986,0.8174912929534912,-0.0919744223356247,G
0.8716781735420227,0.7573323249816895,-1.4565787864739832e-07,0.8381375074386597,0.6881424784660339,-0.00479460135102272,0.7701866626739502,0.6278367638587952,-0.021863499656319618,0.699821412563324,0.6175719499588013,-0.03706154599785805,0.6490462422370911,0.6165611147880554,-0.054713938385248184,0.8017259240150452,0.5888645648956299,-0.05581207200884819,0.7082757353782654,0.5843106508255005,-0.0773872658610344,0.654163122177124,0.5866712331771851,-0.08606399595737457,0.6138789653778076,0.5902788043022156,-0.09328101575374603,0.8040147423744202,0.651764452457428,-0.06843040138483047,0.6906700730323792,0.6549761295318604,-0.0940602496266365,0.7109452486038208,0.6690627336502075,-0.09227029234170914,0.7447196841239929,0.6713879108428955,-0.09062925726175308,0.8025197386741638,0.7183136343955994,-0.07824354618787766,0.6960113048553467,0.7088155150413513,-0.10317972302436829,0.7213413715362549,0.7170587182044983,-0.08645052462816238,0.7549932599067688,0.7200360298156738,-0.07321274280548096,0.7960546612739563,0.7852286100387573,-0.08716469258069992,0.7119802236557007,0.7663862705230713,-0.10906589776277542,0.7299003601074219,0.7664296627044678,-0.09872567653656006,0.757898211479187,0.768409013748169,-0.08926278352737427,G
0.9312363862991333,0.7746991515159607,-2.005096604307255e-07,0.8961250185966492,0.7004873156547546,-0.002472706139087677,0.822584867477417,0.648705780506134,-0.015346010215580463,0.7502845525741577,0.6410695314407349,-0.027609853073954582,0.6952913999557495,0.6337629556655884,-0.04172784835100174,0.8347843289375305,0.6003177762031555,-0.03990178182721138,0.7417093515396118,0.5947996377944946,-0.05962332338094711,0.6884368658065796,0.5945075154304504,-0.06792093068361282,0.6481201648712158,0.5927854180335999,-0.074516661465168,0.8369387984275818,0.658079206943512,-0.05227469280362129,0.737449586391449,0.6696130037307739,-0.0760146975517273,0.7580477595329285,0.6890835165977478,-0.0748949646949768,0.7893685102462769,0.6905109286308289,-0.07302625477313995,0.8391859531402588,0.7230967283248901,-0.06268294155597687,0.7453729510307312,0.726020872592926,-0.0853843241930008,0.769373893737793,0.7405173778533936,-0.06905227899551392,0.7996742725372314,0.7408567070960999,-0.05579598620533943,0.8388782143592834,0.7900402545928955,-0.07231393456459045,0.7608520984649658,0.7799699306488037,-0.08966783434152603,0.7790906429290771,0.7872441411018372,-0.07759746164083481,0.8053109049797058,0.787863552570343,-0.0668441578745842,G
0.9068551063537598,0.7653903961181641,-2.450738065817859e-07,0.8659514784812927,0.6962847113609314,0.0017551126657053828,0.7944267392158508,0.6496952772140503,-0.013997044414281845,0.7219402194023132,0.6513519883155823,-0.03038305602967739,0.6661242842674255,0.644809365272522,-0.048679620027542114,0.8130096793174744,0.5847796201705933,-0.039051491767168045,0.7208402156829834,0.587446928024292,-0.06013532727956772,0.667312502861023,0.59192955493927,-0.07032538205385208,0.6284628510475159,0.5962541699409485,-0.0788174495100975,0.82048499584198,0.6417564749717712,-0.055449794977903366,0.7144109010696411,0.6671918630599976,-0.07941532880067825,0.738612174987793,0.6837649941444397,-0.07790818065404892,0.7709956169128418,0.6791595220565796,-0.07727501541376114,0.8255585432052612,0.7071977257728577,-0.06989172846078873,0.7252269983291626,0.7233064770698547,-0.09340237081050873,0.7532584071159363,0.7335137724876404,-0.07643181085586548,0.7840700745582581,0.7272520661354065,-0.06414665281772614,0.8259372711181641,0.7748082876205444,-0.08323995769023895,0.7443941831588745,0.7736547589302063,-0.10346081852912903,0.7634464502334595,0.7777684926986694,-0.09253913909196854,0.788711428642273,0.7729911208152771,-0.08304685354232788,G
0.8940175771713257,0.7668457627296448,-2.006730710490956e-07,0.8501222133636475,0.6990083456039429,0.0004507248813752085,0.7735089063644409,0.6586945652961731,-0.017164604738354683,0.6974684596061707,0.6733273267745972,-0.03487944230437279,0.6414978504180908,0.6854351758956909,-0.05506899952888489,0.7960675358772278,0.5944676399230957,-0.04822849854826927,0.6994253396987915,0.603996753692627,-0.07066426426172256,0.6443859934806824,0.6111438274383545,-0.081297367811203,0.6025458574295044,0.6173469424247742,-0.09032819420099258,0.8045686483383179,0.656818151473999,-0.06464720517396927,0.6970223188400269,0.6805382966995239,-0.09009505808353424,0.7214706540107727,0.6933717131614685,-0.08901812881231308,0.7540820240974426,0.6886398196220398,-0.08890235424041748,0.8104664087295532,0.7250505089759827,-0.07841998338699341,0.7074026465415955,0.7383449077606201,-0.10274706035852432,0.7356001138687134,0.7440456748008728,-0.08524294197559357,0.7679768800735474,0.7387553453445435,-0.07266310602426529,0.8111928701400757,0.7946624159812927,-0.09102918952703476,0.725176215171814,0.7903148531913757,-0.11155083775520325,0.7450202703475952,0.7907961010932922,-0.0993935763835907,0.7729577422142029,0.7875074148178101,-0.08931425213813782,G
0.8550949096679688,0.8172160387039185,-7.680853997271697e-08,0.8232132196426392,0.7373121976852417,-0.007429775781929493,0.7422628998756409,0.683784008026123,-0.023067165166139603,0.6645800471305847,0.6862446069717407,-0.03572931885719299,0.6078457832336426,0.6878046989440918,-0.050257373601198196,0.7601920962333679,0.6540127992630005,-0.058399736881256104,0.6596632599830627,0.6531084775924683,-0.07949962466955185,0.6022497415542603,0.6575242280960083,-0.08786129951477051,0.5556191802024841,0.6658257842063904,-0.09423675388097763,0.7597837448120117,0.7266107201576233,-0.0679163858294487,0.6527901887893677,0.7204165458679199,-0.09242928773164749,0.676119863986969,0.7243296504020691,-0.09057095646858215,0.7100933790206909,0.7284723520278931,-0.08830150961875916,0.7588616013526917,0.7966743111610413,-0.0744791105389595,0.6553757786750793,0.7799797058105469,-0.09467941522598267,0.6832722425460815,0.7811664938926697,-0.0760582983493805,0.7173139452934265,0.7858421802520752,-0.06199607998132706,0.7560265064239502,0.8626575469970703,-0.08070867508649826,0.6731285452842712,0.8353670239448547,-0.09604078531265259,0.6946680545806885,0.8304765820503235,-0.08250491321086884,0.7229835987091064,0.8348068594932556,-0.07158058881759644,G
0.8577880263328552,0.792724072933197,-1.6839760519360425e-07,0.8208750486373901,0.7182941436767578,-0.0051939296536147594,0.7402915954589844,0.6668466329574585,-0.0251742172986269,0.6580607295036316,0.6744332909584045,-0.04303578659892082,0.5984394550323486,0.6846908926963806,-0.06328762322664261,0.7706448435783386,0.6166161298751831,-0.06254301965236664,0.6635527610778809,0.6209841966629028,-0.08442796766757965,0.6065843105316162,0.6295856237411499,-0.09283959120512009,0.5633670091629028,0.637645423412323,-0.10014071315526962,0.773141622543335,0.6872555613517761,-0.07550086081027985,0.6557633280754089,0.6950745582580566,-0.09984908998012543,0.6819058656692505,0.7039561867713928,-0.09612371027469635,0.7177930474281311,0.7035351991653442,-0.09452619403600693,0.7726083993911743,0.7586696743965149,-0.08526583015918732,0.6618404388427734,0.7516971230506897,-0.10675685852766037,0.6919326186180115,0.7572019100189209,-0.08620960265398026,0.7267264127731323,0.7586066126823425,-0.07242675125598907,0.7671881318092346,0.8287496566772461,-0.09438671171665192,0.6779292225837708,0.8083356618881226,-0.11305727809667587,0.6992571353912354,0.8070151805877686,-0.09973248094320297,0.7281243801116943,0.8091785907745361,-0.08960095047950745,G
0.8490495085716248,0.7159596681594849,-2.429251537705568e-07,0.8130143284797668,0.6432409286499023,4.229992919135839e-05,0.7406859397888184,0.5933699607849121,-0.0177818164229393,0.6631476283073425,0.6014901399612427,-0.035518404096364975,0.6068497896194458,0.6110912561416626,-0.05530524626374245,0.7601758241653442,0.527093768119812,-0.046550534665584564,0.6621806025505066,0.5350829362869263,-0.06978672742843628,0.6062755584716797,0.5448802709579468,-0.08163095265626907,0.5655126571655273,0.5531713366508484,-0.09129203855991364,0.7643822431564331,0.5873856544494629,-0.06192750856280327,0.6563270092010498,0.6129053831100464,-0.08665182441473007,0.6799555420875549,0.6318172216415405,-0.08539684861898422,0.711600124835968,0.6286637187004089,-0.08574870973825455,0.7654452919960022,0.6552438735961914,-0.07496391981840134,0.6624021530151367,0.6693708300590515,-0.09852118045091629,0.690310001373291,0.6811906099319458,-0.08168916404247284,0.7226529717445374,0.6776292324066162,-0.07000148296356201,0.7620248794555664,0.7242527604103088,-0.08698102831840515,0.678342342376709,0.7206974029541016,-0.10736770182847977,0.6963574290275574,0.7254906892776489,-0.09653838723897934,0.7221096754074097,0.7230431437492371,-0.08730007708072662,G
0.7434319853782654,0.6823444962501526,-2.1589598020455014e-07,0.7034481763839722,0.6090006828308105,-0.0014895666390657425,0.6263914108276367,0.566566526889801,-0.015276892110705376,0.5491611361503601,0.582152247428894,-0.02827504836022854,0.49496790766716003,0.5942751169204712,-0.042495571076869965,0.6319280862808228,0.5040517449378967,-0.03582990914583206,0.5372006297111511,0.5153245329856873,-0.05506008118391037,0.4849928021430969,0.5278679132461548,-0.06457608938217163,0.4446965456008911,0.5351006984710693,-0.07237599045038223,0.6339303255081177,0.5626674890518188,-0.04785098135471344,0.536763072013855,0.5884319543838501,-0.07040394842624664,0.5599112510681152,0.6052625775337219,-0.07016967236995697,0.5896063446998596,0.6021632552146912,-0.0694904699921608,0.635339617729187,0.6276005506515503,-0.057966846972703934,0.5449689030647278,0.6440188884735107,-0.07982464134693146,0.572756826877594,0.6574928164482117,-0.06472077965736389,0.6024914383888245,0.6544206738471985,-0.05258546024560928,0.6350566744804382,0.6946282386779785,-0.06726659834384918,0.5614824295043945,0.6941667795181274,-0.08367250114679337,0.5828003287315369,0.7021984457969666,-0.07208210229873657,0.6072431206703186,0.7018409371376038,-0.06176586076617241,G
0.9406163692474365,0.7101442217826843,-7.564230486423185e-08,0.8953166007995605,0.6169222593307495,-0.0045067742466926575,0.803823709487915,0.5708494782447815,-0.01782986707985401,0.7162889838218689,0.5848678946495056,-0.028383342549204826,0.653942346572876,0.5989521741867065,-0.04014424607157707,0.80391925573349,0.5341739058494568,-0.05045454204082489,0.6851038932800293,0.5291218757629395,-0.06910552084445953,0.6226893067359924,0.5342549085617065,-0.07429203391075134,0.5736935138702393,0.5425305366516113,-0.07760023325681686,0.7997170686721802,0.6119698882102966,-0.05829771235585213,0.6914647817611694,0.6167503595352173,-0.07962742447853088,0.7193392515182495,0.6268587112426758,-0.07371186465024948,0.7555534839630127,0.6304644346237183,-0.0678292065858841,0.7982415556907654,0.6914353370666504,-0.06317716091871262,0.6988985538482666,0.6844320893287659,-0.07907469570636749,0.7305206060409546,0.6884890198707581,-0.056815601885318756,0.7636660933494568,0.6924724578857422,-0.040585972368717194,0.7971806526184082,0.7674058079719543,-0.06748558580875397,0.7213068008422852,0.7462565898895264,-0.07558716833591461,0.74821937084198,0.7432253956794739,-0.057131990790367126,0.7745892405509949,0.7472308874130249,-0.04287198185920715,G
0.9111751317977905,0.658424973487854,-2.8668580398516497e-07,0.8616194725036621,0.5755323767662048,0.001922696246765554,0.7744132280349731,0.5338073968887329,-0.013431771658360958,0.6880912184715271,0.5567122101783752,-0.02918732725083828,0.6262213587760925,0.5737680196762085,-0.04638822004199028,0.7759369611740112,0.4572445750236511,-0.03671954944729805,0.6701222062110901,0.47036007046699524,-0.0599079392850399,0.6096286177635193,0.4783518314361572,-0.07121440023183823,0.5624364018440247,0.48273995518684387,-0.08056497573852539,0.781291127204895,0.5164540410041809,-0.05289953574538231,0.6732728481292725,0.5628846883773804,-0.08092706650495529,0.702254593372345,0.5856937170028687,-0.08044975250959396,0.7361999750137329,0.5797362923622131,-0.0793323814868927,0.7859127521514893,0.5878465175628662,-0.06712110340595245,0.6866653561592102,0.6252350211143494,-0.09317421168088913,0.7200512290000916,0.6397716999053955,-0.07575054466724396,0.7521207332611084,0.6292862296104431,-0.06215497478842735,0.7877478003501892,0.6641486287117004,-0.08020946383476257,0.7077130675315857,0.6793544888496399,-0.09932602941989899,0.7334033846855164,0.6888266801834106,-0.0865507572889328,0.7601927518844604,0.6824278235435486,-0.07534124702215195,G
0.9307682514190674,0.7782253623008728,-9.770868558689472e-08,0.8892648220062256,0.6846494078636169,-0.006623063236474991,0.7965866327285767,0.629441499710083,-0.0215043593198061,0.7071065902709961,0.6356852054595947,-0.033803101629018784,0.6408228874206543,0.6451011896133423,-0.04763730615377426,0.8053457736968994,0.5905298590660095,-0.052130937576293945,0.6904039978981018,0.5838971138000488,-0.0730469673871994,0.6256012320518494,0.5841606259346008,-0.081116683781147,0.5736327171325684,0.5869764685630798,-0.08715590834617615,0.8024246692657471,0.6680018901824951,-0.06224634498357773,0.6858115196228027,0.6628984808921814,-0.08765458315610886,0.7133485674858093,0.6748181581497192,-0.08487608283758163,0.7519004344940186,0.6826705932617188,-0.0807838886976242,0.8007586002349854,0.747302234172821,-0.06954061985015869,0.691922664642334,0.7321156859397888,-0.09046172350645065,0.723537266254425,0.7383652925491333,-0.06871751695871353,0.759891927242279,0.7445439696311951,-0.051791924983263016,0.7977766990661621,0.825616717338562,-0.07649251073598862,0.7114050388336182,0.7943463325500488,-0.09050295501947403,0.7382315397262573,0.7947038412094116,-0.07289377599954605,0.7694190740585327,0.8026795387268066,-0.0585310272872448,G
0.8052985668182373,0.7359745502471924,-7.351809472311288e-08,0.7486381530761719,0.6385998129844666,0.0023807724937796593,0.6529608964920044,0.5887844562530518,-0.0032927244901657104,0.567969560623169,0.5922263264656067,-0.007618439383804798,0.506058394908905,0.6063993573188782,-0.014220118522644043,0.6376086473464966,0.5724385380744934,-0.03810796141624451,0.5334530472755432,0.5925541520118713,-0.04681173339486122,0.48541486263275146,0.6012098789215088,-0.04712294042110443,0.448198139667511,0.6073683500289917,-0.047897543758153915,0.6364388465881348,0.6518663763999939,-0.04628284275531769,0.549250602722168,0.6585580706596375,-0.0515422560274601,0.57399582862854,0.6601912975311279,-0.04060379043221474,0.605840802192688,0.6607989072799683,-0.03536129370331764,0.6407602429389954,0.7311343550682068,-0.051368046551942825,0.562113344669342,0.7232874035835266,-0.05348794907331467,0.5901370048522949,0.7245407104492188,-0.03200486674904823,0.6192895174026489,0.7264806628227234,-0.021015364676713943,0.645829975605011,0.8073583841323853,-0.055880241096019745,0.5779480338096619,0.7843655943870544,-0.05511662736535072,0.6039894223213196,0.7805210947990417,-0.03674591705203056,0.629085123538971,0.7843477129936218,-0.025152862071990967,G
0.7598558068275452,0.6705513000488281,-2.698405978662777e-07,0.7106559872627258,0.5948153734207153,-0.0003299723321106285,0.6250255107879639,0.5466625094413757,-0.01726793684065342,0.539385199546814,0.569192111492157,-0.03396681696176529,0.48006555438041687,0.5864855647087097,-0.05227585881948471,0.6385270357131958,0.46689876914024353,-0.03934359550476074,0.5319433212280273,0.4909205734729767,-0.06279445439577103,0.4721943140029907,0.5085869431495667,-0.07581598311662674,0.4269188344478607,0.5183165073394775,-0.08688914030790329,0.6443368792533875,0.5309865474700928,-0.05503687635064125,0.5303381085395813,0.5738095045089722,-0.08372368663549423,0.5588118433952332,0.5961822867393494,-0.08563168346881866,0.5948532819747925,0.5904613137245178,-0.08655243366956711,0.6469252109527588,0.6048910617828369,-0.06864769011735916,0.5386684536933899,0.6407915353775024,-0.09619389474391937,0.5728102326393127,0.6574039459228516,-0.08039198070764542,0.6086830496788025,0.6480873227119446,-0.06769850105047226,0.6457311511039734,0.6832319498062134,-0.0811484307050705,0.5593187808990479,0.7008461356163025,-0.10269266366958618,0.5850568413734436,0.7093780636787415,-0.09128907322883606,0.6141113042831421,0.701010525226593,-0.08092226833105087,G
0.7371187210083008,0.6843648552894592,-1.9527844585809362e-07,0.6942645907402039,0.6001961827278137,-0.007860774174332619,0.6096564531326294,0.5398613810539246,-0.028139552101492882,0.5189538598060608,0.5410224199295044,-0.04676241800189018,0.4535224139690399,0.5324222445487976,-0.06694002449512482,0.6355864405632019,0.4753451943397522,-0.05091475322842598,0.519541323184967,0.48401498794555664,-0.07665545493364334,0.4559687376022339,0.49857959151268005,-0.08983445912599564,0.40973177552223206,0.5100922584533691,-0.09981836378574371,0.6360474824905396,0.5486242175102234,-0.06336332857608795,0.5153499841690063,0.5604576468467712,-0.09249357134103775,0.5423327088356018,0.5801259279251099,-0.09345722198486328,0.5805380940437317,0.5824686884880066,-0.09363012760877609,0.6325892210006714,0.6258664131164551,-0.07401685416698456,0.5180747509002686,0.6273913383483887,-0.10188205540180206,0.551796019077301,0.6458002328872681,-0.08336982131004333,0.5895163416862488,0.6487526297569275,-0.06868801265954971,0.6247007250785828,0.7043558359146118,-0.08418386429548264,0.5342329740524292,0.6897549033164978,-0.1073596179485321,0.5609081387519836,0.6985648274421692,-0.09454113245010376,0.5919793844223022,0.7005128264427185,-0.08280635625123978,G
0.744202196598053,0.6732596755027771,-1.8885290842263203e-07,0.7017930746078491,0.5888915657997131,0.004080469720065594,0.6242434978485107,0.539832592010498,-0.0013321974547579885,0.549677312374115,0.5457907915115356,-0.007142567541450262,0.5007410049438477,0.562071681022644,-0.013821139931678772,0.5990182161331177,0.4819642901420593,-0.012612288817763329,0.5132946968078613,0.5008286833763123,-0.02247769571840763,0.4692487418651581,0.5097591280937195,-0.028000684455037117,0.43581104278564453,0.5132845044136047,-0.032391928136348724,0.5882490873336792,0.5446723103523254,-0.02171776443719864,0.5160332918167114,0.5783544778823853,-0.03352898359298706,0.5405223369598389,0.5972737073898315,-0.031628306955099106,0.5703998804092407,0.5978274941444397,-0.029034985229372978,0.583588719367981,0.6124613881111145,-0.02913586050271988,0.5258809924125671,0.6373690962791443,-0.03834936395287514,0.5520756840705872,0.6527748107910156,-0.026126494631171227,0.5786997079849243,0.6509988903999329,-0.017155524343252182,0.583192765712738,0.6822785139083862,-0.036032285541296005,0.539498507976532,0.6870008111000061,-0.03931741043925285,0.5643298625946045,0.6990277767181396,-0.02747378684580326,0.5865352153778076,0.7005371451377869,-0.01765613630414009,G
0.7915287017822266,0.6662909984588623,-2.179970977067569e-07,0.7413721084594727,0.5792490243911743,0.013625413179397583,0.6626706123352051,0.5307841300964355,0.011160654947161674,0.5896487236022949,0.538074254989624,0.007020595017820597,0.5410076379776001,0.5593650341033936,0.0007339067524299026,0.6340435147285461,0.49143821001052856,-0.016689376905560493,0.5414372682571411,0.5085170269012451,-0.02442147396504879,0.4976903200149536,0.5244626998901367,-0.026775848120450974,0.4648204445838928,0.5368487238883972,-0.028609881177544594,0.6264346241950989,0.5571417212486267,-0.02987530827522278,0.5464345216751099,0.5774494409561157,-0.035070814192295074,0.5688726305961609,0.5916675925254822,-0.02809804491698742,0.5989256501197815,0.5938190221786499,-0.023669347167015076,0.6266999244689941,0.6267213225364685,-0.03975522518157959,0.5632234811782837,0.6404616236686707,-0.04088688641786575,0.5901365280151367,0.6505354642868042,-0.02474959008395672,0.6177290678024292,0.6497842669487,-0.015839051455259323,0.631412148475647,0.6966509819030762,-0.0483417809009552,0.5820735096931458,0.693523645401001,-0.04593498259782791,0.6067400574684143,0.6983699202537537,-0.030498065054416656,0.6303218007087708,0.699885368347168,-0.019594773650169373,G
0.822578489780426,0.5317069888114929,-3.486456705559249e-07,0.7713208794593811,0.45048171281814575,0.025332024320960045,0.6914572715759277,0.4150882065296173,0.021170565858483315,0.61796635389328,0.4274025857448578,0.011756539344787598,0.5664544105529785,0.4421992003917694,-0.00041682878509163857,0.673062264919281,0.337902307510376,-0.012287894263863564,0.5818439722061157,0.3689945638179779,-0.02287776954472065,0.5351813435554504,0.3843648135662079,-0.02872987650334835,0.49798354506492615,0.39267227053642273,-0.035289399325847626,0.6695692539215088,0.39041414856910706,-0.03522435575723648,0.5885434150695801,0.4585006833076477,-0.045209527015686035,0.6174060106277466,0.4749549627304077,-0.038740139454603195,0.648296594619751,0.46254557371139526,-0.03736114501953125,0.6697006225585938,0.4574469327926636,-0.05458654463291168,0.602286159992218,0.5120025277137756,-0.060119450092315674,0.63303142786026,0.5256668925285339,-0.04192463308572769,0.6580129265785217,0.5098100900650024,-0.03407697752118111,0.6706527471542358,0.5272428393363953,-0.07195299863815308,0.6179471015930176,0.5519017577171326,-0.07502225786447525,0.6443250775337219,0.5640463829040527,-0.060912344604730606,0.6657738089561462,0.5558449625968933,-0.05241827666759491,G
0.8404684066772461,0.4971495270729065,-3.5087606420347583e-07,0.7885323762893677,0.4157673120498657,0.01092937495559454,0.7069598436355591,0.3792927861213684,-0.0006872918456792831,0.6234610080718994,0.40286242961883545,-0.01506302785128355,0.5658261179924011,0.423103392124176,-0.030935458838939667,0.6997167468070984,0.284217894077301,-0.01857241801917553,0.5995737314224243,0.32113611698150635,-0.03595829755067825,0.5474305152893066,0.3365803360939026,-0.04713151976466179,0.5056896209716797,0.34257376194000244,-0.05752827599644661,0.6980955600738525,0.3350768983364105,-0.03665826469659805,0.60114586353302,0.4067937433719635,-0.05652744695544243,0.6308519244194031,0.4302438795566559,-0.05563008040189743,0.663089394569397,0.42069587111473083,-0.05638723820447922,0.6976926326751709,0.4001317322254181,-0.052784088999032974,0.6123234033584595,0.4638901948928833,-0.0691252201795578,0.6449966430664062,0.4834845960140228,-0.054181866347789764,0.6728987097740173,0.4687559902667999,-0.0457092709839344,0.6968409419059753,0.472013920545578,-0.06786248087882996,0.6299664974212646,0.509137749671936,-0.08085166662931442,0.6581171751022339,0.5248223543167114,-0.0705716535449028,0.6833182573318481,0.5144816637039185,-0.06284192949533463,G
0.8274266719818115,0.6995729207992554,-1.3571369095188857e-07,0.7879560589790344,0.6015270352363586,-0.0086264219135046,0.702893078327179,0.5263118743896484,-0.021136952564120293,0.6205952167510986,0.5147606134414673,-0.0301602054387331,0.5605409741401672,0.5194125175476074,-0.040458355098962784,0.7010203003883362,0.4871538281440735,-0.049364566802978516,0.5869554281234741,0.48028048872947693,-0.0683378204703331,0.5234090685844421,0.48808732628822327,-0.07686799764633179,0.47345054149627686,0.4969421625137329,-0.08326524496078491,0.6937714219093323,0.5634378790855408,-0.05623868107795715,0.5906002521514893,0.576403021812439,-0.07706096768379211,0.6145868301391602,0.592856764793396,-0.07383929938077927,0.6514546275138855,0.5960627198219299,-0.07115349918603897,0.6885080337524414,0.6449134945869446,-0.061026349663734436,0.5944584608078003,0.6471033096313477,-0.07830004394054413,0.6238872408866882,0.6590410470962524,-0.06008927524089813,0.6582805514335632,0.661172091960907,-0.04748569056391716,0.6838054656982422,0.724159836769104,-0.06589473783969879,0.6099185347557068,0.7063931822776794,-0.07858177274465561,0.6356297731399536,0.7141275405883789,-0.06420682370662689,0.6654517650604248,0.7182289958000183,-0.05266358330845833,G
0.8423929214477539,0.8094518780708313,-7.313924754726031e-08,0.8043235540390015,0.697216272354126,-0.007942982949316502,0.7057800889015198,0.6196723580360413,-0.023109517991542816,0.6082255840301514,0.6164507865905762,-0.033589038997888565,0.5378769636154175,0.6249974370002747,-0.04626987874507904,0.7109509110450745,0.5959314703941345,-0.06781686097383499,0.5864975452423096,0.5864742994308472,-0.08640848845243454,0.5219842195510864,0.5834019184112549,-0.09099963307380676,0.4708746373653412,0.5839517116546631,-0.0948750302195549,0.7023462653160095,0.6864678859710693,-0.0757703110575676,0.5908105373382568,0.6676622629165649,-0.09488439559936523,0.6206324696540833,0.675408661365509,-0.08564461022615433,0.6592916250228882,0.6870232820510864,-0.07995294034481049,0.6963872313499451,0.7754358053207397,-0.08007850497961044,0.5926462411880493,0.7433521747589111,-0.09353774040937424,0.6274991035461426,0.7483506798744202,-0.06759712100028992,0.6630279421806335,0.7592841386795044,-0.05165814608335495,0.6904710531234741,0.8593906164169312,-0.08406154066324234,0.6091423034667969,0.8148071765899658,-0.09130249172449112,0.6391617655754089,0.8131518363952637,-0.07072791457176208,0.6670435070991516,0.8245764374732971,-0.05701393261551857,G
0.8605565428733826,0.7636137008666992,-1.3203357696056628e-07,0.8213131427764893,0.6639958620071411,-0.008616681210696697,0.7301071286201477,0.5907390117645264,-0.02839784324169159,0.6299169659614563,0.5976710319519043,-0.044935233891010284,0.5580713748931885,0.6060896515846252,-0.06286747008562088,0.7492420673370361,0.5375195741653442,-0.058399174362421036,0.6253788471221924,0.5335450768470764,-0.08320970833301544,0.5581664443016052,0.5362200140953064,-0.09401916712522507,0.5054060816764832,0.5417174696922302,-0.10226340591907501,0.7420296669006348,0.6234948039054871,-0.07087402045726776,0.6124851703643799,0.616971492767334,-0.10071977227926254,0.6443665623664856,0.6294423937797546,-0.09942102432250977,0.6866289973258972,0.6362000107765198,-0.09642334282398224,0.7343219518661499,0.7108480334281921,-0.08066393435001373,0.6159861087799072,0.6945881247520447,-0.10741517692804337,0.6543315052986145,0.7045893669128418,-0.08541111648082733,0.6934104561805725,0.7099035382270813,-0.06753181666135788,0.7232139706611633,0.7979705333709717,-0.08990512788295746,0.6314097046852112,0.7641029357910156,-0.109356589615345,0.6628710031509399,0.7669757008552551,-0.0920664370059967,0.6938651204109192,0.772663414478302,-0.07738176733255386,G
0.8650370240211487,0.7443642616271973,-1.6471821595587244e-07,0.8224605917930603,0.648084282875061,-0.00618865666911006,0.7301555871963501,0.5780755877494812,-0.02555033750832081,0.6326366662979126,0.5858639478683472,-0.041861165314912796,0.5625299215316772,0.594241738319397,-0.059626735746860504,0.7481082677841187,0.5206718444824219,-0.0586199089884758,0.621014416217804,0.5202673077583313,-0.08095439523458481,0.55677330493927,0.5266133546829224,-0.08914116770029068,0.5079624652862549,0.5313421487808228,-0.09578035771846771,0.7448855638504028,0.6056995391845703,-0.07189840078353882,0.6121664643287659,0.6051011681556702,-0.1004311591386795,0.6459710597991943,0.6209233403205872,-0.09782049804925919,0.6906261444091797,0.6287340521812439,-0.09401256591081619,0.739102303981781,0.6930509805679321,-0.08207827806472778,0.6192799806594849,0.6827502846717834,-0.10770086944103241,0.6585643887519836,0.6938592195510864,-0.08595193177461624,0.6982421278953552,0.6978197693824768,-0.068743035197258,0.7287279367446899,0.779775857925415,-0.09134501218795776,0.6352155804634094,0.7506811022758484,-0.11074458807706833,0.667059600353241,0.755428671836853,-0.09428471326828003,0.698943555355072,0.7604150176048279,-0.08045967668294907,G
0.8631301522254944,0.7380189895629883,-1.4594847641546949e-07,0.8202580809593201,0.6408361196517944,-0.0073152282275259495,0.7277333736419678,0.5730299353599548,-0.025649262592196465,0.6309589147567749,0.5830675959587097,-0.04052083194255829,0.5593835711479187,0.5866129398345947,-0.056788038462400436,0.7379995584487915,0.5180225968360901,-0.05801582708954811,0.6117833256721497,0.52262282371521,-0.07828601449728012,0.548143744468689,0.5305821299552917,-0.08566403388977051,0.4986593723297119,0.536106288433075,-0.09200073778629303,0.733350396156311,0.6043461561203003,-0.06919461488723755,0.6105920076370239,0.6066297292709351,-0.0939384326338768,0.6457726359367371,0.6189406514167786,-0.09005814790725708,0.6889427304267883,0.6240148544311523,-0.08644833415746689,0.7282872796058655,0.6926096081733704,-0.07739121466875076,0.615187406539917,0.6829099655151367,-0.09949583560228348,0.6564560532569885,0.6928176283836365,-0.0772252306342125,0.6953667998313904,0.6959258317947388,-0.060829419642686844,0.7204616069793701,0.779742419719696,-0.08489679545164108,0.6323311924934387,0.7501351833343506,-0.10204456001520157,0.6658447980880737,0.7538819313049316,-0.0853564441204071,0.6965587139129639,0.7581905722618103,-0.07187694311141968,G
0.8490927219390869,0.7594541311264038,-4.657123753304404e-08,0.8070499897003174,0.6558035016059875,-0.012364852242171764,0.7083723545074463,0.5772513747215271,-0.028703337535262108,0.6134135723114014,0.5679384469985962,-0.0399196520447731,0.5434113144874573,0.5809507369995117,-0.05311138927936554,0.7225029468536377,0.5598976612091064,-0.06778958439826965,0.6037837266921997,0.5646360516548157,-0.08961805701255798,0.538191020488739,0.5709460973739624,-0.09718115627765656,0.4846802353858948,0.5791739821434021,-0.10332010686397552,0.7186182737350464,0.6495904326438904,-0.07571195811033249,0.6001204252243042,0.6437347531318665,-0.10090816020965576,0.630092978477478,0.6494030356407166,-0.09555239230394363,0.670539915561676,0.6561018824577332,-0.09118671715259552,0.715053141117096,0.7387307286262512,-0.08067832887172699,0.6046230792999268,0.720130443572998,-0.10143140703439713,0.6389344334602356,0.7230316996574402,-0.07759694010019302,0.6759846210479736,0.7283986806869507,-0.06078638508915901,0.7091972231864929,0.8235712051391602,-0.08569521456956863,0.6231692433357239,0.7888389825820923,-0.09953045099973679,0.652897834777832,0.7867608666419983,-0.08113832026720047,0.6835607886314392,0.7944908142089844,-0.06767170131206512,G
0.8473948836326599,0.6936218738555908,-1.3973586021620577e-07,0.802861213684082,0.6020286083221436,-0.0063277422450482845,0.7132703065872192,0.5381149053573608,-0.021408798173069954,0.6226922869682312,0.5474989414215088,-0.03439158573746681,0.555816113948822,0.5576369762420654,-0.04900280013680458,0.7166017293930054,0.4898908734321594,-0.049239058047533035,0.6014708876609802,0.4938630163669586,-0.07024043798446655,0.5390563607215881,0.5048623085021973,-0.07859783619642258,0.4914640486240387,0.5121652483940125,-0.0846172347664833,0.7157263159751892,0.5631190538406372,-0.05868104472756386,0.6043397784233093,0.5737720727920532,-0.08378355205059052,0.6273840069770813,0.5937143564224243,-0.08228815346956253,0.6628232598304749,0.5964035391807556,-0.07967910170555115,0.7135229110717773,0.6422887444496155,-0.06560580432415009,0.6048651337623596,0.646621823310852,-0.08765503019094467,0.6322395205497742,0.6628384590148926,-0.06926388293504715,0.6691164970397949,0.6651592254638672,-0.05439998582005501,0.7085214853286743,0.7243483066558838,-0.0719129741191864,0.6209070682525635,0.7081403136253357,-0.08717972785234451,0.6423320770263672,0.7123852968215942,-0.07265918701887131,0.6735171675682068,0.7163411378860474,-0.05990177020430565,G
0.8329666256904602,0.6198978424072266,-3.295829458238586e-07,0.7855204343795776,0.5338671207427979,0.003589108819141984,0.6992061734199524,0.48605164885520935,-0.00969602819532156,0.610582172870636,0.5017731189727783,-0.02336292341351509,0.5461249351501465,0.5128852128982544,-0.038032166659832,0.7006848454475403,0.3925929069519043,-0.028863683342933655,0.591735303401947,0.4096602201461792,-0.048570360988378525,0.5312581062316895,0.42109113931655884,-0.05908023566007614,0.48474621772766113,0.42845970392227173,-0.06786025315523148,0.6983246207237244,0.4533804953098297,-0.044089172035455704,0.5890325307846069,0.5046088099479675,-0.06768086552619934,0.6158426403999329,0.5300331711769104,-0.0661839172244072,0.6503879427909851,0.52679044008255,-0.06459443271160126,0.6952201128005981,0.5267870426177979,-0.057641658931970596,0.6001688838005066,0.5685432553291321,-0.07896334677934647,0.6313819885253906,0.587386965751648,-0.06262098997831345,0.6610183715820312,0.5784885883331299,-0.05054258927702904,0.690085232257843,0.6038142442703247,-0.07015831023454666,0.6154474020004272,0.619745671749115,-0.08464676141738892,0.6416585445404053,0.6354268193244934,-0.07189541310071945,0.6666883826255798,0.6315386295318604,-0.06125842034816742,G
0.8467102646827698,0.6075559258460999,-3.160317589845363e-07,0.8015884160995483,0.517369270324707,0.002626025816425681,0.7156378626823425,0.4619021713733673,-0.01286966074258089,0.623110830783844,0.4806368947029114,-0.0286120492964983,0.557213544845581,0.5004094839096069,-0.04599442705512047,0.7162123322486877,0.3734370470046997,-0.03267247602343559,0.6070786714553833,0.39949604868888855,-0.05231688916683197,0.5478432178497314,0.41351428627967834,-0.0633503645658493,0.5019229054450989,0.42149537801742554,-0.07366568595170975,0.7139539122581482,0.43607959151268005,-0.04823813959956169,0.605120062828064,0.4908469319343567,-0.07151376456022263,0.6354255080223083,0.5140069127082825,-0.07125962525606155,0.669990599155426,0.5080774426460266,-0.07210689783096313,0.7114614248275757,0.5098071098327637,-0.06174645200371742,0.6132376194000244,0.5555973052978516,-0.08198842406272888,0.6476566791534424,0.5737369656562805,-0.06632338464260101,0.6795053482055664,0.5629224181175232,-0.056489355862140656,0.7073467969894409,0.588563084602356,-0.07438743114471436,0.6287676095962524,0.6104136109352112,-0.09052133560180664,0.6564843058586121,0.6247897744178772,-0.07943396270275116,0.6834743022918701,0.6179456114768982,-0.07060452550649643,G
0.8246262073516846,0.6033573746681213,-2.84734738897896e-07,0.7814682126045227,0.5120763778686523,0.001997077837586403,0.6985645294189453,0.4535444378852844,-0.012594199739396572,0.6106047034263611,0.4569990038871765,-0.02739787846803665,0.5448631048202515,0.4574708044528961,-0.04383710026741028,0.6975580453872681,0.3765794038772583,-0.03518160060048103,0.5875701904296875,0.3936867117881775,-0.05559433251619339,0.5280247926712036,0.40636110305786133,-0.06601706147193909,0.48399287462234497,0.41457533836364746,-0.07459905743598938,0.6955525875091553,0.44191327691078186,-0.05051358789205551,0.5868822932243347,0.48415112495422363,-0.07262957841157913,0.6133485436439514,0.5043477416038513,-0.07091853022575378,0.6472605466842651,0.5003683567047119,-0.07041212916374207,0.6934109926223755,0.517724871635437,-0.06408959627151489,0.5933003425598145,0.5491846799850464,-0.08484204858541489,0.6263173818588257,0.566154420375824,-0.06783728301525116,0.6582136750221252,0.5583652853965759,-0.05623150244355202,0.6895951628684998,0.5969955325126648,-0.07674535363912582,0.60810786485672,0.6067006587982178,-0.09252378344535828,0.6327324509620667,0.6200942397117615,-0.08007949590682983,0.657584547996521,0.6164482235908508,-0.07000547647476196,G
0.8282179236412048,0.6032805442810059,-3.248873383654427e-07,0.7834105491638184,0.5069770216941833,0.005990834441035986,0.6997048854827881,0.44498226046562195,-0.008631168864667416,0.6088370084762573,0.4501006603240967,-0.023736853152513504,0.5429431796073914,0.4580731689929962,-0.04113534092903137,0.6980600357055664,0.3649075925350189,-0.03890933468937874,0.583166778087616,0.38126373291015625,-0.06073033809661865,0.5216042995452881,0.39446547627449036,-0.07221098244190216,0.4747902452945709,0.40260669589042664,-0.08169519156217575,0.692488968372345,0.4337145686149597,-0.05605682358145714,0.583439826965332,0.47802889347076416,-0.07861694693565369,0.6128393411636353,0.5020953416824341,-0.07595313340425491,0.6497375965118408,0.49830910563468933,-0.07534043490886688,0.687336802482605,0.5126824378967285,-0.07060353457927704,0.5888285040855408,0.5445454120635986,-0.08919248729944229,0.6223275661468506,0.5647282600402832,-0.07009317725896835,0.6556360125541687,0.5563247799873352,-0.05835403874516487,0.6816824674606323,0.5944828987121582,-0.08402060717344284,0.6040646433830261,0.6047821640968323,-0.09730448573827744,0.6305207014083862,0.6203793883323669,-0.08283299207687378,0.6567127108573914,0.6161373257637024,-0.07192526757717133,G
0.8427521586418152,0.6158208847045898,-3.318141352792736e-07,0.7962571978569031,0.5224032402038574,0.004959988407790661,0.7048368453979492,0.45958641171455383,-0.010209210216999054,0.6089267730712891,0.47221532464027405,-0.025621626526117325,0.5399171710014343,0.48272761702537537,-0.04313860088586807,0.7100768089294434,0.38259780406951904,-0.040791355073451996,0.5941122770309448,0.40104368329048157,-0.06241131201386452,0.5312120914459229,0.41839325428009033,-0.07360944151878357,0.48418062925338745,0.4307614266872406,-0.08325614035129547,0.7080591917037964,0.45500901341438293,-0.05764752998948097,0.5931219458580017,0.4980108439922333,-0.08134233206510544,0.623893678188324,0.5192976593971252,-0.0793902650475502,0.6615583300590515,0.513422966003418,-0.07929404824972153,0.7058912515640259,0.5349875688552856,-0.0715247094631195,0.6013669371604919,0.5660144686698914,-0.09172282367944717,0.6380573511123657,0.5810486078262329,-0.07276434451341629,0.6741043925285339,0.5719308257102966,-0.06085255369544029,0.7026230692863464,0.6162068843841553,-0.08409155160188675,0.6215797066688538,0.6243635416030884,-0.0995941311120987,0.6503157615661621,0.6347099542617798,-0.08550351113080978,0.679070770740509,0.6287527084350586,-0.07461226731538773,G
0.8225939869880676,0.6645588874816895,-1.547971351101296e-07,0.7787072658538818,0.5656342506408691,-0.0042061228305101395,0.6880922317504883,0.49588215351104736,-0.018351076170802116,0.5958653688430786,0.49718061089515686,-0.03030136600136757,0.5303552746772766,0.5011191368103027,-0.04385557025671005,0.6894006729125977,0.44774365425109863,-0.04453147202730179,0.5739903450012207,0.4574979245662689,-0.06486012041568756,0.5113216638565063,0.4683312475681305,-0.07474332302808762,0.46216753125190735,0.4763714671134949,-0.08269032090902328,0.6821260452270508,0.5287193655967712,-0.05571335181593895,0.5723749399185181,0.542781412601471,-0.07883729040622711,0.6001147031784058,0.5579540729522705,-0.07757047563791275,0.6379408836364746,0.5591233968734741,-0.07611172646284103,0.6773558855056763,0.6115148067474365,-0.06448617577552795,0.5759707093238831,0.6159621477127075,-0.08422214537858963,0.6090852618217468,0.6278449892997742,-0.06487112492322922,0.6445789933204651,0.6280636191368103,-0.05107584968209267,0.6736769676208496,0.6940681338310242,-0.07280118763446808,0.5948550701141357,0.682152509689331,-0.08661011606454849,0.623539924621582,0.6885838508605957,-0.07072630524635315,0.6527037024497986,0.6892073154449463,-0.05806461721658707,G
0.8129177093505859,0.6579601764678955,-1.826906839141884e-07,0.769257664680481,0.5603451132774353,-0.0050397454760968685,0.6744357943534851,0.4956711530685425,-0.018116578459739685,0.5802735090255737,0.5005336999893188,-0.028688954189419746,0.5129939913749695,0.5080844163894653,-0.04089950770139694,0.6751550436019897,0.4526776969432831,-0.048475611954927444,0.5608943104743958,0.4614536762237549,-0.06882626563310623,0.5008463859558105,0.47215110063552856,-0.07674706727266312,0.4542562961578369,0.48088735342025757,-0.08284951746463776,0.6709014773368835,0.53048175573349,-0.058591000735759735,0.5608125925064087,0.5485495328903198,-0.08103474229574203,0.5885977745056152,0.5645939707756042,-0.07654145359992981,0.6247832775115967,0.5654969215393066,-0.0727318823337555,0.6693967580795288,0.6119545698165894,-0.0664011761546135,0.568473219871521,0.6181304454803467,-0.0861653983592987,0.6026627421379089,0.6297168731689453,-0.06549734622240067,0.6378247141838074,0.6291562914848328,-0.050495512783527374,0.6678888201713562,0.6936711668968201,-0.07371905446052551,0.5919893383979797,0.6827934384346008,-0.08750048279762268,0.6203327775001526,0.6870728135108948,-0.07214608043432236,0.64776211977005,0.6875106692314148,-0.05985850468277931,G
0.8342275619506836,0.6348512768745422,-2.2120829612504167e-07,0.7892318367958069,0.5422708988189697,-0.0031466514337807894,0.7008829712867737,0.48499757051467896,-0.017283402383327484,0.6099292635917664,0.49418768286705017,-0.029916755855083466,0.5434051156044006,0.4957767724990845,-0.043747756630182266,0.6992019414901733,0.4174773693084717,-0.03971630334854126,0.5866319537162781,0.4331454634666443,-0.05992446839809418,0.5254260301589966,0.4468335509300232,-0.06952666491270065,0.4771479666233063,0.45594295859336853,-0.07749518752098083,0.6942579746246338,0.4903354346752167,-0.05156112089753151,0.5855214595794678,0.520032525062561,-0.07536374777555466,0.6154184341430664,0.5385869145393372,-0.07374937832355499,0.6529845595359802,0.5375540256500244,-0.0717758759856224,0.6912215948104858,0.5698831677436829,-0.061523567885160446,0.5920304656028748,0.589602530002594,-0.08309459686279297,0.6275727152824402,0.605893075466156,-0.06445445120334625,0.6625772714614868,0.6027578711509705,-0.05042465403676033,0.6883103847503662,0.6518288850784302,-0.0709189847111702,0.6119717359542847,0.6534120440483093,-0.08656636625528336,0.6410655975341797,0.6627588272094727,-0.07271847873926163,0.6682805418968201,0.6596364974975586,-0.06090870499610901,G
0.8550729155540466,0.6314430832862854,-2.610908040878712e-07,0.80885910987854,0.5384920239448547,0.000470830564154312,0.7190194129943848,0.482284277677536,-0.014030113816261292,0.6286430358886719,0.49327296018600464,-0.028495965525507927,0.5605480074882507,0.49663203954696655,-0.044764332473278046,0.7187386155128479,0.41075313091278076,-0.038665324449539185,0.6028088927268982,0.4304584264755249,-0.059616394340991974,0.5410945415496826,0.44469887018203735,-0.07010996341705322,0.4949985146522522,0.4527081847190857,-0.07899186760187149,0.7180162072181702,0.4829903244972229,-0.053827811032533646,0.6085460186004639,0.5209395289421082,-0.07849666476249695,0.6392643451690674,0.5375694036483765,-0.07805454730987549,0.6775112748146057,0.5322058796882629,-0.07778974622488022,0.7184552550315857,0.5636779069900513,-0.06683522462844849,0.6165650486946106,0.5899415612220764,-0.08969268202781677,0.653275191783905,0.6038991212844849,-0.07210064679384232,0.6893539428710938,0.5969033241271973,-0.05943562835454941,0.7180092930793762,0.6472645401954651,-0.07891293615102768,0.6384510397911072,0.6517536044120789,-0.09685907512903214,0.6674551367759705,0.6603980660438538,-0.08399086445569992,0.6961646676063538,0.6555203795433044,-0.07302217185497284,G
0.8689322471618652,0.6274179220199585,-2.7875174168912054e-07,0.8211122155189514,0.5365170240402222,0.0046166530810296535,0.7320351600646973,0.4812723696231842,-0.010895917192101479,0.6409984827041626,0.4935755729675293,-0.026998847723007202,0.5718172192573547,0.4994821548461914,-0.04518808797001839,0.7313154339790344,0.4030265212059021,-0.04073937609791756,0.612836480140686,0.4296952784061432,-0.06084587424993515,0.5516457557678223,0.4472672939300537,-0.07088896632194519,0.5062317252159119,0.4579055905342102,-0.07981406152248383,0.7321147918701172,0.4750994145870209,-0.05762453377246857,0.6216572523117065,0.520311176776886,-0.08016470819711685,0.6539096236228943,0.5348897576332092,-0.07796765118837357,0.6922369003295898,0.5269998908042908,-0.07774975150823593,0.732946515083313,0.5552816390991211,-0.0716162919998169,0.632600724697113,0.5875535011291504,-0.08997146785259247,0.6694660186767578,0.5998650193214417,-0.07108287513256073,0.7041540145874023,0.5903985500335693,-0.05962385982275009,0.7322250604629517,0.6372195482254028,-0.08452603220939636,0.6540071964263916,0.6451528072357178,-0.0986536368727684,0.6824489831924438,0.6534400582313538,-0.08506186306476593,0.709557831287384,0.6471145153045654,-0.07485748827457428,G
0.8764523863792419,0.6228955388069153,-2.8557104769788566e-07,0.8262499570846558,0.5348299741744995,0.004293675534427166,0.7351732850074768,0.4812966287136078,-0.012289788573980331,0.6439375281333923,0.4940977692604065,-0.029574520885944366,0.5738898515701294,0.49974772334098816,-0.048875659704208374,0.7406802177429199,0.4001884460449219,-0.041119907051324844,0.6235721111297607,0.4283858835697174,-0.06213779002428055,0.5626147389411926,0.44581669569015503,-0.0728551521897316,0.5174723863601685,0.4556579291820526,-0.08229897171258926,0.7423985004425049,0.4718777537345886,-0.05855841934680939,0.6290915012359619,0.5167140364646912,-0.082523413002491,0.6600655913352966,0.5324649214744568,-0.08066248893737793,0.6980407238006592,0.5245612263679504,-0.08047094941139221,0.7436324954032898,0.5511888265609741,-0.07321424782276154,0.6392523646354675,0.5840855836868286,-0.09269934892654419,0.6749030351638794,0.5967287421226501,-0.07340166717767715,0.7100233435630798,0.5866317749023438,-0.061469338834285736,0.7430387735366821,0.631951630115509,-0.08684806525707245,0.661228597164154,0.641564130783081,-0.1019420474767685,0.6882848143577576,0.6495270729064941,-0.08835484832525253,0.7162624001502991,0.6421365141868591,-0.07807580381631851,G
0.8804704546928406,0.612397313117981,-3.21473351050372e-07,0.8297435641288757,0.523585319519043,0.00664182286709547,0.7409427165985107,0.4753568768501282,-0.00858206208795309,0.6513798236846924,0.49048691987991333,-0.02514674887061119,0.5841594338417053,0.49995216727256775,-0.04403208941221237,0.7430967688560486,0.3966224193572998,-0.03694896399974823,0.6292331218719482,0.4259108006954193,-0.05889994278550148,0.5684346556663513,0.4434269666671753,-0.07029720395803452,0.5233426690101624,0.454750120639801,-0.07978315651416779,0.7465783357620239,0.4628421366214752,-0.05521726980805397,0.6344926357269287,0.5116845965385437,-0.07959986478090286,0.6648908853530884,0.5291378498077393,-0.0781601071357727,0.7016041278839111,0.5216301679611206,-0.07793111354112625,0.7498311400413513,0.5385499596595764,-0.07084190100431442,0.644895076751709,0.5751692652702332,-0.09188158810138702,0.6795892119407654,0.5877617001533508,-0.07360103726387024,0.7141901254653931,0.5767748951911926,-0.061557237058877945,0.7513547539710999,0.6176398396492004,-0.08504742383956909,0.6645501255989075,0.6317229270935059,-0.10087355971336365,0.6895962953567505,0.6396570801734924,-0.08735590428113937,0.717414140701294,0.6320756673812866,-0.07671351730823517,G
0.817707896232605,0.7051193714141846,-1.208276643183126e-07,0.7683475613594055,0.6053256392478943,0.01903388649225235,0.6926787495613098,0.5634650588035583,0.021573754027485847,0.6281548738479614,0.5678344368934631,0.021594353020191193,0.5878012776374817,0.5873672962188721,0.018633807078003883,0.6438040137290955,0.5446150302886963,-0.012093257158994675,0.5538753271102905,0.5512126684188843,-0.013687634840607643,0.5068963766098022,0.5613061189651489,-0.013924757018685341,0.4699048101902008,0.5737589597702026,-0.01527407206594944,0.6330502033233643,0.6165724396705627,-0.023874454200267792,0.5797669291496277,0.6203624606132507,-0.018016722053289413,0.6061702370643616,0.6255333423614502,-0.006328511517494917,0.6349373459815979,0.6279632449150085,-0.0020673000253736973,0.6371592879295349,0.6908140778541565,-0.031754519790410995,0.5915402173995972,0.681702196598053,-0.02154732123017311,0.6179729700088501,0.6851896047592163,-0.002516919281333685,0.6449788808822632,0.6896619200706482,0.004234977066516876,0.6495465636253357,0.7624465823173523,-0.03831068053841591,0.6137019395828247,0.7462351322174072,-0.027971597388386726,0.6390639543533325,0.743543803691864,-0.009739150293171406,0.6620891094207764,0.7460235357284546,0.0012800366384908557,G
0.9119408130645752,0.7684735655784607,-1.2458281162253115e-07,0.8667780160903931,0.6741452217102051,-0.004597941879183054,0.7744494080543518,0.6146074533462524,-0.019277742132544518,0.6828153133392334,0.632621705532074,-0.03163764625787735,0.6181374192237854,0.648113489151001,-0.04536516219377518,0.7790642380714417,0.5669535994529724,-0.04542932286858559,0.6665329337120056,0.5798096060752869,-0.06514188647270203,0.6048792004585266,0.591787576675415,-0.07392897456884384,0.5563279986381531,0.6017824411392212,-0.08113853633403778,0.7737051844596863,0.649212658405304,-0.057017676532268524,0.6601927280426025,0.6553635597229004,-0.08047322928905487,0.6913900375366211,0.6644870042800903,-0.079640693962574,0.7316863536834717,0.6668209433555603,-0.07776801288127899,0.7713899612426758,0.7323765754699707,-0.06580615043640137,0.6677119135856628,0.727322518825531,-0.08581110090017319,0.7026023268699646,0.73295658826828,-0.06627808511257172,0.7395057082176208,0.7360154986381531,-0.051533833146095276,0.7691503763198853,0.8157330751419067,-0.07400639355182648,0.687802791595459,0.7939199209213257,-0.08765409141778946,0.7158077359199524,0.7936830520629883,-0.07116028666496277,0.74501633644104,0.7975329756736755,-0.057908833026885986,G
0.989189624786377,0.5114550590515137,-3.7168524613662157e-07,0.9397316575050354,0.41771259903907776,0.0016863022465258837,0.845106303691864,0.36182457208633423,-0.017335740849375725,0.7460047602653503,0.38459262251853943,-0.03686680272221565,0.674598753452301,0.40024521946907043,-0.05804842710494995,0.8485291004180908,0.2660330832004547,-0.03872879967093468,0.7276871204376221,0.3082413077354431,-0.06287593394517899,0.661561906337738,0.3348744511604309,-0.07610058784484863,0.6126589775085449,0.35273346304893494,-0.08814726769924164,0.85237717628479,0.33308282494544983,-0.05644844099879265,0.7293940782546997,0.4050852656364441,-0.08446430414915085,0.7652549147605896,0.4287799894809723,-0.08383137732744217,0.8047346472740173,0.4181571900844574,-0.08513812720775604,0.8544734716415405,0.4129631221294403,-0.07242812216281891,0.7367316484451294,0.47408726811408997,-0.09905292093753815,0.7781955599784851,0.49134010076522827,-0.08104975521564484,0.8165922164916992,0.4746599495410919,-0.0695476308465004,0.8549254536628723,0.4986149072647095,-0.08741630613803864,0.7593884468078613,0.534142255783081,-0.11147899180650711,0.7919527292251587,0.5471680164337158,-0.10095908492803574,0.8240111470222473,0.5347310900688171,-0.09192687273025513,G
0.8429553508758545,0.8264843225479126,-2.7816807346425776e-07,0.8118937015533447,0.7436370849609375,-0.0006694990443065763,0.7426433563232422,0.6756369471549988,-0.017948701977729797,0.6677615642547607,0.6569106578826904,-0.0344124473631382,0.6112795472145081,0.6576738953590393,-0.05401553958654404,0.7624551653862,0.6249083876609802,-0.05644289404153824,0.6595358848571777,0.6306244134902954,-0.07998420298099518,0.6022780537605286,0.6402819156646729,-0.09032745659351349,0.5599907636642456,0.6543948650360107,-0.09847579151391983,0.7692456841468811,0.6888440847396851,-0.07136215269565582,0.6512225270271301,0.7027336359024048,-0.09267797321081161,0.6753137707710266,0.717548668384552,-0.08698270469903946,0.7095853090286255,0.7166923880577087,-0.08566529303789139,0.7714959979057312,0.760448157787323,-0.08374425768852234,0.6602123379707336,0.7612054347991943,-0.10591532289981842,0.6880530714988708,0.7703750729560852,-0.08741626143455505,0.7225425839424133,0.7682088613510132,-0.07549333572387695,0.7689181566238403,0.83131343126297,-0.09493585675954819,0.6736449599266052,0.8153381943702698,-0.11523830145597458,0.6923618912696838,0.8182035088539124,-0.10313380509614944,0.7228010892868042,0.8191317319869995,-0.09363272041082382,G
0.8683876395225525,0.7898752093315125,-3.355770843427308e-07,0.8186336159706116,0.7156775593757629,-0.004420325625687838,0.7525040507316589,0.6552844047546387,-0.027292072772979736,0.68439120054245,0.6434529423713684,-0.0502716600894928,0.6280719637870789,0.6310442686080933,-0.07397481799125671,0.7993064522743225,0.5631992816925049,-0.050318822264671326,0.7023245096206665,0.5698807239532471,-0.07848116755485535,0.6498591899871826,0.5798804759979248,-0.09277079999446869,0.6139092445373535,0.5910136699676514,-0.10358128696680069,0.8137083649635315,0.6142001748085022,-0.06573286652565002,0.6995716094970703,0.6412357687950134,-0.09385168552398682,0.7171553373336792,0.6706961989402771,-0.09385359287261963,0.746902585029602,0.6741144061088562,-0.09650987386703491,0.8196787238121033,0.6782876253128052,-0.08024101704359055,0.7047556638717651,0.698573887348175,-0.10607047379016876,0.7292271852493286,0.721913754940033,-0.09045770764350891,0.7610552906990051,0.7186709046363831,-0.08148881793022156,0.820813775062561,0.7433261275291443,-0.09432747960090637,0.7266111373901367,0.7438810467720032,-0.11734621971845627,0.7419448494911194,0.7605014443397522,-0.10782023519277573,0.7702820897102356,0.7615110874176025,-0.10024600476026535,G
0.9349454641342163,0.8956651091575623,-1.2669610782722884e-07,0.8971614837646484,0.8084397912025452,-0.00862655695527792,0.8078740835189819,0.7391483187675476,-0.03122035600244999,0.721717894077301,0.7189915776252747,-0.05077829584479332,0.6562403440475464,0.7084347605705261,-0.07357357442378998,0.8463608026504517,0.7047773599624634,-0.07779358327388763,0.7306110262870789,0.7114264965057373,-0.10733617097139359,0.6662275195121765,0.7219251990318298,-0.11984597146511078,0.6153787970542908,0.7378510236740112,-0.12919767200946808,0.8512277603149414,0.783682107925415,-0.09176859259605408,0.7171960473060608,0.7793038487434387,-0.1210237592458725,0.7460403442382812,0.780112087726593,-0.11631636321544647,0.7866925001144409,0.7803714871406555,-0.11440049111843109,0.8521112203598022,0.8625891804695129,-0.10267189890146255,0.7231768369674683,0.8462463617324829,-0.129258930683136,0.7560579180717468,0.8471474051475525,-0.10560391843318939,0.7967124581336975,0.8483234643936157,-0.08934788405895233,0.8473260402679443,0.9378020763397217,-0.11311347037553787,0.7423565983772278,0.9120417833328247,-0.1361415833234787,0.7671952247619629,0.9062999486923218,-0.12132012099027634,0.802412211894989,0.9082795977592468,-0.11011140048503876,G
0.9301495552062988,0.9099382162094116,-3.210996339930716e-07,0.8819209933280945,0.818623960018158,-0.002978153293952346,0.7961372137069702,0.7429407238960266,-0.02483035996556282,0.7054786682128906,0.731772780418396,-0.04622196406126022,0.6381789445877075,0.72955322265625,-0.06981444358825684,0.8408311009407043,0.6812362670898438,-0.055149730294942856,0.7276265621185303,0.6832189559936523,-0.08890015631914139,0.6624855399131775,0.6992737650871277,-0.10834714770317078,0.6146523952484131,0.7216710448265076,-0.12240870296955109,0.8508400917053223,0.7537961006164551,-0.07297012954950333,0.7187509536743164,0.7656155824661255,-0.10348880290985107,0.7484939694404602,0.7861073613166809,-0.10304276645183563,0.7878350019454956,0.7847797274589539,-0.1054036095738411,0.8548313975334167,0.8329178690910339,-0.08937235921621323,0.7254116535186768,0.8313106298446655,-0.12110760807991028,0.7607247829437256,0.8472533226013184,-0.10042263567447662,0.8010437488555908,0.844318151473999,-0.08623851835727692,0.8519302010536194,0.9119910597801208,-0.10469212383031845,0.7461544275283813,0.897558331489563,-0.13192908465862274,0.7719199061393738,0.9072515964508057,-0.11753000319004059,0.8067888617515564,0.9073243737220764,-0.10599057376384735,G
0.8698974847793579,0.8023389577865601,-1.8638777987689537e-07,0.8290387988090515,0.7077134847640991,-0.005529066547751427,0.7358133792877197,0.6392768621444702,-0.030695147812366486,0.6399382948875427,0.6377386450767517,-0.05329171195626259,0.5697693824768066,0.6455135345458984,-0.07953564077615738,0.7764043807983398,0.5916320085525513,-0.08193904906511307,0.6497393250465393,0.5975676774978638,-0.10975596308708191,0.5839075446128845,0.6140578389167786,-0.1210763230919838,0.5363332033157349,0.6324511170387268,-0.13019202649593353,0.7803700566291809,0.677517294883728,-0.09708351641893387,0.6447908878326416,0.6793129444122314,-0.12279511243104935,0.6745949983596802,0.6861388087272644,-0.11535350978374481,0.7145594954490662,0.6840593814849854,-0.11379915475845337,0.7792631387710571,0.7627126574516296,-0.10837294906377792,0.649649977684021,0.74458909034729,-0.13134559988975525,0.6843730211257935,0.7486094236373901,-0.10548795014619827,0.7240164875984192,0.7510257363319397,-0.09021566063165665,0.7725258469581604,0.8439923524856567,-0.11884105205535889,0.6641496419906616,0.8119613528251648,-0.13975831866264343,0.6879293918609619,0.8088089227676392,-0.12297414988279343,0.722212553024292,0.8131300806999207,-0.11151842027902603,G
0.8595326542854309,0.7956159114837646,-3.1231195407599444e-07,0.8098475933074951,0.7121586799621582,0.0007728959317319095,0.729012668132782,0.6551096439361572,-0.02133295126259327,0.643917441368103,0.6561662554740906,-0.044215694069862366,0.5791463851928711,0.6565430760383606,-0.06911475211381912,0.7601391673088074,0.572627604007721,-0.053584322333335876,0.6481829285621643,0.5861042141914368,-0.07870299369096756,0.5858554244041443,0.6031360030174255,-0.08935729414224625,0.5422399640083313,0.6214013695716858,-0.09810705482959747,0.770126223564148,0.6402785778045654,-0.07276386767625809,0.6444482207298279,0.6673369407653809,-0.09829560667276382,0.670984148979187,0.68846595287323,-0.09400585293769836,0.7068815231323242,0.6862069368362427,-0.09346868097782135,0.774469792842865,0.7171541452407837,-0.08956794440746307,0.6522974967956543,0.730935275554657,-0.11417309194803238,0.6846476197242737,0.7430405616760254,-0.09275999665260315,0.7214744687080383,0.7382705211639404,-0.07940059155225754,0.7730373740196228,0.7952315211296082,-0.10541897267103195,0.6703935861587524,0.7885347604751587,-0.12812553346157074,0.6895908117294312,0.7936720848083496,-0.11473757028579712,0.7195762395858765,0.7914270758628845,-0.10428106039762497,G
0.8402983546257019,0.7203130722045898,-1.76897344772442e-07,0.801927924156189,0.6021323204040527,-0.009604344144463539,0.6866165995597839,0.5224153995513916,-0.03540518507361412,0.5721793174743652,0.5315632224082947,-0.05566508695483208,0.4915623068809509,0.5459335446357727,-0.0797838345170021,0.7331169247627258,0.4805508852005005,-0.10002122074365616,0.5811273455619812,0.49349451065063477,-0.13018551468849182,0.5017403960227966,0.5102199912071228,-0.14177027344703674,0.4412854313850403,0.5307234525680542,-0.1509876549243927,0.7322125434875488,0.5893036127090454,-0.1143268570303917,0.5652962327003479,0.5829972624778748,-0.14526058733463287,0.6015195250511169,0.5818108320236206,-0.1386246532201767,0.6537513136863708,0.5858570337295532,-0.1356046199798584,0.7283858060836792,0.6906028389930725,-0.12318477779626846,0.5719171762466431,0.6632279753684998,-0.14748691022396088,0.6143691539764404,0.6598820090293884,-0.11899889260530472,0.6620661020278931,0.6649964451789856,-0.10083919018507004,0.7208358645439148,0.7831364274024963,-0.13127043843269348,0.5951247811317444,0.7394002079963684,-0.15212668478488922,0.6247732043266296,0.7274519205093384,-0.13254742324352264,0.6635894179344177,0.7325765490531921,-0.11885365098714828,G
0.8295814394950867,0.8140780329704285,-2.2554955592113402e-07,0.7874423861503601,0.7137463688850403,0.001079401932656765,0.6948567032814026,0.6479864716529846,-0.010085927322506905,0.6114819645881653,0.6356565952301025,-0.01911700889468193,0.5546257495880127,0.6422606110572815,-0.031529784202575684,0.6835381984710693,0.6190540194511414,-0.06031828373670578,0.564485490322113,0.6355172395706177,-0.07921334356069565,0.5035983920097351,0.648131251335144,-0.08545521646738052,0.45402517914772034,0.658903956413269,-0.09066907316446304,0.686271607875824,0.7008520364761353,-0.07342763245105743,0.5692833662033081,0.7130925059318542,-0.0922103226184845,0.5998814105987549,0.7190958261489868,-0.08351767808198929,0.6397143006324768,0.7199395298957825,-0.07831814140081406,0.6908929347991943,0.7847982048988342,-0.08243445307016373,0.5801913738250732,0.7821080684661865,-0.09737350046634674,0.6143569946289062,0.7859246134757996,-0.07326187193393707,0.65299391746521,0.7870097160339355,-0.057771168649196625,0.6961905360221863,0.8665392994880676,-0.09050976485013962,0.5996818542480469,0.849497377872467,-0.1014239639043808,0.6260851621627808,0.846400797367096,-0.08251963555812836,0.6607527732849121,0.8496707081794739,-0.06886682659387589,G
0.814302384853363,0.8065825700759888,-1.9715773191819608e-07,0.7815552353858948,0.720918595790863,-0.004606608767062426,0.699677586555481,0.6550548076629639,-0.021003982052206993,0.6175552010536194,0.6470798850059509,-0.03455197438597679,0.5566571950912476,0.656924307346344,-0.05094228684902191,0.7153298258781433,0.618256151676178,-0.06217789649963379,0.6052179336547852,0.6256769895553589,-0.08362127095460892,0.5473811030387878,0.6353345513343811,-0.09094295650720596,0.503394603729248,0.6423858404159546,-0.09664703160524368,0.7164404988288879,0.6908618211746216,-0.07408884912729263,0.5963475704193115,0.6955490112304688,-0.0972089171409607,0.6219159364700317,0.709272027015686,-0.0917072594165802,0.659602701663971,0.7120532989501953,-0.08793662488460541,0.7157843112945557,0.7663687467575073,-0.08260777592658997,0.6060150265693665,0.7589056491851807,-0.10372733324766159,0.6356473565101624,0.7684298753738403,-0.08257147669792175,0.6714624166488647,0.7703908085823059,-0.06737184524536133,0.7118752598762512,0.8401603102684021,-0.09016232937574387,0.6190239191055298,0.8175130486488342,-0.10609405487775803,0.6413030028343201,0.8205408453941345,-0.08992522954940796,0.6731257438659668,0.824870765209198,-0.077450230717659,G
0.8444873690605164,0.8241042494773865,-1.8925237554867635e-07,0.8070247769355774,0.738510012626648,-0.0009250010480172932,0.7199764847755432,0.6852769255638123,-0.0174571443349123,0.6390911936759949,0.6875142455101013,-0.031185898929834366,0.5809672474861145,0.7019791603088379,-0.048562873154878616,0.7279679179191589,0.6488509774208069,-0.07235914468765259,0.6112719774246216,0.6657997369766235,-0.09434359520673752,0.5519648194313049,0.6793925762176514,-0.10178996622562408,0.5055599212646484,0.6920721530914307,-0.10764996707439423,0.735302209854126,0.7269763946533203,-0.08540896326303482,0.6179656982421875,0.7368529438972473,-0.10593970119953156,0.6451905965805054,0.7389818429946899,-0.09764484316110611,0.6827794313430786,0.735405683517456,-0.09383697062730789,0.740616500377655,0.8048310279846191,-0.0940154641866684,0.6301335692405701,0.8010700345039368,-0.11077212542295456,0.6629973649978638,0.8029574155807495,-0.08658953011035919,0.6994704604148865,0.8010332584381104,-0.07178537547588348,0.7435871362686157,0.8789296746253967,-0.10150090605020523,0.648773193359375,0.862043023109436,-0.1143622100353241,0.6734976172447205,0.8597272634506226,-0.09597564488649368,0.7058833241462708,0.8615502119064331,-0.08346927165985107,G
0.8643717765808105,0.7982064485549927,-3.426682724239072e-07,0.8162000775337219,0.7093305587768555,-0.0010530103463679552,0.7349094748497009,0.6435327529907227,-0.024828540161252022,0.6495789289474487,0.6318110227584839,-0.04980214685201645,0.585120677947998,0.6190884113311768,-0.0769345685839653,0.7804491519927979,0.5615363121032715,-0.05336110666394234,0.6727072596549988,0.5656134486198425,-0.08374332636594772,0.6092033982276917,0.5726621150970459,-0.09884995967149734,0.5650243163108826,0.5838654637336731,-0.11057887971401215,0.7919630408287048,0.6285322308540344,-0.07286941260099411,0.6632028222084045,0.6498086452484131,-0.10295816510915756,0.6876369714736938,0.6785584092140198,-0.10024264454841614,0.7231233716011047,0.6780261397361755,-0.10051237791776657,0.7967078685760498,0.7046867609024048,-0.09090206027030945,0.6694824695587158,0.7185659408569336,-0.12050150334835052,0.7005223035812378,0.7376505136489868,-0.09978717565536499,0.7377457022666931,0.7329113483428955,-0.08618011325597763,0.796244740486145,0.7803130745887756,-0.1079876571893692,0.6896506547927856,0.7752540111541748,-0.13365444540977478,0.7093591094017029,0.7861912250518799,-0.12049724161624908,0.7417396306991577,0.7839904427528381,-0.1098935604095459,G
0.889255940914154,0.7917933464050293,-2.7325475571160496e-07,0.8547518253326416,0.696610689163208,-3.2003117667045444e-05,0.7693255543708801,0.6328014731407166,-0.01741398684680462,0.6861057877540588,0.6275683045387268,-0.0324631966650486,0.6282673478126526,0.6385864615440369,-0.05087839812040329,0.7850261926651001,0.5830417275428772,-0.06934838742017746,0.6646493077278137,0.5924039483070374,-0.0923895463347435,0.6033660173416138,0.6086488962173462,-0.1028759777545929,0.5569513440132141,0.6240012645721436,-0.11116978526115417,0.7877140641212463,0.6618881821632385,-0.08371400088071823,0.6639822125434875,0.6711178421974182,-0.10245681554079056,0.6894322037696838,0.6783707141876221,-0.09493394941091537,0.7280791401863098,0.6776648163795471,-0.0934329554438591,0.787261962890625,0.741557240486145,-0.09410027414560318,0.6697598099708557,0.7301763296127319,-0.10948561131954193,0.6997898817062378,0.7366337776184082,-0.08692916482686996,0.7369194626808167,0.7377625703811646,-0.07458119094371796,0.7850797772407532,0.8168979287147522,-0.10361971706151962,0.6837970018386841,0.7931058406829834,-0.1173412874341011,0.7051113843917847,0.7922688722610474,-0.10095725953578949,0.7380169630050659,0.7956002354621887,-0.09019407629966736,G
0.8007760643959045,0.8295149207115173,-1.9742815027257166e-07,0.7573387622833252,0.7358525395393372,0.008898205123841763,0.6791150569915771,0.68646639585495,0.005812282674014568,0.6086214184761047,0.6904824376106262,0.002956561278551817,0.5638210773468018,0.7096807360649109,-0.0024135070852935314,0.6512383222579956,0.6556925773620605,-0.030334770679473877,0.5537291765213013,0.6634857654571533,-0.039138782769441605,0.502472996711731,0.6744327545166016,-0.041523873805999756,0.46067965030670166,0.687123715877533,-0.04374298080801964,0.6433416604995728,0.7257996797561646,-0.04081757739186287,0.5703347325325012,0.73454350233078,-0.04374339431524277,0.595800518989563,0.7421991229057312,-0.03276488929986954,0.6253100037574768,0.7439748644828796,-0.028004055842757225,0.642968475818634,0.7974804639816284,-0.048065610229969025,0.5763310790061951,0.7896769046783447,-0.04776989296078682,0.6026288270950317,0.7972408533096313,-0.027220381423830986,0.6296951770782471,0.8017617464065552,-0.01718394085764885,0.6474313139915466,0.8675607442855835,-0.054526522755622864,0.5873275995254517,0.8452980518341064,-0.051352616399526596,0.6109302639961243,0.845720648765564,-0.03245804086327553,0.6358492970466614,0.8520184755325317,-0.02044346183538437,G
0.8234627842903137,0.8274291753768921,-2.0261107636088127e-07,0.784592866897583,0.7397251725196838,0.003974271938204765,0.7040071487426758,0.6820496916770935,-0.005316277500241995,0.6305590867996216,0.6760290861129761,-0.013843118213117123,0.5788984894752502,0.6847853064537048,-0.0255123283714056,0.695429265499115,0.647976279258728,-0.04515485465526581,0.5926858186721802,0.6598235368728638,-0.060765258967876434,0.540014922618866,0.6705684065818787,-0.06681574881076813,0.49707552790641785,0.6801591515541077,-0.07197021692991257,0.6947418451309204,0.7203707695007324,-0.0578811913728714,0.598426878452301,0.7289743423461914,-0.07322090119123459,0.6258053183555603,0.7370565533638,-0.06660851091146469,0.6594039797782898,0.7390030026435852,-0.06302996724843979,0.6966652870178223,0.7940409183502197,-0.06711088120937347,0.605108380317688,0.7920841574668884,-0.07894972711801529,0.636391818523407,0.7986011505126953,-0.05836086720228195,0.6692565679550171,0.8000717759132385,-0.045651551336050034,0.69985032081604,0.8656260967254639,-0.07532726973295212,0.6220466494560242,0.8504487872123718,-0.08346063643693924,0.6473013162612915,0.8504125475883484,-0.06653709709644318,0.6760284900665283,0.8528274297714233,-0.05457984283566475,G
0.8803048133850098,0.8133744597434998,-2.5714803086884785e-07,0.8413240313529968,0.7296428084373474,0.00043130203266628087,0.7580426931381226,0.6746413707733154,-0.016240647062659264,0.6738088130950928,0.6784495115280151,-0.03295160457491875,0.6110665202140808,0.6782512664794922,-0.05211320146918297,0.7770716547966003,0.6056380271911621,-0.04483970254659653,0.6713364124298096,0.6130477786064148,-0.06557159125804901,0.6124640107154846,0.6197763681411743,-0.07583978772163391,0.5686678886413574,0.6239944696426392,-0.08501064777374268,0.7816377878189087,0.6744067072868347,-0.06118033453822136,0.6663044095039368,0.6919324398040771,-0.08480479568243027,0.6935216188430786,0.7074321508407593,-0.08330061286687851,0.7298115491867065,0.7067818641662598,-0.08337388932704926,0.7842539548873901,0.749773383140564,-0.07496508955955505,0.6753996014595032,0.7543517351150513,-0.09846667945384979,0.7068389654159546,0.765477180480957,-0.08057666569948196,0.741578996181488,0.7643277645111084,-0.06792480498552322,0.7820491790771484,0.8255600929260254,-0.08757301419973373,0.6892938017845154,0.8126606345176697,-0.10798933357000351,0.7109403014183044,0.8165454864501953,-0.09563494473695755,0.7406987547874451,0.8163267374038696,-0.08538304269313812,G
0.9046412110328674,0.8247281312942505,-2.408601176284719e-07,0.874174952507019,0.7225496172904968,-0.006038499530404806,0.7814699411392212,0.6529986262321472,-0.023955022916197777,0.6898328065872192,0.6450064182281494,-0.03816666826605797,0.6234139800071716,0.6455956697463989,-0.05565406754612923,0.801184892654419,0.6077547073364258,-0.07247337698936462,0.6775097250938416,0.6095718145370483,-0.0947817713022232,0.6111855506896973,0.6156267523765564,-0.10378963500261307,0.5595057606697083,0.6225000619888306,-0.11166346818208694,0.8014456033706665,0.6906430721282959,-0.08460648357868195,0.6724277138710022,0.6884993314743042,-0.10567811131477356,0.7020641565322876,0.6957595348358154,-0.09866596758365631,0.7434679269790649,0.6982377767562866,-0.09632565081119537,0.8000496029853821,0.7744228839874268,-0.09298023581504822,0.6798256635665894,0.7526644468307495,-0.11219628900289536,0.7130846381187439,0.7591512203216553,-0.08944963663816452,0.7510785460472107,0.7635530233383179,-0.07546158134937286,0.7960551381111145,0.8543004393577576,-0.10061611235141754,0.6932732462882996,0.8198910355567932,-0.11779095977544785,0.7182074785232544,0.8199312090873718,-0.10146881639957428,0.7526932954788208,0.8272436261177063,-0.08995766192674637,G
0.890009343624115,0.7908645272254944,-3.318070866953349e-07,0.8472842574119568,0.7050913572311401,0.001969357253983617,0.7665978074073792,0.6435223817825317,-0.014728782698512077,0.6848604083061218,0.6318372488021851,-0.032542478293180466,0.6217789649963379,0.6199915409088135,-0.05308357626199722,0.7983177900314331,0.5756474733352661,-0.04615972563624382,0.6913130879402161,0.5824268460273743,-0.0701804831624031,0.6330446600914001,0.5932830572128296,-0.08177812397480011,0.5938407778739929,0.6016288995742798,-0.09119275957345963,0.8061925172805786,0.6396787166595459,-0.06360717862844467,0.686981201171875,0.6629502177238464,-0.08858736604452133,0.7115262746810913,0.6820228099822998,-0.08605244755744934,0.7469971776008606,0.6786580085754395,-0.0862710028886795,0.8103694915771484,0.712768018245697,-0.0789542868733406,0.6948647499084473,0.7230117321014404,-0.10435640066862106,0.7240278124809265,0.7359214425086975,-0.0862908586859703,0.7596113085746765,0.7322767972946167,-0.07420305162668228,0.8102227449417114,0.7864436507225037,-0.09303019195795059,0.7129215002059937,0.7774168252944946,-0.1159878596663475,0.7301213145256042,0.7840592861175537,-0.10488592833280563,0.7600274682044983,0.78364497423172,-0.0956321582198143,G
0.8841792345046997,0.8157517313957214,-1.709033767838264e-07,0.8471410870552063,0.706464946269989,-0.008141426369547844,0.7470158934593201,0.6429628133773804,-0.02137025073170662,0.6511808633804321,0.6510758399963379,-0.02981329709291458,0.5810152292251587,0.657747745513916,-0.040542010217905045,0.7560332417488098,0.6089935898780823,-0.06013482064008713,0.640186607837677,0.6187904477119446,-0.07352221757173538,0.5801805257797241,0.6253393292427063,-0.07577810436487198,0.5323189496994019,0.6301096677780151,-0.07889389991760254,0.7549648880958557,0.6937444806098938,-0.06696034967899323,0.6424069404602051,0.6910871863365173,-0.07756476104259491,0.6696737408638,0.6952676177024841,-0.06580033153295517,0.7063776254653931,0.6990095376968384,-0.06044776365160942,0.7547906637191772,0.7768540978431702,-0.07076508551836014,0.6511467099189758,0.7565200328826904,-0.08158750087022781,0.6854729056358337,0.7606499195098877,-0.05857621133327484,0.7196348309516907,0.765845000743866,-0.0451161190867424,0.7510404586791992,0.8539693355560303,-0.07410243898630142,0.6633095741271973,0.8210008144378662,-0.08329625427722931,0.6918666362762451,0.8192001581192017,-0.06641265749931335,0.7220667004585266,0.8259526491165161,-0.055408984422683716,G
0.9071027636528015,0.8639563322067261,-2.1110137993218814e-07,0.8885370492935181,0.7518757581710815,-0.004503245465457439,0.7991154193878174,0.6651334166526794,-0.020508363842964172,0.706071674823761,0.6476746797561646,-0.03255939856171608,0.6406318545341492,0.6468057036399841,-0.04809071496129036,0.8118623495101929,0.6291164755821228,-0.07300375401973724,0.6844078302383423,0.6160333752632141,-0.09314918518066406,0.6162015795707703,0.6159675121307373,-0.10031113028526306,0.5617296695709229,0.6197196841239929,-0.10685029625892639,0.8029256463050842,0.7164081335067749,-0.08439188450574875,0.6750060319900513,0.6919624209403992,-0.10276789218187332,0.7042140364646912,0.6972760558128357,-0.0940992534160614,0.7447911500930786,0.705787181854248,-0.09064988791942596,0.7937671542167664,0.8017928600311279,-0.09141312539577484,0.675823450088501,0.7590916752815247,-0.10649113357067108,0.7101102471351624,0.7664888501167297,-0.08204182237386703,0.7480888962745667,0.7771203517913818,-0.06756499409675598,0.7840124368667603,0.8810772895812988,-0.09771185368299484,0.6860107183456421,0.8284085988998413,-0.11031144857406616,0.7126368284225464,0.8295272588729858,-0.09198465943336487,0.7459897994995117,0.8421294093132019,-0.07978786528110504,G
0.8238339424133301,0.7407286763191223,-3.138674173897016e-07,0.787558913230896,0.656264066696167,0.0036925978492945433,0.7104381918907166,0.6044542789459229,-0.011828790418803692,0.629287600517273,0.6131229400634766,-0.02812799997627735,0.5688140988349915,0.6222490072250366,-0.04670495539903641,0.7179260849952698,0.5295994281768799,-0.03846721723675728,0.616858184337616,0.5478299856185913,-0.05948770418763161,0.5614786148071289,0.5626859664916992,-0.07089003920555115,0.521521270275116,0.5726093649864197,-0.08039139211177826,0.7210178971290588,0.5891436338424683,-0.05421054735779762,0.6169812679290771,0.6196590065956116,-0.07525443285703659,0.638830304145813,0.6411877870559692,-0.07347238808870316,0.6694727540016174,0.6396598219871521,-0.07433164864778519,0.7226170301437378,0.6576147079467773,-0.06762561947107315,0.6222434639930725,0.6789929270744324,-0.087129607796669,0.6492383480072021,0.6952338814735413,-0.07049818336963654,0.6806293725967407,0.6906417608261108,-0.06023503094911575,0.7218178510665894,0.7277730107307434,-0.07987881451845169,0.6359823942184448,0.7304888367652893,-0.09602285176515579,0.6559720039367676,0.7412741184234619,-0.0840069130063057,0.6838822960853577,0.7398661375045776,-0.07479371130466461,G
0.8855892419815063,0.8866145014762878,-2.2334549498737033e-07,0.865233838558197,0.7835575342178345,-0.001814750605262816,0.7843395471572876,0.695243239402771,-0.017230922356247902,0.6970108151435852,0.6681798100471497,-0.029787784442305565,0.633383572101593,0.6650648713111877,-0.04584255442023277,0.7964305281639099,0.6595718860626221,-0.06432098150253296,0.6783835887908936,0.6453502178192139,-0.08554341644048691,0.6121928095817566,0.6471224427223206,-0.09446840733289719,0.5601341128349304,0.6524994373321533,-0.1019953265786171,0.7882442474365234,0.7379505038261414,-0.07707451283931732,0.6645574569702148,0.7142691612243652,-0.09658943861722946,0.6917065382003784,0.7255001068115234,-0.09006186574697495,0.7302497029304504,0.73582923412323,-0.08763252943754196,0.7797298431396484,0.8178991675376892,-0.08573635667562485,0.664662778377533,0.7803220748901367,-0.10298988223075867,0.6961833238601685,0.7915407419204712,-0.07994202524423599,0.733553409576416,0.8026637434959412,-0.06540244817733765,0.7698343992233276,0.8951863050460815,-0.09338807314634323,0.6737189292907715,0.8471361994743347,-0.10783921927213669,0.6978425979614258,0.8507919311523438,-0.09054186940193176,0.729812502861023,0.8628281354904175,-0.07817661017179489,G
0.9059759378433228,0.8758940696716309,-3.3346026384606375e-07,0.8618724346160889,0.7802292704582214,-3.767745874938555e-05,0.7754598259925842,0.7120314836502075,-0.02398960292339325,0.6832014918327332,0.7058501243591309,-0.0482499934732914,0.6132434606552124,0.7063466906547546,-0.07533381879329681,0.8063249588012695,0.6385476589202881,-0.062075212597846985,0.6924625635147095,0.6503391265869141,-0.09127642214298248,0.630739688873291,0.6663678884506226,-0.10527240484952927,0.5850762128829956,0.6846455931663513,-0.11662407964468002,0.8192633390426636,0.7118048071861267,-0.08128931373357773,0.6912579536437988,0.7392730116844177,-0.10701920837163925,0.7231534719467163,0.7579327821731567,-0.10084296762943268,0.7603686451911926,0.7515407204627991,-0.10125583410263062,0.8259859085083008,0.7920455932617188,-0.09834857285022736,0.6986633539199829,0.8021401762962341,-0.1243463084101677,0.7363941073417664,0.8157274723052979,-0.10085445642471313,0.7761192321777344,0.8093322515487671,-0.08774319291114807,0.8272595405578613,0.8700966238975525,-0.11433487385511398,0.7215303778648376,0.8641314506530762,-0.13900043070316315,0.7461345195770264,0.8717113137245178,-0.12519365549087524,0.7792739272117615,0.8686962723731995,-0.115572489798069,G
0.9027873873710632,0.7879505157470703,-2.3211812560930412e-07,0.8687067031860352,0.680907130241394,-0.0048806145787239075,0.769306480884552,0.609767496585846,-0.02463696338236332,0.6697276830673218,0.6066262722015381,-0.041228003799915314,0.5971384644508362,0.6020097136497498,-0.06084182858467102,0.8011654615402222,0.5631212592124939,-0.0716947689652443,0.6719558238983154,0.5684171915054321,-0.09537238627672195,0.6013599634170532,0.5805968046188354,-0.10589082539081573,0.5474083423614502,0.5931425094604492,-0.11530108004808426,0.7987354397773743,0.652464747428894,-0.085188128054142,0.6601324081420898,0.6487076282501221,-0.1086074635386467,0.6910887956619263,0.6541140079498291,-0.1032513901591301,0.7350572347640991,0.6551570296287537,-0.10226567089557648,0.7949785590171814,0.7395715713500977,-0.0946393609046936,0.6659387946128845,0.718201220035553,-0.11490216106176376,0.7020595073699951,0.7236388921737671,-0.09082958847284317,0.7431914806365967,0.7268690466880798,-0.07622279971837997,0.7887957692146301,0.8205934166908264,-0.1032981425523758,0.6816160082817078,0.7901902794837952,-0.12143371999263763,0.708200216293335,0.7892226576805115,-0.1045442521572113,0.7434225082397461,0.793931245803833,-0.092697873711586,G
0.8850371837615967,0.8209611773490906,-3.3329303050777526e-07,0.8491301536560059,0.7346574068069458,-0.003439373802393675,0.7776392698287964,0.6668568253517151,-0.02296588383615017,0.6999704241752625,0.6498506665229797,-0.04268241301178932,0.6393822431564331,0.6344216465950012,-0.06350245326757431,0.8096127510070801,0.5884667634963989,-0.042401984333992004,0.7126368880271912,0.589547336101532,-0.0657360777258873,0.6566215753555298,0.5942606925964355,-0.0773099958896637,0.6157065033912659,0.6016134023666382,-0.08703552931547165,0.8151680827140808,0.6434969902038574,-0.056551557034254074,0.7041396498680115,0.6650909185409546,-0.08091257512569427,0.7266964316368103,0.6907352209091187,-0.07980822771787643,0.7576214671134949,0.6916784644126892,-0.0816703587770462,0.8157554864883423,0.7091194987297058,-0.0696399137377739,0.7064434885978699,0.718751072883606,-0.09294113516807556,0.7341199517250061,0.739906370639801,-0.0768059566617012,0.7670860290527344,0.7395045757293701,-0.06715589016675949,0.8130373954772949,0.7756754159927368,-0.08239692449569702,0.720757782459259,0.7713562846183777,-0.10334309935569763,0.7363536953926086,0.7836350202560425,-0.09437960386276245,0.7632772922515869,0.7836232781410217,-0.08732792735099792,G
1.0030237436294556,0.7990269660949707,-2.0926101740315062e-07,0.9716224074363708,0.7021651268005371,-0.004608243703842163,0.8933623433113098,0.6273542046546936,-0.02641269750893116,0.8084763884544373,0.6132457256317139,-0.04537462443113327,0.7472469806671143,0.6193855404853821,-0.06774546951055527,0.9125987887382507,0.580309271812439,-0.07252342998981476,0.7950379252433777,0.5755860209465027,-0.09879019111394882,0.7268348932266235,0.583385169506073,-0.11032044887542725,0.6753498911857605,0.5927810668945312,-0.11960318684577942,0.9164295792579651,0.6546319127082825,-0.08666704595088959,0.783246636390686,0.6582803726196289,-0.11020060628652573,0.8079527020454407,0.6732463836669922,-0.10317464172840118,0.8469840884208679,0.6738200187683105,-0.10096844285726547,0.91391521692276,0.7343544960021973,-0.09750433266162872,0.7856353521347046,0.7200789451599121,-0.1204300969839096,0.8150631189346313,0.7341108918190002,-0.09737562388181686,0.8550464510917664,0.7386053204536438,-0.08233769983053207,0.9065147042274475,0.8120173215866089,-0.10742808133363724,0.7973842024803162,0.7869343757629395,-0.12752743065357208,0.8165630102157593,0.790675163269043,-0.11199530214071274,0.8492799401283264,0.7961151599884033,-0.10019826143980026,G
1.0372769832611084,0.6852943897247314,-2.3318273179029347e-07,0.9881685376167297,0.5987266302108765,-0.003442601300776005,0.8914097547531128,0.5454954504966736,-0.022842274978756905,0.7975171208381653,0.5552366971969604,-0.03962000459432602,0.7286245226860046,0.5634411573410034,-0.05923623964190483,0.9092334508895874,0.48738107085227966,-0.067096047103405,0.7773016691207886,0.5124636888504028,-0.08988673985004425,0.7092681527137756,0.5347607135772705,-0.0975545272231102,0.6589540839195251,0.5496742725372314,-0.10406610369682312,0.9181110262870789,0.5697566270828247,-0.08101159334182739,0.7823704481124878,0.599580705165863,-0.10556415468454361,0.8119143843650818,0.6107644438743591,-0.09922516345977783,0.8539456129074097,0.6062330007553101,-0.09592937678098679,0.9230150580406189,0.6572726368904114,-0.09115465730428696,0.794215202331543,0.6695780158042908,-0.11467716097831726,0.8302983641624451,0.6779366135597229,-0.09063289314508438,0.8703383803367615,0.6751848459243774,-0.07409165054559708,0.9232917428016663,0.7431020736694336,-0.09996671974658966,0.8134415149688721,0.7382910251617432,-0.1201912984251976,0.841143786907196,0.7406871318817139,-0.10296273976564407,0.876107931137085,0.7406015992164612,-0.0894966870546341,G
0.8384461998939514,0.7631065845489502,-1.5268329889295273e-07,0.7990597486495972,0.6471146941184998,0.010984295047819614,0.70766282081604,0.579794704914093,0.0072207702323794365,0.6278001666069031,0.5746281743049622,0.003266069106757641,0.5763630867004395,0.5953574180603027,-0.004674112424254417,0.6813907027244568,0.5545350313186646,-0.03969937562942505,0.5641384720802307,0.5592276453971863,-0.050858259201049805,0.5032102465629578,0.5663236379623413,-0.054617516696453094,0.45583122968673706,0.5771672129631042,-0.058198507875204086,0.6716440916061401,0.638175904750824,-0.052216898649930954,0.573612630367279,0.6361969113349915,-0.05877148360013962,0.6003866791725159,0.6381263732910156,-0.04871617257595062,0.6362441778182983,0.644636332988739,-0.045008134096860886,0.6689361929893494,0.724459171295166,-0.060246698558330536,0.5769031047821045,0.7071324586868286,-0.06163002550601959,0.6063539385795593,0.707317054271698,-0.039065416902303696,0.6411757469177246,0.7146928906440735,-0.028243713080883026,0.6705076694488525,0.808127224445343,-0.06696616113185883,0.5893373489379883,0.7772091627120972,-0.06641966849565506,0.6148420572280884,0.7718925476074219,-0.04645448923110962,0.6451985836029053,0.7788894176483154,-0.034157644957304,G
0.7967513799667358,0.5774731636047363,-2.4562706357755815e-07,0.755902111530304,0.47319361567497253,0.011537729762494564,0.6679417490959167,0.41595280170440674,0.004610522650182247,0.584061861038208,0.4212615191936493,-0.002008115639910102,0.53114253282547,0.4491461515426636,-0.012512529268860817,0.6526279449462891,0.37413179874420166,-0.039730556309223175,0.5432252287864685,0.404620885848999,-0.052707914263010025,0.48805826902389526,0.4265234172344208,-0.05803452432155609,0.4440458416938782,0.44199302792549133,-0.06322783976793289,0.6446720957756042,0.45276013016700745,-0.053646162152290344,0.5491699576377869,0.48155176639556885,-0.06260719150304794,0.576248288154602,0.49523866176605225,-0.0526823028922081,0.6112657785415649,0.4935266971588135,-0.04889770969748497,0.6414939165115356,0.5339952111244202,-0.06324335187673569,0.5565552711486816,0.5479193329811096,-0.06806126981973648,0.5882135033607483,0.5608507990837097,-0.0453139953315258,0.6218776106834412,0.5592618584632874,-0.0338212326169014,0.6423032879829407,0.6129689812660217,-0.07132120430469513,0.5728014707565308,0.6089209318161011,-0.0729389488697052,0.6013413071632385,0.6168243885040283,-0.0537961907684803,0.6296657919883728,0.616855800151825,-0.04164659604430199,G
0.5847196578979492,0.6573352813720703,-2.6714599243859993e-07,0.5363538265228271,0.5630080103874207,0.005821047350764275,0.44380617141723633,0.5046613812446594,-0.003378138644620776,0.35382235050201416,0.5156350135803223,-0.012691731564700603,0.2919642925262451,0.534184455871582,-0.024762019515037537,0.43430933356285095,0.4548115134239197,-0.03474033623933792,0.32589760422706604,0.4826149642467499,-0.0517001636326313,0.2692852020263672,0.5067671537399292,-0.058982398360967636,0.22602026164531708,0.523452639579773,-0.06474819034337997,0.4303392767906189,0.5312209725379944,-0.048648901283741,0.331359326839447,0.5584430694580078,-0.0642508864402771,0.3586043119430542,0.5783708095550537,-0.058334920555353165,0.3927040100097656,0.577143669128418,-0.0553550161421299,0.4295233190059662,0.6106694936752319,-0.05969873070716858,0.3383294939994812,0.6246802806854248,-0.07306224852800369,0.3701941967010498,0.6424610018730164,-0.05211050063371658,0.40387576818466187,0.6403279304504395,-0.038886960595846176,0.43039456009864807,0.6917352676391602,-0.06966459006071091,0.349430650472641,0.6864398717880249,-0.07830386608839035,0.37660160660743713,0.6971980929374695,-0.06082665175199509,0.4064682722091675,0.6975202560424805,-0.04795960709452629,G
0.566507875919342,0.45408979058265686,-4.135321205467335e-07,0.49219512939453125,0.37099823355674744,0.06046980246901512,0.40950968861579895,0.34146836400032043,0.05331575125455856,0.3378842771053314,0.36775586009025574,0.03511209413409233,0.2833077609539032,0.39763978123664856,0.010981720872223377,0.3975013196468353,0.24269352853298187,-0.014557975344359875,0.30018338561058044,0.2900262176990509,0.0001736711710691452,0.2541542053222656,0.31493863463401794,0.01862712949514389,0.21465912461280823,0.3251049518585205,0.024438893422484398,0.3971670866012573,0.29122889041900635,-0.055197250097990036,0.3100792467594147,0.3744056522846222,-0.032033611088991165,0.3472079336643219,0.39903733134269714,-0.00224277563393116,0.37973079085350037,0.38449975848197937,0.005549237132072449,0.39588525891304016,0.3589426875114441,-0.0862821564078331,0.3232927620410919,0.43125081062316895,-0.0503225140273571,0.3635162115097046,0.45376408100128174,-0.018821977078914642,0.3899219036102295,0.4324217736721039,-0.019236430525779724,0.3901623487472534,0.428344190120697,-0.11348092555999756,0.34065482020378113,0.476205050945282,-0.08632853627204895,0.3750300407409668,0.49319738149642944,-0.06472449004650116,0.400178998708725,0.48186299204826355,-0.0619949996471405,G
0.6045441031455994,0.6856194734573364,-1.8779360289045144e-07,0.5461640954017639,0.5765596628189087,0.011980824172496796,0.4503268301486969,0.5265788435935974,0.00986503530293703,0.3714541494846344,0.5391418933868408,0.007509359624236822,0.3277589678764343,0.578064501285553,0.002209323924034834,0.40890491008758545,0.49961334466934204,-0.027743181213736534,0.2993084490299225,0.5355353355407715,-0.03555837273597717,0.24091903865337372,0.5677034258842468,-0.039658837020397186,0.19509737193584442,0.5973775386810303,-0.04348214715719223,0.4006247818470001,0.5876024961471558,-0.03828484192490578,0.32292890548706055,0.6127614378929138,-0.03854350373148918,0.35282719135284424,0.6195208430290222,-0.027374334633350372,0.3894517719745636,0.6174216270446777,-0.022908879444003105,0.4033952057361603,0.6763354539871216,-0.044948969036340714,0.3368014097213745,0.6831225156784058,-0.038520995527505875,0.3671712875366211,0.6910850405693054,-0.01715662144124508,0.40149354934692383,0.6918706893920898,-0.008421611040830612,0.41314107179641724,0.7605592608451843,-0.05097062513232231,0.3590135872364044,0.749373733997345,-0.04205473139882088,0.3880818784236908,0.7500749826431274,-0.02173500321805477,0.41859567165374756,0.7513476610183716,-0.00954948365688324,G
0.7946895360946655,0.8189956545829773,-3.094901046551968e-07,0.7656261324882507,0.7318663597106934,0.002569104079157114,0.6946371793746948,0.6642206907272339,-0.010351300239562988,0.6139334440231323,0.6532546281814575,-0.023541735485196114,0.5557456612586975,0.6442186236381531,-0.0385562926530838,0.709479570388794,0.5970423817634583,-0.03411826863884926,0.6087537407875061,0.5921672582626343,-0.05252942815423012,0.5538249015808105,0.594785749912262,-0.06180274114012718,0.514249861240387,0.5940834283828735,-0.0697183758020401,0.7040753960609436,0.6554533243179321,-0.048273179680109024,0.59956955909729,0.6633551716804504,-0.06852690875530243,0.6202051639556885,0.690497636795044,-0.06693306565284729,0.6515570282936096,0.6966120004653931,-0.06644822657108307,0.6970968842506409,0.7223345637321472,-0.06022568419575691,0.6002759337425232,0.7201918959617615,-0.0795368030667305,0.6256920695304871,0.7440609931945801,-0.06389002501964569,0.6570183038711548,0.7483997941017151,-0.05277664214372635,0.687798023223877,0.7918007373809814,-0.07107064127922058,0.6065632104873657,0.7757151126861572,-0.08676910400390625,0.6234321594238281,0.7886661291122437,-0.07590740919113159,0.649021327495575,0.7917894124984741,-0.0667019858956337,G
0.7767110466957092,0.8087247610092163,-4.4177812696943874e-07,0.68778395652771,0.769029438495636,0.005810960195958614,0.6267452836036682,0.7182790040969849,-0.008049353957176208,0.575631320476532,0.6909844875335693,-0.026538368314504623,0.5232689380645752,0.682675302028656,-0.04446772113442421,0.6663575172424316,0.5717158913612366,-0.0001869065745268017,0.5816305875778198,0.5921490788459778,-0.02331218123435974,0.5359082221984863,0.6017100214958191,-0.04350735619664192,0.49638205766677856,0.6021746397018433,-0.06012615188956261,0.6834968328475952,0.5815563201904297,-0.019497692584991455,0.5853559970855713,0.6444047093391418,-0.04453803971409798,0.6136584281921387,0.6867675185203552,-0.050502289086580276,0.6427342891693115,0.6898407340049744,-0.05476667732000351,0.6944419741630554,0.6181907653808594,-0.04015902429819107,0.5986232161521912,0.6812809705734253,-0.06015719100832939,0.6288207173347473,0.7224096655845642,-0.047440484166145325,0.6577135920524597,0.7203388214111328,-0.039462726563215256,0.6993615031242371,0.671242892742157,-0.06181681156158447,0.6252792477607727,0.7197039127349854,-0.07782591134309769,0.644248366355896,0.7507979273796082,-0.07059163600206375,0.6686100959777832,0.7502503395080566,-0.06413227319717407,G
0.9571786522865295,0.7031444907188416,2.877699216696783e-07,0.9132510423660278,0.5978695750236511,0.014930332079529762,0.8323079347610474,0.5561468601226807,0.01166696660220623,0.7637853026390076,0.5787472128868103,0.00554035184904933,0.7247356176376343,0.6238254308700562,-0.0022675052750855684,0.7970799803733826,0.524569571018219,-0.028991002589464188,0.679530680179596,0.5234329104423523,-0.042342398315668106,0.6171109676361084,0.5316820740699768,-0.04663215950131416,0.5689275860786438,0.540533185005188,-0.047007638961076736,0.7879393696784973,0.5966812968254089,-0.04308796301484108,0.6635778546333313,0.5947892069816589,-0.05386989563703537,0.5923280715942383,0.5896769762039185,-0.056237660348415375,0.5410863161087036,0.5896883010864258,-0.05767599120736122,0.786886990070343,0.6701282858848572,-0.05180810019373894,0.7011913657188416,0.6714711785316467,-0.05480283126235008,0.7316863536834717,0.6629350185394287,-0.04068130999803543,0.7652557492256165,0.6642466187477112,-0.02839832194149494,0.7940879464149475,0.7382826209068298,-0.0593467615544796,0.7307636737823486,0.7188453674316406,-0.05242623761296272,0.752896249294281,0.7083622813224792,-0.03144192695617676,0.780697226524353,0.7079187035560608,-0.014222458004951477,H
0.9569437503814697,0.6825062036514282,2.1613837475342734e-07,0.9110603928565979,0.5782043933868408,0.02170390821993351,0.8300669193267822,0.5397523045539856,0.0172492116689682,0.7567723989486694,0.5640631318092346,0.008973341435194016,0.7154924869537354,0.6101970672607422,-0.0017641672166064382,0.7972608208656311,0.5035768151283264,-0.03728822246193886,0.6787505149841309,0.5117936730384827,-0.05217338353395462,0.6195474863052368,0.5214430093765259,-0.05757362022995949,0.5706864595413208,0.5305138826370239,-0.060110144317150116,0.7945822477340698,0.5748297572135925,-0.05621619522571564,0.667952299118042,0.5778594613075256,-0.07066400349140167,0.5951434373855591,0.5770053267478943,-0.07421687245368958,0.5424540638923645,0.5806704163551331,-0.0782470852136612,0.797298789024353,0.6511553525924683,-0.06813869625329971,0.7055419087409973,0.6575143933296204,-0.07076346129179001,0.7377796769142151,0.651912271976471,-0.05176213011145592,0.7720670700073242,0.6514734029769897,-0.038080256432294846,0.8052400350570679,0.7216163277626038,-0.07832057029008865,0.7351407408714294,0.7083475589752197,-0.07070135325193405,0.7588974237442017,0.7008934020996094,-0.047232214361429214,0.7874760627746582,0.6982463598251343,-0.0296336580067873,H
0.9461460709571838,0.6955661177635193,1.8116476496743417e-07,0.9009321928024292,0.5932778120040894,0.009394348599016666,0.8178337216377258,0.5536830425262451,0.0005026558646932244,0.7452017664909363,0.5714367628097534,-0.010019968263804913,0.6971963047981262,0.6082605123519897,-0.023203197866678238,0.7911349534988403,0.5153366327285767,-0.04550729691982269,0.669679582118988,0.5299767255783081,-0.06299364566802979,0.6087336540222168,0.5465536713600159,-0.06918257474899292,0.5599578619003296,0.5583125948905945,-0.07142848521471024,0.7902684211730957,0.589113712310791,-0.06118801608681679,0.6603392958641052,0.6038618683815002,-0.07569079846143723,0.5902709364891052,0.6092968583106995,-0.07845813035964966,0.5383764505386353,0.6137944459915161,-0.08139914274215698,0.7946974039077759,0.6667001843452454,-0.07158437371253967,0.699519157409668,0.6804746985435486,-0.08325479924678802,0.7303633093833923,0.6729631423950195,-0.0704515129327774,0.7652495503425598,0.670570433139801,-0.0590163879096508,0.8025704026222229,0.7410905361175537,-0.08053433150053024,0.7293117046356201,0.7315183281898499,-0.08514568954706192,0.7536699175834656,0.722137451171875,-0.0671115592122078,0.7835920453071594,0.719372570514679,-0.05146336928009987,H
0.8720183372497559,0.7060353755950928,4.265531572400505e-07,0.8305330276489258,0.6049453616142273,0.003239953424781561,0.7584542036056519,0.5524623394012451,-0.002262268215417862,0.6971057653427124,0.5773036479949951,-0.009081586264073849,0.6636541485786438,0.6288630366325378,-0.01730470545589924,0.7195568084716797,0.5381080508232117,-0.027697516605257988,0.6114999651908875,0.5362069606781006,-0.03971497341990471,0.5537758469581604,0.5397006273269653,-0.043652087450027466,0.5080335736274719,0.5423253774642944,-0.043573398143053055,0.7054864764213562,0.6061203479766846,-0.03694479912519455,0.5905023813247681,0.5993099808692932,-0.04591556265950203,0.5214931964874268,0.5922691822052002,-0.050163429230451584,0.47321897745132446,0.5882599353790283,-0.05185164511203766,0.702966570854187,0.6761956214904785,-0.0425228476524353,0.635007917881012,0.678589940071106,-0.048807542771101,0.6650084257125854,0.6758352518081665,-0.04156045243144035,0.6984416246414185,0.6773562431335449,-0.03228357061743736,0.7082711458206177,0.7424595355987549,-0.04763159528374672,0.6611090302467346,0.7261044979095459,-0.04446990415453911,0.6855778694152832,0.7214609384536743,-0.027945514768362045,0.7118437886238098,0.7234548330307007,-0.013007186353206635,H
0.747798502445221,0.5993272066116333,3.784396085393382e-07,0.7005954384803772,0.5060040354728699,0.009912978857755661,0.6306325197219849,0.4705461263656616,0.009496149607002735,0.5780325531959534,0.4940897822380066,0.006003780756145716,0.5507099628448486,0.5405649542808533,0.0015638581244274974,0.5869569778442383,0.45044803619384766,-0.010925580747425556,0.4907991290092468,0.46067309379577637,-0.01796279288828373,0.43730711936950684,0.4708719253540039,-0.02021595649421215,0.3961428999900818,0.4797440767288208,-0.0195804201066494,0.5746135115623474,0.5117269158363342,-0.021575428545475006,0.47283607721328735,0.5189072489738464,-0.026456575840711594,0.41091036796569824,0.5195826292037964,-0.03003791719675064,0.37027236819267273,0.5200833678245544,-0.03101392462849617,0.5750662088394165,0.576380729675293,-0.028905341401696205,0.5282071232795715,0.5909969806671143,-0.02836672216653824,0.5560709238052368,0.5899503231048584,-0.022145668044686317,0.5848260521888733,0.5889710187911987,-0.014890307560563087,0.5840656757354736,0.6382631659507751,-0.035913001745939255,0.5556817650794983,0.6333541870117188,-0.026807798072695732,0.5797973275184631,0.6321762800216675,-0.011754726059734821,0.6033182144165039,0.6333388090133667,0.0012859596172347665,H
0.6164906620979309,0.38324081897735596,3.425453485306207e-07,0.5613012313842773,0.272983580827713,0.01872122660279274,0.4853579103946686,0.23148271441459656,0.024384981021285057,0.42549532651901245,0.25858232378959656,0.02594330906867981,0.39148280024528503,0.3117139935493469,0.026565993204712868,0.42404037714004517,0.20667782425880432,0.0019301458960399032,0.31617677211761475,0.2306160032749176,0.006048796232789755,0.26121532917022705,0.2492367923259735,0.011552367359399796,0.21813176572322845,0.26533594727516174,0.017498118802905083,0.4051516652107239,0.2768183946609497,-0.008616529405117035,0.29805171489715576,0.3005017340183258,-0.0018032494699582458,0.23406128585338593,0.30859464406967163,-0.001486666384153068,0.19273826479911804,0.31425997614860535,-7.134443148970604e-05,0.40416544675827026,0.35371217131614685,-0.014841598458588123,0.3815082013607025,0.3839608132839203,-0.0021882522851228714,0.4154154658317566,0.38415199518203735,-0.0007233637734316289,0.4466244876384735,0.38050752878189087,0.0015899555291980505,0.4111248552799225,0.42835330963134766,-0.020028898492455482,0.4101586937904358,0.4361457824707031,-0.0007529724389314651,0.4409383535385132,0.4359706938266754,0.011037844233214855,0.4669847786426544,0.43259936571121216,0.020840395241975784,H
0.6665030717849731,0.502800464630127,3.9990632672015636e-07,0.608053982257843,0.410281240940094,0.01898522488772869,0.5266358852386475,0.38968735933303833,0.02361811324954033,0.4707573652267456,0.41576626896858215,0.021171990782022476,0.44194453954696655,0.464750736951828,0.017714953050017357,0.4687112271785736,0.3591597080230713,0.008922441862523556,0.3676896095275879,0.3701915740966797,0.0026850623544305563,0.3101293444633484,0.37769293785095215,0.00034256582148373127,0.2652566432952881,0.3870846629142761,0.00027838823734782636,0.45855283737182617,0.4142377972602844,-0.008915341459214687,0.35183995962142944,0.4339292049407959,-0.016100002452731133,0.2844478487968445,0.4402988851070404,-0.022760387510061264,0.23429062962532043,0.44229790568351746,-0.025585275143384933,0.4644955098628998,0.47808054089546204,-0.02419755607843399,0.4202502965927124,0.548935055732727,-0.029003633186221123,0.4547511041164398,0.5538423657417297,-0.028004519641399384,0.4817807972431183,0.5370460748672485,-0.023526260629296303,0.4791344106197357,0.5452093482017517,-0.03865193948149681,0.4532228112220764,0.5889214873313904,-0.036581020802259445,0.48400822281837463,0.5918097496032715,-0.026431072503328323,0.5083329677581787,0.5765885710716248,-0.01631085015833378,H
0.5882395505905151,0.6633912324905396,3.8106045963104407e-07,0.5469090938568115,0.5249993801116943,0.014915582723915577,0.47136390209198,0.4502097964286804,0.028024254366755486,0.4022296965122223,0.44225025177001953,0.0390346497297287,0.3553524613380432,0.4698329567909241,0.0503995455801487,0.3911179304122925,0.45546892285346985,0.003951456863433123,0.26969972252845764,0.45830532908439636,0.01485816203057766,0.21107839047908783,0.46948060393333435,0.02668849006295204,0.16503563523292542,0.4802970290184021,0.03819973021745682,0.36346009373664856,0.5359102487564087,0.002516113920137286,0.25294673442840576,0.5296962857246399,0.020429233089089394,0.1847928911447525,0.5219268798828125,0.027338426560163498,0.1415860950946808,0.5210155844688416,0.0333336666226387,0.3590313196182251,0.615041196346283,0.0047298637218773365,0.34607642889022827,0.6125816702842712,0.02628176473081112,0.3822472393512726,0.6040893197059631,0.023873938247561455,0.4182133674621582,0.6041271686553955,0.023446042090654373,0.36250245571136475,0.690648078918457,0.00755149032920599,0.36901557445526123,0.6756300330162048,0.03342323377728462,0.39914217591285706,0.6763076186180115,0.04069867357611656,0.4293619692325592,0.6778051853179932,0.04685070738196373,H
0.9040566682815552,0.7147665619850159,4.4127540377303376e-07,0.8609679937362671,0.599040687084198,0.009055019356310368,0.7825960516929626,0.5428540110588074,0.005084341391921043,0.7172895073890686,0.5638263821601868,-0.0015733061591163278,0.6802797913551331,0.6147158145904541,-0.009749210439622402,0.7420400977134705,0.5173373818397522,-0.02500009909272194,0.6224159002304077,0.5077977180480957,-0.03743859380483627,0.5591866970062256,0.5101420879364014,-0.041508570313453674,0.5102953314781189,0.5143730044364929,-0.041281767189502716,0.7239803671836853,0.5902566313743591,-0.03726007416844368,0.5993592143058777,0.5750725865364075,-0.04685680940747261,0.5240212678909302,0.5638137459754944,-0.05163457989692688,0.47195398807525635,0.5585058927536011,-0.0535508468747139,0.7182150483131409,0.668165922164917,-0.0451500378549099,0.6447607278823853,0.6658900380134583,-0.049665361642837524,0.6784833669662476,0.6658307909965515,-0.040008023381233215,0.7143201231956482,0.6709280610084534,-0.029135875403881073,0.7221218943595886,0.742404580116272,-0.052303314208984375,0.6723678112030029,0.7224522233009338,-0.04622705653309822,0.6985409259796143,0.7193567156791687,-0.026546433568000793,0.7264659404754639,0.7239114046096802,-0.009291292168200016,H
0.9659879207611084,0.8069779872894287,3.894671465332067e-07,0.9338947534561157,0.7018242478370667,0.0003490505332592875,0.8642578721046448,0.6423631906509399,-0.010083058848977089,0.7958575487136841,0.654211699962616,-0.019865214824676514,0.7545221447944641,0.6954360008239746,-0.030856620520353317,0.8373644948005676,0.6254894137382507,-0.0487709678709507,0.724350094795227,0.6117346882820129,-0.06654541939496994,0.6635653376579285,0.6097238659858704,-0.07183346897363663,0.6138581037521362,0.6099830865859985,-0.07274524867534637,0.8208292722702026,0.6977611780166626,-0.05842505767941475,0.6969041228294373,0.6782330274581909,-0.07372287660837173,0.6271398067474365,0.6649016737937927,-0.0753670185804367,0.5780655145645142,0.6579333543777466,-0.07547173649072647,0.8129071593284607,0.770991325378418,-0.06349782645702362,0.7272342443466187,0.7525821328163147,-0.07318145036697388,0.7585490345954895,0.7476817965507507,-0.057270463556051254,0.7932136654853821,0.7525627017021179,-0.04225720092654228,0.8123869895935059,0.837394118309021,-0.06841312348842621,0.7513666152954102,0.8046337366104126,-0.06749855726957321,0.7755018472671509,0.7986066937446594,-0.04654788598418236,0.8016662001609802,0.8033196926116943,-0.02861645258963108,H
0.8326617479324341,0.826102077960968,4.360684897619649e-07,0.7900440096855164,0.72999507188797,0.005152926780283451,0.7234662771224976,0.6900137662887573,0.003734925528988242,0.6685990691184998,0.7165061831474304,0.0016400092281401157,0.6399450302124023,0.7658073902130127,-0.001033747335895896,0.6814647316932678,0.6833294630050659,-0.021102191880345345,0.5789759755134583,0.686840295791626,-0.025476355105638504,0.527042031288147,0.6949262619018555,-0.022487372159957886,0.48726171255111694,0.7023499608039856,-0.017200462520122528,0.6657055616378784,0.7529048919677734,-0.026427319273352623,0.5628997087478638,0.7503843903541565,-0.02674570307135582,0.5054099559783936,0.7473912835121155,-0.02456239052116871,0.46934735774993896,0.7463275194168091,-0.020902283489704132,0.663002610206604,0.8196741342544556,-0.02829138934612274,0.6218971014022827,0.8111865520477295,-0.023541957139968872,0.6472829580307007,0.8046208620071411,-0.0177732203155756,0.6765024662017822,0.8050462007522583,-0.011068488471210003,0.667960524559021,0.8776334524154663,-0.029949069023132324,0.6519544124603271,0.8548623919487,-0.01675858534872532,0.6730301976203918,0.8491647243499756,-0.0034532928839325905,0.6946438550949097,0.8504348397254944,0.008139850571751595,H
0.8994286060333252,0.498218834400177,1.2536632709725382e-07,0.8571099042892456,0.4070373475551605,0.029804345220327377,0.790998637676239,0.3759574294090271,0.038028962910175323,0.7367218136787415,0.38687586784362793,0.03886696696281433,0.7050560116767883,0.42145755887031555,0.03771809861063957,0.7423452734947205,0.3400244116783142,0.011042446829378605,0.6459681391716003,0.34952712059020996,0.010869196616113186,0.5964645147323608,0.3596174120903015,0.011737638153135777,0.5567119121551514,0.3698936700820923,0.013184779323637486,0.7306123971939087,0.3922707736492157,-0.007884937338531017,0.6339287161827087,0.40173086524009705,-0.007139138877391815,0.5755927562713623,0.407365620136261,-0.00978348683565855,0.5341184735298157,0.4134858548641205,-0.012250808998942375,0.7313242554664612,0.45291751623153687,-0.022187501192092896,0.6814855933189392,0.4943496584892273,-0.014433554373681545,0.7116118669509888,0.4966629445552826,-0.0071231769397854805,0.7394388914108276,0.48892953991889954,-0.0023781631607562304,0.740552544593811,0.5146242380142212,-0.034781649708747864,0.7048229575157166,0.535319983959198,-0.02147746831178665,0.7297486066818237,0.5368465185165405,-0.006381831131875515,0.7547224760055542,0.5284603834152222,0.004870994947850704,H
0.9228987097740173,0.43792790174484253,2.0280906198877346e-07,0.8653945922851562,0.31491613388061523,0.040777333080768585,0.7830520868301392,0.2700515389442444,0.04413360729813576,0.7081629633903503,0.28490304946899414,0.039068713784217834,0.661176860332489,0.32649940252304077,0.031495001167058945,0.7298271059989929,0.23117390275001526,-0.01464005559682846,0.6023873090744019,0.23727555572986603,-0.022785073146224022,0.5354412198066711,0.2524637281894684,-0.023099282756447792,0.48325416445732117,0.2718731462955475,-0.022123141214251518,0.7183352112770081,0.30279046297073364,-0.04079129174351692,0.5823826193809509,0.31234535574913025,-0.05219695344567299,0.499650776386261,0.3204723000526428,-0.05727237090468407,0.4443221986293793,0.33176055550575256,-0.061712127178907394,0.7192234992980957,0.3872169256210327,-0.057945121079683304,0.6334362626075745,0.43179404735565186,-0.050390370190143585,0.6760828495025635,0.4343123435974121,-0.028487052768468857,0.7155584096908569,0.4250353276729584,-0.014608715660870075,0.7306514978408813,0.46918928623199463,-0.07238639891147614,0.6679900288581848,0.4879198372364044,-0.053864993155002594,0.7016009092330933,0.4885998070240021,-0.02564503252506256,0.7356927394866943,0.47807255387306213,-0.005118784494698048,H
0.8002544045448303,0.8499764800071716,5.335559762897901e-07,0.7498663067817688,0.7530220150947571,-0.0006673065945506096,0.6739532351493835,0.7154637575149536,-0.0070411465130746365,0.6139176487922668,0.7551522254943848,-0.012688051909208298,0.5846302509307861,0.8116179704666138,-0.018752336502075195,0.6372745633125305,0.7125033140182495,-0.03390541672706604,0.5283691883087158,0.7193299531936646,-0.043790847063064575,0.4698582887649536,0.7301610708236694,-0.044139161705970764,0.423744797706604,0.7401872277259827,-0.04136977344751358,0.6247614622116089,0.7879653573036194,-0.03916243836283684,0.5104600191116333,0.7880388498306274,-0.04533283784985542,0.44357794523239136,0.7876553535461426,-0.04560812562704086,0.3978847861289978,0.7872878909111023,-0.044261351227760315,0.6237254738807678,0.859856128692627,-0.04071837663650513,0.5619232654571533,0.8521379828453064,-0.04235348105430603,0.5919417142868042,0.8444150686264038,-0.03297129273414612,0.6259151697158813,0.8446270227432251,-0.02301180548965931,0.6298398375511169,0.9229839444160461,-0.0423433743417263,0.5957210659980774,0.8998484015464783,-0.03411458060145378,0.619459867477417,0.8915920853614807,-0.017569860443472862,0.6434998512268066,0.8932798504829407,-0.0033036628738045692,H
0.7027091383934021,0.8140102624893188,5.096270001558878e-07,0.6571856737136841,0.7100961208343506,0.00332336756400764,0.5850241780281067,0.6584420204162598,-0.0006327143055386841,0.5226103067398071,0.6825236082077026,-0.004207063000649214,0.48687833547592163,0.7341273427009583,-0.008853807114064693,0.5421990156173706,0.6579880714416504,-0.03190726414322853,0.4330124855041504,0.6416397094726562,-0.03856641426682472,0.3761073350906372,0.6474679708480835,-0.035925570875406265,0.3314736485481262,0.656244158744812,-0.030865512788295746,0.5261649489402771,0.7340185642242432,-0.03792477399110794,0.41221168637275696,0.7147670388221741,-0.039888858795166016,0.350151389837265,0.7079619765281677,-0.03599131107330322,0.3093037009239197,0.7058651447296143,-0.03158721700310707,0.523140013217926,0.8074603080749512,-0.03992347791790962,0.46527084708213806,0.7906566858291626,-0.038024913519620895,0.4954339861869812,0.7833895087242126,-0.028467347845435143,0.5287096500396729,0.7850760221481323,-0.019074732437729836,0.528061032295227,0.8712944984436035,-0.04151700809597969,0.49465593695640564,0.8433443307876587,-0.030633749440312386,0.5180336833000183,0.8372165560722351,-0.01349184475839138,0.5418742895126343,0.8398879170417786,0.0009377487585879862,H
0.5355072021484375,0.7422516345977783,4.1730734778866463e-07,0.500578761100769,0.6472221612930298,0.00454785767942667,0.4489647448062897,0.599888026714325,0.0016999300569295883,0.397100567817688,0.6268131136894226,-0.0010618693195283413,0.37005454301834106,0.6742849946022034,-0.0043974630534648895,0.4012148380279541,0.6144821047782898,-0.0205951239913702,0.31224286556243896,0.6105469465255737,-0.02633146569132805,0.26543301343917847,0.6211543083190918,-0.027468135580420494,0.22966325283050537,0.6329531073570251,-0.026425456628203392,0.384070485830307,0.6784371733665466,-0.024599669501185417,0.2936822772026062,0.6700856685638428,-0.02578118070960045,0.2403346300125122,0.6654918193817139,-0.024725064635276794,0.20417357981204987,0.6648234128952026,-0.024190103635191917,0.37969207763671875,0.7378221154212952,-0.02515733428299427,0.315419465303421,0.7339797019958496,-0.019280850887298584,0.3250782787799835,0.720407247543335,-0.011563416570425034,0.34879714250564575,0.7162982225418091,-0.006494501605629921,0.38524916768074036,0.7868813276290894,-0.025512123480439186,0.3523165285587311,0.7701473236083984,-0.015115312300622463,0.3601475954055786,0.7537623047828674,-0.0028158656787127256,0.376349538564682,0.745074987411499,0.0069085825234651566,H
0.8113952875137329,0.6483974456787109,3.5295320799377805e-07,0.7638208866119385,0.5478099584579468,0.01120041124522686,0.691997230052948,0.49954551458358765,0.011253914795815945,0.6323753595352173,0.5191700458526611,0.00814728531986475,0.599066436290741,0.5661375522613525,0.003585634520277381,0.6440324187278748,0.47850272059440613,-0.012640146538615227,0.5364759564399719,0.4871175289154053,-0.019243627786636353,0.4777783751487732,0.4989994168281555,-0.020539473742246628,0.43283575773239136,0.510369598865509,-0.019054101780056953,0.6283668875694275,0.5456011295318604,-0.02473003976047039,0.5146288275718689,0.5518016815185547,-0.027732959017157555,0.44721755385398865,0.5538634061813354,-0.030558958649635315,0.4031193256378174,0.5558707118034363,-0.031544774770736694,0.6268745064735413,0.6177985668182373,-0.0331379696726799,0.5698244571685791,0.6376210451126099,-0.032934874296188354,0.6012038588523865,0.6393400430679321,-0.026909461244940758,0.6340462565422058,0.6383892297744751,-0.019755041226744652,0.6342111229896545,0.6895007491111755,-0.04079718515276909,0.5961170792579651,0.6915072798728943,-0.03316286951303482,0.6223812103271484,0.6912468075752258,-0.01751948893070221,0.648848295211792,0.6907479763031006,-0.00368407741189003,H
0.6777418851852417,0.47683048248291016,3.6328455621514877e-07,0.6288023591041565,0.38248029351234436,0.01396571658551693,0.5571349859237671,0.3437660038471222,0.01667924039065838,0.502458393573761,0.3618309497833252,0.01500257570296526,0.4714825451374054,0.4062701165676117,0.012828616425395012,0.5013194680213928,0.3166183531284332,0.0005544244195334613,0.4054573178291321,0.3214208781719208,-0.0029251084197312593,0.35477548837661743,0.33384832739830017,-0.002557777799665928,0.31785133481025696,0.34783732891082764,0.0004217975365463644,0.48511531949043274,0.3766287565231323,-0.011151713319122791,0.3862113058567047,0.3887683153152466,-0.012900019995868206,0.32791388034820557,0.39471980929374695,-0.015496838837862015,0.2888025641441345,0.3997415602207184,-0.015061221085488796,0.483672171831131,0.4437667429447174,-0.019974488765001297,0.45185917615890503,0.48865410685539246,-0.016592243686318398,0.4820441007614136,0.49197685718536377,-0.014078238978981972,0.5089775323867798,0.48543158173561096,-0.009477506391704082,0.48922380805015564,0.5104964971542358,-0.02834911458194256,0.4752950668334961,0.5325873494148254,-0.017318617552518845,0.503324568271637,0.5347774624824524,-0.005073354113847017,0.5273641347885132,0.5292404294013977,0.006064427550882101,H
0.6723263263702393,0.6208227276802063,4.0340799500881985e-07,0.6217444539070129,0.5208406448364258,0.011105528101325035,0.5453994274139404,0.482817679643631,0.01632595807313919,0.49135613441467285,0.5067210793495178,0.01833200827240944,0.4625551700592041,0.5540212392807007,0.020477820187807083,0.4916524589061737,0.46863123774528503,-0.0008650303352624178,0.38947242498397827,0.4754323959350586,-0.004621575586497784,0.33823055028915405,0.49098196625709534,-0.0016917558386921883,0.3034741282463074,0.5079416036605835,0.005054102279245853,0.4736826419830322,0.536119282245636,-0.008515589870512486,0.3705352544784546,0.5485098958015442,-0.010036897845566273,0.3118823766708374,0.5516069531440735,-0.010337073355913162,0.2752832770347595,0.5536804795265198,-0.006229551043361425,0.4710589051246643,0.6056862473487854,-0.013792701996862888,0.4554491639137268,0.6284321546554565,-0.01236207876354456,0.4854941964149475,0.6270334124565125,-0.013607017695903778,0.5147340297698975,0.6239010095596313,-0.008766505867242813,0.4759247601032257,0.6731747984886169,-0.018305430188775063,0.476724237203598,0.675436794757843,-0.006271560676395893,0.5048749446868896,0.6763355135917664,0.004153836984187365,0.5301544666290283,0.6767427921295166,0.015187724493443966,H
0.6860698461532593,0.6686629056930542,4.3177098518754065e-07,0.6373727917671204,0.5686841011047363,0.009213140234351158,0.5668352246284485,0.5320701003074646,0.008876319974660873,0.5117227435112,0.5644550323486328,0.00654657743871212,0.4835905432701111,0.6168692708015442,0.003503126557916403,0.5179945230484009,0.5251977443695068,-0.015140363946557045,0.4158133268356323,0.5307437777519226,-0.021787619218230247,0.36469766497612,0.5474076271057129,-0.021231628954410553,0.32694870233535767,0.564360499382019,-0.01706615462899208,0.5028005838394165,0.5948096513748169,-0.02218634821474552,0.40002089738845825,0.5992119908332825,-0.02559593692421913,0.33941835165023804,0.6020886898040771,-0.02563476376235485,0.3006584346294403,0.6056303381919861,-0.02323165163397789,0.5012873411178589,0.6642316579818726,-0.025601686909794807,0.4578971862792969,0.6686301827430725,-0.02288309670984745,0.4840046465396881,0.6643698215484619,-0.016567841172218323,0.5160543918609619,0.665012001991272,-0.008632873184978962,0.5087839961051941,0.7263396382331848,-0.02843027561903,0.48797768354415894,0.7141300439834595,-0.01646161638200283,0.5094181299209595,0.707907497882843,-0.0014970035990700126,0.5339861512184143,0.7072842121124268,0.012228049337863922,H
0.6667638421058655,0.7962602376937866,4.2169151015514217e-07,0.6207332015037537,0.6998518705368042,0.00644103717058897,0.5560861825942993,0.6608556509017944,0.006121891550719738,0.5048434138298035,0.6912667751312256,0.004281423520296812,0.47803717851638794,0.7422250509262085,0.001360362279228866,0.5130478143692017,0.6559405326843262,-0.011249245144426823,0.41886529326438904,0.6593571305274963,-0.013659886084496975,0.3701600134372711,0.6707658171653748,-0.012348036281764507,0.33166229724884033,0.6823229789733887,-0.008953661657869816,0.4971383512020111,0.722989022731781,-0.017580904066562653,0.4015050232410431,0.7244232296943665,-0.014894801191985607,0.34625694155693054,0.7260645627975464,-0.014314420521259308,0.30829793214797974,0.7280832529067993,-0.012779093347489834,0.4948502779006958,0.7892076373100281,-0.021032126620411873,0.45479708909988403,0.7858795523643494,-0.016448864713311195,0.4806237518787384,0.7799443006515503,-0.01366427168250084,0.5091500282287598,0.7800496816635132,-0.009277503937482834,0.5005476474761963,0.8477861285209656,-0.024066360667347908,0.4806087017059326,0.8295368552207947,-0.012831039726734161,0.5011067986488342,0.8217639327049255,-0.0012731782626360655,0.5222122669219971,0.8209725618362427,0.00906504224985838,H
0.8290667533874512,0.7878182530403137,2.630624749144772e-07,0.7869395017623901,0.699158251285553,0.007649844046682119,0.722448468208313,0.6577067971229553,0.00681548286229372,0.6690137386322021,0.6735988855361938,0.004183530807495117,0.6371111869812012,0.711952269077301,0.0003788751200772822,0.6820042133331299,0.6438332796096802,-0.0153972702100873,0.5876615047454834,0.6540355086326599,-0.02079305239021778,0.5395424365997314,0.6639624834060669,-0.02060329169034958,0.5023688077926636,0.6719629764556885,-0.01822596602141857,0.6699948906898499,0.7037102580070496,-0.02433754689991474,0.5715414881706238,0.7122384905815125,-0.026267606765031815,0.5163170099258423,0.7149708271026611,-0.02689003013074398,0.4801517724990845,0.7165835499763489,-0.02635539323091507,0.6704740524291992,0.7658241987228394,-0.030119523406028748,0.6199237704277039,0.7779700756072998,-0.030672209337353706,0.6473440527915955,0.7771690487861633,-0.025832634419202805,0.676929771900177,0.775683581829071,-0.01977463811635971,0.6779381632804871,0.824826717376709,-0.035212691873311996,0.6466649770736694,0.8200618028640747,-0.029970157891511917,0.669605016708374,0.8182007670402527,-0.018073715269565582,0.6924924850463867,0.8177686929702759,-0.007115409709513187,H
0.8851370811462402,0.6577759981155396,2.450318277169572e-07,0.8458504676818848,0.574091911315918,0.0118926502764225,0.7851555943489075,0.5315156579017639,0.01123748254030943,0.730318546295166,0.5445238351821899,0.007891594432294369,0.6985509991645813,0.5812390446662903,0.00295405276119709,0.7495647072792053,0.5089786052703857,-0.017358196899294853,0.6526784896850586,0.5126317739486694,-0.02599167823791504,0.6013205647468567,0.5223313570022583,-0.02716642990708351,0.5614993572235107,0.5322861075401306,-0.025385282933712006,0.7354371547698975,0.564624011516571,-0.028903592377901077,0.6337563395500183,0.5699140429496765,-0.03492125868797302,0.5742059350013733,0.5741487741470337,-0.03719909489154816,0.5334639549255371,0.5786069631576538,-0.03748941048979759,0.7325946092605591,0.6256584525108337,-0.036596059799194336,0.6802566051483154,0.6534744501113892,-0.038373373448848724,0.707164466381073,0.6566827893257141,-0.03183726966381073,0.734557032585144,0.6532065868377686,-0.024357080459594727,0.737249493598938,0.6872560977935791,-0.043228842318058014,0.6996455192565918,0.69583660364151,-0.03721005469560623,0.7225243449211121,0.6974630355834961,-0.022722957655787468,0.7455298900604248,0.6947188377380371,-0.009905364364385605,H
0.874809205532074,0.6043278574943542,3.1921706522552995e-07,0.8340346813201904,0.511860191822052,0.01866760663688183,0.7683066129684448,0.4699162542819977,0.0203163530677557,0.7113513946533203,0.4859338700771332,0.017256097868084908,0.6800932288169861,0.5248584747314453,0.012263879179954529,0.7248245477676392,0.44398289918899536,-0.010291002690792084,0.6248080730438232,0.4465909004211426,-0.017508545890450478,0.5702410936355591,0.449653685092926,-0.0193569827824831,0.5278250575065613,0.45293116569519043,-0.01890704035758972,0.7116574048995972,0.5012713074684143,-0.0252950768917799,0.6081215143203735,0.4978489875793457,-0.030864879488945007,0.5439424514770508,0.49413591623306274,-0.03460370749235153,0.5004034042358398,0.49316248297691345,-0.036696936935186386,0.7097185850143433,0.5658273696899414,-0.03575649484992027,0.6533285975456238,0.592214047908783,-0.033981844782829285,0.6837463974952698,0.5958453416824341,-0.024512842297554016,0.7132186889648438,0.5923342704772949,-0.016177652403712273,0.7160291075706482,0.630344033241272,-0.04515793174505234,0.6753091812133789,0.6375467777252197,-0.03561466187238693,0.700970470905304,0.6382799744606018,-0.018565285950899124,0.7257979512214661,0.6343451142311096,-0.00468928599730134,H
0.6846596002578735,0.8426472544670105,5.342466238289489e-07,0.6456948518753052,0.7425046563148499,0.0025987690314650536,0.5839223861694336,0.6903960108757019,0.0006271032034419477,0.529544472694397,0.711672306060791,-0.0017666923813521862,0.5012789964675903,0.7593637108802795,-0.005159459542483091,0.5344980359077454,0.6999521851539612,-0.021015286445617676,0.44040408730506897,0.6824324727058411,-0.027573099359869957,0.38918235898017883,0.6798778176307678,-0.02673916332423687,0.3480626940727234,0.6824285387992859,-0.022870251908898354,0.5156441330909729,0.7669306993484497,-0.026018444448709488,0.42156893014907837,0.7401012182235718,-0.028073644265532494,0.36658167839050293,0.7281252145767212,-0.027516884729266167,0.32771265506744385,0.7234106063842773,-0.024560611695051193,0.5111245512962341,0.8321416974067688,-0.02794044464826584,0.477066308259964,0.8104090690612793,-0.026943746954202652,0.5027638077735901,0.8038498163223267,-0.022874251008033752,0.5307357311248779,0.8058745861053467,-0.01621117629110813,0.5149449110031128,0.8891927599906921,-0.029605133458971977,0.5020706057548523,0.861126720905304,-0.019669365137815475,0.5225804448127747,0.8546344637870789,-0.007031089626252651,0.5430087447166443,0.8567553758621216,0.004945154767483473,H
0.5656895637512207,0.9385284185409546,5.34633329607459e-07,0.5239882469177246,0.8421295881271362,0.004178885370492935,0.45174866914749146,0.7949226498603821,0.009548060595989227,0.3989698886871338,0.7909170389175415,0.014579659327864647,0.37116163969039917,0.8189998269081116,0.020089559257030487,0.4041321277618408,0.807317316532135,-0.008746113628149033,0.3113134801387787,0.794101357460022,-0.009789485484361649,0.26257196068763733,0.7925794720649719,-0.006338201463222504,0.2241751104593277,0.7976588010787964,-0.0006814636872150004,0.38664519786834717,0.870770275592804,-0.010266072116792202,0.29478755593299866,0.8496792912483215,-0.00802560243755579,0.23868849873542786,0.8360759615898132,-0.0056321220472455025,0.19877909123897552,0.8319939970970154,-0.0011649872176349163,0.38335955142974854,0.9305996298789978,-0.009499404579401016,0.35003551840782166,0.897917628288269,-0.0030165568459779024,0.3701411783695221,0.8794188499450684,-0.0003467715287115425,0.3953182101249695,0.8763225078582764,0.005021670367568731,0.3876040577888489,0.9785977602005005,-0.00896094087511301,0.3764789402484894,0.9370739459991455,0.005321795586496592,0.3902171552181244,0.9209585785865784,0.015452981926500797,0.40838465094566345,0.9169130921363831,0.025147752836346626,H
0.44424915313720703,0.9319010376930237,5.094106541037036e-07,0.41439032554626465,0.836809515953064,-0.0007519091013818979,0.35916078090667725,0.7836807370185852,0.00480668107047677,0.30701112747192383,0.7966500520706177,0.01133924163877964,0.2825000584125519,0.8339570164680481,0.019260115921497345,0.29077526926994324,0.8135273456573486,0.0020650268997997046,0.2178691029548645,0.7950142025947571,0.01061280071735382,0.18297159671783447,0.791843056678772,0.019138643518090248,0.15673908591270447,0.7934271693229675,0.026783736422657967,0.27506598830223083,0.8767357468605042,0.004136476665735245,0.21010541915893555,0.8449679017066956,0.016151560470461845,0.1715541034936905,0.8266600966453552,0.02119297906756401,0.1493312567472458,0.8190758228302002,0.025975020602345467,0.2753801643848419,0.9328432679176331,0.007098106667399406,0.26662302017211914,0.9023320078849792,0.01707279682159424,0.29031646251678467,0.8929551243782043,0.015525160357356071,0.31420278549194336,0.8966983556747437,0.016855373978614807,0.2824905514717102,0.9794580936431885,0.009719756431877613,0.28367361426353455,0.9488149285316467,0.023829758167266846,0.303245484828949,0.9410644173622131,0.029471505433321,0.32278668880462646,0.9420685172080994,0.035082634538412094,H
0.5420545935630798,0.8675012588500977,4.917845899399254e-07,0.4995197355747223,0.780032217502594,0.007507074624300003,0.4442877769470215,0.7410082221031189,0.01010359637439251,0.39370355010032654,0.7541804909706116,0.012326689437031746,0.36496344208717346,0.7807222604751587,0.014735963195562363,0.3920825123786926,0.7672351598739624,-0.014798782765865326,0.3115603029727936,0.7562446594238281,-0.016947073861956596,0.2682763636112213,0.7578727602958679,-0.013892198912799358,0.23520570993423462,0.7644068002700806,-0.009175029583275318,0.3770657479763031,0.8326144218444824,-0.01832747273147106,0.2921765148639679,0.8152161836624146,-0.016974611207842827,0.24047525227069855,0.807994544506073,-0.013713564723730087,0.2069137543439865,0.8062458634376526,-0.009662373922765255,0.37785807251930237,0.8897849917411804,-0.01810363307595253,0.3385487496852875,0.8587523698806763,-0.009651306085288525,0.3549257814884186,0.8431480526924133,-0.0012014887761324644,0.37804749608039856,0.8403519988059998,0.0058501288294792175,0.3900613784790039,0.9352884888648987,-0.017673084512352943,0.3774430751800537,0.8985446691513062,-0.0027729913126677275,0.39089834690093994,0.8867465257644653,0.010770704597234726,0.40693581104278564,0.886364221572876,0.022259555757045746,H
0.7752552032470703,0.7851500511169434,4.854361463912937e-07,0.7367640137672424,0.7012186050415039,-0.00040895832353271544,0.6763647198677063,0.6627860069274902,-0.006634969729930162,0.628786027431488,0.6950450539588928,-0.013444356620311737,0.6082901358604431,0.7462626695632935,-0.0212871041148901,0.6385295987129211,0.6658428907394409,-0.02644614689052105,0.5463691353797913,0.6640920042991638,-0.037132006138563156,0.49694353342056274,0.6661974787712097,-0.03888554126024246,0.4593902826309204,0.6690601110458374,-0.0370442159473896,0.6282861232757568,0.7240220308303833,-0.033035758882761,0.5311733484268188,0.7167690992355347,-0.04100537300109863,0.4743826389312744,0.7124198079109192,-0.0433037094771862,0.43765687942504883,0.7101528644561768,-0.042865414172410965,0.6284374594688416,0.7831669449806213,-0.03693464770913124,0.5766022801399231,0.7884424924850464,-0.04301919415593147,0.6027501821517944,0.7852557897567749,-0.0372127965092659,0.6322616338729858,0.7832589745521545,-0.0287613682448864,0.6347423791885376,0.8381583094596863,-0.04057085141539574,0.6011889576911926,0.8291770219802856,-0.03782341629266739,0.6234478950500488,0.8231314420700073,-0.024155402556061745,0.6461014747619629,0.8221712112426758,-0.011296569369733334,H
0.833996593952179,0.7136836051940918,4.44870892124527e-07,0.7894142866134644,0.6272647976875305,0.007026669569313526,0.7247527837753296,0.5869566202163696,0.003821327816694975,0.6739592552185059,0.6140751838684082,-0.0018118483712896705,0.6483654379844666,0.6613551378250122,-0.008966846391558647,0.6853978633880615,0.5835450291633606,-0.020096680149435997,0.5910022854804993,0.5845308899879456,-0.032286979258060455,0.5384253859519958,0.5885052680969238,-0.03643641248345375,0.4965054392814636,0.5930318236351013,-0.036550745368003845,0.6738563179969788,0.6450235247612,-0.030435189604759216,0.572698175907135,0.6409362554550171,-0.039722222834825516,0.5111638307571411,0.6367050409317017,-0.043533507734537125,0.46686866879463196,0.6348773241043091,-0.044611856341362,0.6734902262687683,0.7077480554580688,-0.03744726628065109,0.6143515706062317,0.7130464315414429,-0.04358672350645065,0.6402052044868469,0.7071660757064819,-0.036479122936725616,0.6699100136756897,0.7057903409004211,-0.027198320254683495,0.681080162525177,0.7658175230026245,-0.0438484326004982,0.6400762796401978,0.7550317049026489,-0.04049660637974739,0.660399317741394,0.7463480234146118,-0.025016646832227707,0.6831397414207458,0.7446410655975342,-0.010701403021812439,H
0.8984450101852417,0.5096381306648254,2.8584622668859083e-07,0.8471804857254028,0.4303451180458069,0.01530169602483511,0.7764803171157837,0.4057808518409729,0.01500901859253645,0.7271130681037903,0.4317988157272339,0.010444385930895805,0.7013558149337769,0.4745677411556244,0.004334538709372282,0.73712158203125,0.38112497329711914,-0.014464319683611393,0.6425093412399292,0.39849334955215454,-0.027131784707307816,0.5881564617156982,0.4116981029510498,-0.03269129991531372,0.5478711128234863,0.42494046688079834,-0.03433866798877716,0.7304255962371826,0.4385091960430145,-0.029531769454479218,0.6288306713104248,0.45540693402290344,-0.04077440872788429,0.5660427808761597,0.46561649441719055,-0.04752158373594284,0.5212252140045166,0.4740900695323944,-0.0511295422911644,0.7351345419883728,0.5006664395332336,-0.04042799770832062,0.6762521862983704,0.5435740351676941,-0.04453948885202408,0.7031524181365967,0.542435884475708,-0.03607988357543945,0.729736328125,0.5318583250045776,-0.027355557307600975,0.7484065890312195,0.5602861642837524,-0.05032280087471008,0.7032372951507568,0.5817540884017944,-0.04548071324825287,0.7251784801483154,0.5776327848434448,-0.02868160977959633,0.7479677796363831,0.5672076344490051,-0.01416588295251131,H
0.8747776746749878,0.6936752796173096,5.02509237776394e-07,0.818855345249176,0.601650595664978,0.007861379534006119,0.7451084852218628,0.5610964298248291,0.0014412271557375789,0.6835708022117615,0.5863128900527954,-0.006933516822755337,0.6467654705047607,0.6261439323425293,-0.01693689450621605,0.703458845615387,0.5619140267372131,-0.036423537880182266,0.5863321423530579,0.5693699717521667,-0.05349333584308624,0.5241654515266418,0.5797183513641357,-0.057884760200977325,0.4767754077911377,0.5918638706207275,-0.05707670375704765,0.697355329990387,0.6352246999740601,-0.048544999212026596,0.5745362639427185,0.6395050883293152,-0.060839541256427765,0.506055474281311,0.6409474015235901,-0.06191517785191536,0.45807069540023804,0.6442723870277405,-0.06084557995200157,0.7029296159744263,0.7087823748588562,-0.056286416947841644,0.6255426406860352,0.7240001559257507,-0.06435498595237732,0.6548653841018677,0.7137711048126221,-0.05246422067284584,0.6902172565460205,0.7067219018936157,-0.03970412537455559,0.7169480323791504,0.7754942178726196,-0.06309332698583603,0.6631447076797485,0.77281653881073,-0.06142060458660126,0.6846765279769897,0.7596555948257446,-0.04273258149623871,0.7106225490570068,0.7533577680587769,-0.02541026845574379,H
0.8666219115257263,0.6016553044319153,3.1671004308009287e-07,0.8098427653312683,0.5047541856765747,0.014036617241799831,0.7304909825325012,0.46249836683273315,0.011380774900317192,0.6637459993362427,0.48476505279541016,0.005258441437035799,0.6276131272315979,0.5307613611221313,-0.0030267962720245123,0.6895361542701721,0.44701215624809265,-0.02653622440993786,0.5753404498100281,0.4656161665916443,-0.042909178882837296,0.513541579246521,0.4799879193305969,-0.04924410581588745,0.4653272032737732,0.49329236149787903,-0.05052388086915016,0.6807174682617188,0.5154472589492798,-0.041744865477085114,0.5593429207801819,0.5304123163223267,-0.055022548884153366,0.486905574798584,0.5383363962173462,-0.05947728455066681,0.43678197264671326,0.5474918484687805,-0.06110997498035431,0.6847372055053711,0.5877573490142822,-0.052237629890441895,0.610789954662323,0.618598461151123,-0.05944473668932915,0.6413963437080383,0.6147351264953613,-0.047989703714847565,0.6753544807434082,0.6078511476516724,-0.03588174283504486,0.6980265974998474,0.6583325862884521,-0.06158607453107834,0.6385356783866882,0.6636266708374023,-0.058666836470365524,0.663600742816925,0.6582669615745544,-0.0392766110599041,0.6922948956489563,0.6527383327484131,-0.021883241832256317,H
0.8916184306144714,0.4348759651184082,7.135200519314822e-08,0.8524242043495178,0.3362709879875183,0.022464103996753693,0.7839127779006958,0.29018229246139526,0.021553879603743553,0.7185577750205994,0.2935936450958252,0.014886158518493176,0.6770347356796265,0.320269912481308,0.006396839860826731,0.7475828528404236,0.23178482055664062,-0.01155487634241581,0.6412481665611267,0.2327103167772293,-0.020898357033729553,0.5859034657478333,0.23838229477405548,-0.02537992037832737,0.5411989688873291,0.2435811460018158,-0.028200292959809303,0.7400400042533875,0.28323137760162354,-0.032209061086177826,0.6283463835716248,0.2868747413158417,-0.0417499914765358,0.561847448348999,0.28894931077957153,-0.04971553757786751,0.5115134716033936,0.2903652489185333,-0.05702310800552368,0.7386511564254761,0.34656235575675964,-0.04791601747274399,0.6619322299957275,0.3949674367904663,-0.051079150289297104,0.6949888467788696,0.40745970606803894,-0.044273775070905685,0.7264706492424011,0.39694473147392273,-0.03959599509835243,0.7405929565429688,0.4115414619445801,-0.06191769987344742,0.6802628636360168,0.44347888231277466,-0.05949503183364868,0.7071608901023865,0.45270103216171265,-0.04609499126672745,0.7355824112892151,0.4423587918281555,-0.03572992607951164,H
0.8859620690345764,0.5980361104011536,2.0456246829780866e-07,0.8305943012237549,0.5094092488288879,0.008383898064494133,0.7519040107727051,0.4774271249771118,0.004817497450858355,0.6873008012771606,0.49689820408821106,-0.0013775450643151999,0.6487796306610107,0.5349996089935303,-0.009593241848051548,0.7146336436271667,0.46223294734954834,-0.0271531343460083,0.6088533401489258,0.49673861265182495,-0.04282384738326073,0.5535800457000732,0.5195669531822205,-0.04921972379088402,0.5095787644386292,0.538651168346405,-0.05086912959814072,0.7122935056686401,0.5277295708656311,-0.040274012833833694,0.6005997657775879,0.5590990781784058,-0.05295099690556526,0.5347391963005066,0.5783516764640808,-0.05826358497142792,0.4870019555091858,0.5942080616950989,-0.06081090122461319,0.7207383513450623,0.5958317518234253,-0.04965928941965103,0.6510459780693054,0.6383596062660217,-0.05993486940860748,0.6809974312782288,0.6313326954841614,-0.052803270518779755,0.7130181789398193,0.6198740601539612,-0.04359184205532074,0.7361626029014587,0.6632801294326782,-0.058091506361961365,0.6835715174674988,0.6795332431793213,-0.060254186391830444,0.7070068120956421,0.6712957620620728,-0.046093687415122986,0.732951283454895,0.6598309874534607,-0.0323810875415802,H
0.8906468749046326,0.805708110332489,3.995410224888474e-07,0.8395711779594421,0.7062404751777649,0.0025496871676295996,0.7621933817863464,0.6618040204048157,-0.0035966727882623672,0.697823166847229,0.6874438524246216,-0.009507670067250729,0.6619598865509033,0.7375742793083191,-0.016550840809941292,0.7237025499343872,0.6554964184761047,-0.03630131483078003,0.6063851118087769,0.6710132956504822,-0.046855516731739044,0.5478478670120239,0.6836751103401184,-0.047937411814928055,0.5013316869735718,0.6949173212051392,-0.04564502835273743,0.7150883078575134,0.7316234707832336,-0.044174835085868835,0.5921096801757812,0.7415034174919128,-0.04993187263607979,0.5252337455749512,0.7461829781532288,-0.04883421212434769,0.48136287927627563,0.7519118785858154,-0.04734797775745392,0.7170192003250122,0.8064948916435242,-0.04808562621474266,0.637449324131012,0.8077577352523804,-0.05090662091970444,0.6685638427734375,0.8011927008628845,-0.03934122994542122,0.7042500376701355,0.8007838726043701,-0.028267458081245422,0.7249680161476135,0.8734580278396606,-0.051606059074401855,0.6690535545349121,0.8554201722145081,-0.04653934761881828,0.6935075521469116,0.8465796113014221,-0.028793128207325935,0.7200066447257996,0.84639573097229,-0.013516930863261223,H
0.8720661401748657,0.4548478126525879,2.156060503466506e-07,0.8210799694061279,0.3726302683353424,0.011660708114504814,0.7475311756134033,0.34191733598709106,0.006949919741600752,0.6940828561782837,0.3618801534175873,-0.0023542207200080156,0.6672886610031128,0.40142399072647095,-0.013696745969355106,0.7138993740081787,0.30206868052482605,-0.01990797184407711,0.6132640838623047,0.31096386909484863,-0.036641474813222885,0.5567374229431152,0.3234277665615082,-0.04518071189522743,0.5135127902030945,0.3349781632423401,-0.04882145673036575,0.7091006636619568,0.35557878017425537,-0.03672244772315025,0.6005581617355347,0.3682551681995392,-0.05047706887125969,0.5350609421730042,0.3791353106498718,-0.058121807873249054,0.48593682050704956,0.38695740699768066,-0.06271646916866302,0.713564932346344,0.416657954454422,-0.05008630082011223,0.645665168762207,0.4688723683357239,-0.058906760066747665,0.674845278263092,0.47384196519851685,-0.052953410893678665,0.7038047909736633,0.46237269043922424,-0.045651622116565704,0.7232767939567566,0.4805765151977539,-0.06276905536651611,0.669314444065094,0.5097526907920837,-0.06269779056310654,0.6918802857398987,0.5111210942268372,-0.04843844845890999,0.7167558670043945,0.4999738037586212,-0.03588321805000305,H
0.9035018086433411,0.4063224494457245,1.2981872465900324e-08,0.8585952520370483,0.31438541412353516,0.020698606967926025,0.7892743349075317,0.27300259470939636,0.017809104174375534,0.7257295250892639,0.276767760515213,0.00834705587476492,0.6850327849388123,0.30135950446128845,-0.0034574533347040415,0.7502827644348145,0.22129380702972412,-0.01408348511904478,0.6498768925666809,0.22497528791427612,-0.029561569914221764,0.594794511795044,0.23389554023742676,-0.03763490915298462,0.5507283210754395,0.24311968684196472,-0.04210152477025986,0.7501395344734192,0.26815494894981384,-0.03682884946465492,0.6369751691818237,0.2800152897834778,-0.05137215182185173,0.5698296427726746,0.28658154606819153,-0.05992955341935158,0.5203989148139954,0.2899547517299652,-0.06682144105434418,0.7561419606208801,0.32933714985847473,-0.05567619204521179,0.6771250367164612,0.3867586553096771,-0.06601102650165558,0.7091054916381836,0.3965977430343628,-0.059610556811094284,0.7406061291694641,0.3827057480812073,-0.05339561030268669,0.764560878276825,0.39526715874671936,-0.07290156930685043,0.700748860836029,0.43491271138191223,-0.07693077623844147,0.7268561720848083,0.44127804040908813,-0.06511334329843521,0.755786657333374,0.427165687084198,-0.05482134968042374,H
0.8925364017486572,0.4766956567764282,1.231457957828752e-07,0.8378875255584717,0.392606645822525,0.015119398944079876,0.7627235054969788,0.36447957158088684,0.012835043482482433,0.706990659236908,0.38285788893699646,0.005274736788123846,0.6764779686927795,0.4218049645423889,-0.00467672199010849,0.7255488038063049,0.31832003593444824,-0.01186508871614933,0.6251537799835205,0.33408910036087036,-0.026749862357974052,0.5701624751091003,0.34809958934783936,-0.03614022210240364,0.5264942646026611,0.3615691363811493,-0.04113742709159851,0.7206411957740784,0.37158629298210144,-0.031031180173158646,0.6135703325271606,0.3881836235523224,-0.04309171438217163,0.5478513240814209,0.40196436643600464,-0.05196776241064072,0.4977160096168518,0.41205382347106934,-0.05827285349369049,0.7246229648590088,0.4348003566265106,-0.046906448900699615,0.6546414494514465,0.4891701340675354,-0.05523509904742241,0.6861080527305603,0.49373769760131836,-0.05004985257983208,0.715339720249176,0.47931718826293945,-0.04396878182888031,0.7351215481758118,0.5027540922164917,-0.06178693473339081,0.6759154796600342,0.5351098775863647,-0.0625736340880394,0.7015920281410217,0.5369082689285278,-0.048018403351306915,0.7290646433830261,0.5240151882171631,-0.03535735607147217,H
0.8623561859130859,0.6101421117782593,2.5480287035861693e-07,0.815619170665741,0.5126738548278809,0.013191582635045052,0.7454430460929871,0.46794167160987854,0.010772870853543282,0.6896809935569763,0.48751336336135864,0.003972987178713083,0.6585608720779419,0.5314270257949829,-0.005058536771684885,0.705847442150116,0.4383862018585205,-0.01523735374212265,0.600700318813324,0.4476173222064972,-0.028152376413345337,0.543506920337677,0.45466890931129456,-0.03461465239524841,0.49889075756073,0.46320515871047974,-0.03699282556772232,0.6924927830696106,0.4973011016845703,-0.030862484127283096,0.5851885676383972,0.5003941059112549,-0.040955137461423874,0.5190860033035278,0.5023114681243896,-0.04832389950752258,0.4715772271156311,0.5066887736320496,-0.05333906039595604,0.6906291246414185,0.564775288105011,-0.04262693226337433,0.6233653426170349,0.5938009023666382,-0.0476888008415699,0.6530691385269165,0.5968731045722961,-0.04047532379627228,0.6845462918281555,0.5933184027671814,-0.033037763088941574,0.6976009607315063,0.6345710158348083,-0.05350552871823311,0.6447458267211914,0.642571747303009,-0.05062566325068474,0.6696064472198486,0.6435657739639282,-0.03431624174118042,0.6969094276428223,0.6413722634315491,-0.02025408297777176,H
0.8513567447662354,0.656152606010437,3.1685743806519895e-07,0.8093608617782593,0.5574869513511658,0.005036889109760523,0.7393214702606201,0.5054639577865601,-0.00036039063706994057,0.6767420768737793,0.5193009376525879,-0.007606998551636934,0.6416780352592468,0.5633238554000854,-0.016348691657185555,0.7034109234809875,0.48591482639312744,-0.026872912421822548,0.5955902934074402,0.4901932179927826,-0.04089228808879852,0.5397334098815918,0.49725228548049927,-0.04697902500629425,0.49551165103912354,0.5029746294021606,-0.04872792959213257,0.6898742914199829,0.5513591170310974,-0.03816952183842659,0.5794149041175842,0.5467924475669861,-0.04907600209116936,0.5128846764564514,0.5430883169174194,-0.054479703307151794,0.4651816189289093,0.5427818894386292,-0.05759883671998978,0.6861518025398254,0.6218259334564209,-0.04612618312239647,0.6166781187057495,0.6289149522781372,-0.05378594249486923,0.6453121900558472,0.6276935935020447,-0.04680287092924118,0.6781588196754456,0.6279410719871521,-0.038266632705926895,0.6889849901199341,0.6913784742355347,-0.05369749665260315,0.6407254934310913,0.6796008348464966,-0.052653733640909195,0.6630076169967651,0.6763281226158142,-0.03817271068692207,0.6884945631027222,0.6767759919166565,-0.02496614307165146,H
0.8458580374717712,0.7056376338005066,3.621543100962299e-07,0.8008864521980286,0.6133723258972168,-7.984115654835477e-06,0.7296639680862427,0.5642334222793579,-0.008024987764656544,0.667759120464325,0.5829675793647766,-0.016511382535099983,0.6323906183242798,0.6268237829208374,-0.026077864691615105,0.693126916885376,0.553431510925293,-0.03592150658369064,0.5844188928604126,0.5677927732467651,-0.05211399868130684,0.5275955200195312,0.5814840793609619,-0.05855323374271393,0.4830808639526367,0.5952966809272766,-0.060334205627441406,0.6836386322975159,0.6211782097816467,-0.04490315541625023,0.5710234642028809,0.6304823160171509,-0.058328550308942795,0.5065975785255432,0.6370044946670532,-0.06330045312643051,0.46294713020324707,0.643381655216217,-0.06556364893913269,0.6832762360572815,0.6922589540481567,-0.050617147237062454,0.6161656379699707,0.7065874338150024,-0.0601721853017807,0.6463151574134827,0.7047444581985474,-0.0510004460811615,0.679407000541687,0.7014769315719604,-0.04055994749069214,0.6882917881011963,0.7598786354064941,-0.05633880943059921,0.641362726688385,0.7526198029518127,-0.05681069940328598,0.6667680740356445,0.7481926083564758,-0.041189756244421005,0.6925368905067444,0.7462508082389832,-0.026776650920510292,H
0.8371815085411072,0.7528058290481567,4.399102522256726e-07,0.7891652584075928,0.65664142370224,-0.003151118755340576,0.714802086353302,0.6146392822265625,-0.012336112558841705,0.6559321880340576,0.6434275507926941,-0.021358421072363853,0.6253126859664917,0.6960499286651611,-0.031183185055851936,0.6811545491218567,0.6062040328979492,-0.03748956322669983,0.5756011009216309,0.6197332143783569,-0.053814847022295,0.5193314552307129,0.6338937282562256,-0.0593760646879673,0.4742337167263031,0.6474120020866394,-0.06000019982457161,0.6713540554046631,0.676856517791748,-0.04538056626915932,0.5574620962142944,0.6818421483039856,-0.05868195742368698,0.49172085523605347,0.6827964782714844,-0.06237217038869858,0.44675135612487793,0.6853938698768616,-0.06278422474861145,0.6715715527534485,0.7472577691078186,-0.05034000426530838,0.6065236330032349,0.7519726753234863,-0.06133551523089409,0.6358935236930847,0.745146632194519,-0.05346504598855972,0.6690115332603455,0.7422128915786743,-0.042790766805410385,0.6776347756385803,0.8121854066848755,-0.05543218553066254,0.6329872608184814,0.7962006330490112,-0.05573756992816925,0.6577267050743103,0.7892339825630188,-0.040010757744312286,0.6836286783218384,0.7893813252449036,-0.02525230497121811,H
0.8277386426925659,0.7663737535476685,4.089248477612273e-07,0.7814335823059082,0.6732760071754456,0.0008088393951766193,0.7107393741607666,0.6294009685516357,-0.006925951689481735,0.6509959697723389,0.6555836200714111,-0.014942899346351624,0.6194286346435547,0.7059992551803589,-0.024252062663435936,0.6746332049369812,0.623689591884613,-0.03770587220788002,0.5664198994636536,0.6416794061660767,-0.05174122005701065,0.5111315846443176,0.6557100415229797,-0.05535689741373062,0.46634238958358765,0.669138491153717,-0.054906006902456284,0.6645448803901672,0.6930046081542969,-0.04648599401116371,0.5485624074935913,0.7014280557632446,-0.05727367103099823,0.48111963272094727,0.7058006525039673,-0.059920281171798706,0.4346681237220764,0.7118622064590454,-0.060208093374967575,0.6658329963684082,0.763523280620575,-0.05146965757012367,0.6014530062675476,0.7708184719085693,-0.05882162228226662,0.6322394013404846,0.7639687061309814,-0.04937813803553581,0.6656982898712158,0.7602488994598389,-0.03864074498414993,0.6732376217842102,0.8293994665145874,-0.05625109747052193,0.6297741532325745,0.8152216076850891,-0.05429723858833313,0.6552972793579102,0.8083042502403259,-0.037828028202056885,0.6807014346122742,0.8080598711967468,-0.022925838828086853,H
0.8360345363616943,0.7492284178733826,3.5029128753194527e-07,0.7917236089706421,0.6594027280807495,0.0008970167255029082,0.7214033603668213,0.6141005754470825,-0.0021777083165943623,0.6619614958763123,0.6354559063911438,-0.006278769578784704,0.6322685480117798,0.6811249256134033,-0.011135892942547798,0.6822382211685181,0.6063364148139954,-0.02083788625895977,0.5848329663276672,0.617988646030426,-0.03240292891860008,0.5325387120246887,0.6293461322784424,-0.036271899938583374,0.4896775782108307,0.641182005405426,-0.036376435309648514,0.6702756285667419,0.6696823239326477,-0.028754202648997307,0.5686756372451782,0.6738973259925842,-0.03840550407767296,0.5083596706390381,0.6772639155387878,-0.0432194285094738,0.4632573127746582,0.6830525398254395,-0.04454365372657776,0.6686325073242188,0.7346291542053223,-0.03423449769616127,0.6145154237747192,0.7476469874382019,-0.04374898597598076,0.6414437294006348,0.7423959374427795,-0.041315190494060516,0.6709985136985779,0.7388858795166016,-0.034413110464811325,0.6726663708686829,0.7977263927459717,-0.03959236666560173,0.638742208480835,0.7884367108345032,-0.04057237505912781,0.6610321998596191,0.7820934057235718,-0.030334511771798134,0.6844181418418884,0.7796939611434937,-0.0193431805819273,H
0.8973397016525269,0.6216453909873962,1.3167147017156822e-07,0.8512771129608154,0.5358085036277771,0.015288583002984524,0.7838107347488403,0.49715280532836914,0.01282084733247757,0.7227972149848938,0.5057390332221985,0.0062532080337405205,0.6835756301879883,0.5347836017608643,-0.002574850805103779,0.7512940168380737,0.4700078070163727,-0.019985193386673927,0.6505897045135498,0.48217445611953735,-0.03377620875835419,0.5997893214225769,0.4950063228607178,-0.038991864770650864,0.558912992477417,0.5066322684288025,-0.040135737508535385,0.7453863620758057,0.5261827111244202,-0.0366840735077858,0.6395931839942932,0.5367164015769958,-0.04806521162390709,0.5777976512908936,0.5447648763656616,-0.05250658839941025,0.5322971940040588,0.5520014762878418,-0.05506805703043938,0.7481451034545898,0.5887411832809448,-0.0494920015335083,0.6783329844474792,0.6220205426216125,-0.05772015079855919,0.7042074799537659,0.6244349479675293,-0.05012349411845207,0.7331320643424988,0.6182887554168701,-0.041688039898872375,0.7559290528297424,0.6530320048332214,-0.06085130572319031,0.699791431427002,0.6691433191299438,-0.06144837662577629,0.7197364568710327,0.6685780882835388,-0.04741864651441574,0.7442722916603088,0.661372184753418,-0.03463470935821533,H
0.9471457004547119,0.6542730927467346,1.246530700882431e-07,0.9016245603561401,0.5721427798271179,0.012407725676894188,0.8304240703582764,0.5372964143753052,0.007998857647180557,0.7641218900680542,0.5525864958763123,0.001314383465796709,0.723029613494873,0.5847784280776978,-0.0076303426176309586,0.8102269768714905,0.5065730214118958,-0.030622227117419243,0.7099620699882507,0.5176340937614441,-0.04516039416193962,0.6586737036705017,0.5309410095214844,-0.050381701439619064,0.6161684393882751,0.5444563031196594,-0.05213620886206627,0.8045417666435242,0.5646505355834961,-0.04513494297862053,0.6978204250335693,0.5732740759849548,-0.05666356533765793,0.6355589032173157,0.5812808871269226,-0.05986697971820831,0.5895203351974487,0.5908265709877014,-0.06255283206701279,0.805988609790802,0.6278781890869141,-0.0550529770553112,0.7310288548469543,0.6540139317512512,-0.061022087931632996,0.7572014331817627,0.6529415249824524,-0.049317192286252975,0.7864540219306946,0.6489192247390747,-0.039425384253263474,0.81252521276474,0.6912373304367065,-0.06380954384803772,0.7529211044311523,0.7000548243522644,-0.06246306002140045,0.7725316882133484,0.6969031691551208,-0.0461416020989418,0.7968246340751648,0.6914675831794739,-0.032633569091558456,H
0.931325376033783,0.6915249824523926,2.1758314971975778e-07,0.8899536728858948,0.6085828542709351,0.00997292809188366,0.823505163192749,0.5700169205665588,0.004084506072103977,0.7645112872123718,0.5851832032203674,-0.004265878815203905,0.7310375571250916,0.6230480074882507,-0.014861062169075012,0.7957125306129456,0.5434020757675171,-0.03301053121685982,0.6930238604545593,0.5514581203460693,-0.04981371760368347,0.6400635838508606,0.5622190237045288,-0.056786566972732544,0.5977077484130859,0.5727728605270386,-0.05954282358288765,0.788766622543335,0.6023776531219482,-0.04741169512271881,0.6801560521125793,0.6063708662986755,-0.06075800582766533,0.616771936416626,0.6103801131248474,-0.06545701622962952,0.570090115070343,0.6157720685005188,-0.06898236274719238,0.7894444465637207,0.6669586300849915,-0.057471174746751785,0.7107391953468323,0.6867710947990417,-0.06587464362382889,0.7371443510055542,0.6872342228889465,-0.05448027700185776,0.7673645615577698,0.685152530670166,-0.04402335733175278,0.795820951461792,0.7313774824142456,-0.0666518434882164,0.7372760772705078,0.7321521639823914,-0.06782545149326324,0.7570168972015381,0.7280519008636475,-0.05198961868882179,0.7804405093193054,0.723564088344574,-0.038183704018592834,H
0.826718807220459,0.6865293979644775,2.685967501747655e-07,0.7800079584121704,0.6021541953086853,0.010764547623693943,0.7128196358680725,0.5602279901504517,0.007382040377706289,0.6576414704322815,0.5700728297233582,0.0007112286984920502,0.624279797077179,0.6051069498062134,-0.007639959454536438,0.6795321702957153,0.5312837362289429,-0.017588771879673004,0.5833446979522705,0.5362588167190552,-0.030643828213214874,0.5316132307052612,0.545900821685791,-0.037230007350444794,0.49081915616989136,0.5562270879745483,-0.039465997368097305,0.6688821315765381,0.5883046388626099,-0.031201044097542763,0.5701879858970642,0.589962899684906,-0.040604110807180405,0.5083152055740356,0.5947622060775757,-0.046521008014678955,0.4625314474105835,0.6008899211883545,-0.05036762356758118,0.6684213876724243,0.6525532603263855,-0.041428856551647186,0.6040120720863342,0.6823784708976746,-0.046893540769815445,0.6321508288383484,0.6855351328849792,-0.04043538123369217,0.6617637872695923,0.6805643439292908,-0.03335537016391754,0.6754040718078613,0.7187193036079407,-0.050833433866500854,0.6278730630874634,0.7268319129943848,-0.04923265427350998,0.650501012802124,0.726862907409668,-0.03512775897979736,0.6748000383377075,0.7216517925262451,-0.022556031122803688,H
0.8977477550506592,0.7290246486663818,3.198041724772338e-07,0.8532821536064148,0.6464139819145203,0.0007042541401460767,0.7794374227523804,0.6155272126197815,-0.008009586483240128,0.7192482948303223,0.6343255639076233,-0.01669243909418583,0.6838435530662537,0.6709142923355103,-0.026748929172754288,0.7615557312965393,0.5940890312194824,-0.04395158961415291,0.6640108823776245,0.6033444404602051,-0.060206711292266846,0.6120120286941528,0.6136977076530457,-0.06558441370725632,0.5692141056060791,0.6242091655731201,-0.06716680526733398,0.7566289305686951,0.6595937013626099,-0.05438641086220741,0.6447031497955322,0.6683530807495117,-0.06865952908992767,0.5802486538887024,0.6714862585067749,-0.07115353643894196,0.5343528985977173,0.6775708794593811,-0.07254750281572342,0.7587371468544006,0.7268823385238647,-0.061027735471725464,0.6789056658744812,0.7315060496330261,-0.07303893566131592,0.7042092680931091,0.7213764786720276,-0.062350403517484665,0.7350475788116455,0.7194688320159912,-0.05098963901400566,0.7646687030792236,0.7888015508651733,-0.06720742583274841,0.6987330913543701,0.7733970284461975,-0.07145533710718155,0.718170702457428,0.7624537944793701,-0.05616612732410431,0.743506908416748,0.7608937621116638,-0.04223708435893059,H
0.8974200487136841,0.6973427534103394,2.8957919084859896e-07,0.8533260822296143,0.6153411865234375,0.0026899741496890783,0.7820990085601807,0.5820890665054321,-0.005659629125148058,0.7229271531105042,0.6008504033088684,-0.015076030977070332,0.6887502074241638,0.6382390856742859,-0.026107924059033394,0.761886477470398,0.5548787117004395,-0.03784293681383133,0.664044976234436,0.563151478767395,-0.055413149297237396,0.6123872399330139,0.5745915174484253,-0.06255459785461426,0.5701868534088135,0.5857188701629639,-0.0651574581861496,0.7566348910331726,0.6181279420852661,-0.05005810782313347,0.6470893621444702,0.6253932118415833,-0.06571396440267563,0.5825692415237427,0.6283681392669678,-0.07076268643140793,0.5347542762756348,0.632595419883728,-0.07410723716020584,0.7580116987228394,0.685425877571106,-0.05872831121087074,0.6784588098526001,0.6950668096542358,-0.07351651787757874,0.7054583430290222,0.6927728652954102,-0.06404297798871994,0.7360187768936157,0.6933072209358215,-0.05292573571205139,0.7636343836784363,0.7513071298599243,-0.0666607990860939,0.6978232860565186,0.7406793236732483,-0.07280229777097702,0.7190256714820862,0.7349441051483154,-0.057282958179712296,0.7443819642066956,0.7346805334091187,-0.042872555553913116,H
0.9126055240631104,0.6942159533500671,2.886521031086886e-07,0.8715659379959106,0.6141804456710815,0.0018730543088167906,0.8012598156929016,0.5784893035888672,-0.007842508144676685,0.741716742515564,0.5935553312301636,-0.0180723425000906,0.7058500051498413,0.6276782155036926,-0.03002200834453106,0.783449113368988,0.5493821501731873,-0.04303279146552086,0.6861514449119568,0.5558256506919861,-0.061461370438337326,0.63402259349823,0.564688503742218,-0.06864742934703827,0.5906544327735901,0.5741065740585327,-0.07142141461372375,0.7783896923065186,0.6133579611778259,-0.05543723329901695,0.6676117181777954,0.6143699884414673,-0.07212960720062256,0.6031633615493774,0.6154206991195679,-0.07643120735883713,0.5545890927314758,0.6210940480232239,-0.07913796603679657,0.7792555689811707,0.681045413017273,-0.06408355385065079,0.6938830614089966,0.6877790093421936,-0.07986447960138321,0.7201477289199829,0.6835005283355713,-0.0693637803196907,0.7509903907775879,0.6843589544296265,-0.057364653795957565,0.7837032079696655,0.7466995716094971,-0.07196055352687836,0.7123037576675415,0.7319617867469788,-0.07965394854545593,0.7325569987297058,0.7241979837417603,-0.06425537914037704,0.7580922842025757,0.7238471508026123,-0.049675967544317245,H
0.881480872631073,0.8185473680496216,3.493151154998486e-07,0.8450208902359009,0.7253410816192627,-0.00012111211253795773,0.7739657759666443,0.6715912818908691,-0.011269607581198215,0.7109292149543762,0.6762961745262146,-0.022294042631983757,0.6702610850334167,0.7082152962684631,-0.035176195204257965,0.755040168762207,0.6568729877471924,-0.051812782883644104,0.6514379382133484,0.6455933451652527,-0.07204626500606537,0.5943835377693176,0.6438149213790894,-0.07957427948713303,0.5484271049499512,0.6433157324790955,-0.08212754130363464,0.7423250675201416,0.7253841161727905,-0.06283438205718994,0.6240826845169067,0.7098095417022705,-0.0788516253232956,0.5576228499412537,0.6958469152450562,-0.08111327886581421,0.509025514125824,0.68934565782547,-0.08265770226716995,0.7373855710029602,0.7951096296310425,-0.06959787756204605,0.6437418460845947,0.7797886729240417,-0.08342812955379486,0.6687710881233215,0.7684038281440735,-0.07143593579530716,0.7032765746116638,0.7708209156990051,-0.05913998931646347,0.738131582736969,0.8602117300033569,-0.07580447942018509,0.666075587272644,0.8312619924545288,-0.08230196684598923,0.6848720908164978,0.8175056576728821,-0.06636287271976471,0.7124952673912048,0.8189377188682556,-0.05155403912067413,H
0.7958624362945557,0.6678147912025452,2.390116264905373e-07,0.7571132183074951,0.59112948179245,0.012954659759998322,0.7005448341369629,0.5526345372200012,0.009395821020007133,0.6474548578262329,0.5616023540496826,0.002626887522637844,0.616389274597168,0.5980726480484009,-0.005569669418036938,0.6666129231452942,0.5173724889755249,-0.018231159076094627,0.5741472840309143,0.5262531042098999,-0.025984255596995354,0.5286179184913635,0.5342512726783752,-0.028114769607782364,0.492228239774704,0.5394760966300964,-0.02805979549884796,0.6562628149986267,0.5731673240661621,-0.030706213787198067,0.5621181726455688,0.5770737528800964,-0.03724855184555054,0.5072552561759949,0.5782837271690369,-0.041023094207048416,0.46884703636169434,0.5790932178497314,-0.0437505766749382,0.6532744765281677,0.6351608037948608,-0.0389510840177536,0.6015307903289795,0.6490200161933899,-0.03871147707104683,0.6297559142112732,0.6509337425231934,-0.030587637796998024,0.6562474370002747,0.649600088596344,-0.02372831292450428,0.6557739973068237,0.6955508589744568,-0.04636266082525253,0.6211369037628174,0.6906681656837463,-0.038257986307144165,0.6442390084266663,0.6902944445610046,-0.023594195023179054,0.6661447286605835,0.6885671019554138,-0.012002333998680115,H
0.769740104675293,0.7383052110671997,3.191387918377586e-07,0.740415632724762,0.6530179977416992,0.010336791165173054,0.6872090101242065,0.6046935319900513,0.010500714182853699,0.6361213326454163,0.6155440807342529,0.008827992714941502,0.6061487793922424,0.6533928513526917,0.006648508831858635,0.6511228680610657,0.5816099643707275,-0.012244055047631264,0.5615839958190918,0.5767817497253418,-0.014913719147443771,0.5161281228065491,0.5802600383758545,-0.01294272392988205,0.480681836605072,0.5835375785827637,-0.009628639556467533,0.6321398019790649,0.6385495066642761,-0.01950700394809246,0.5433576703071594,0.6279083490371704,-0.01997697912156582,0.4925555884838104,0.6204252243041992,-0.019620385020971298,0.45905035734176636,0.6157708764076233,-0.018597682937979698,0.6225263476371765,0.6976171135902405,-0.023159245029091835,0.5854746103286743,0.6866553425788879,-0.017744459211826324,0.6110972762107849,0.6887515187263489,-0.010453141294419765,0.6359611749649048,0.6944521069526672,-0.0039126090705394745,0.6193616390228271,0.7529267072677612,-0.02631380781531334,0.6037015914916992,0.730902910232544,-0.013197991997003555,0.624805748462677,0.7327102422714233,0.0006088973605073988,0.6438370943069458,0.7372042536735535,0.011583440937101841,H
0.7802308201789856,0.7149131894111633,3.6813082715525525e-07,0.7422739267349243,0.6256918907165527,0.011868980713188648,0.6844701170921326,0.5774245858192444,0.01354218740016222,0.6302626132965088,0.595094621181488,0.013207896612584591,0.6002238988876343,0.639308750629425,0.012191815301775932,0.6386178135871887,0.567919909954071,-0.009778528474271297,0.5443926453590393,0.571234941482544,-0.01211837399750948,0.4957611560821533,0.5807785987854004,-0.009076586924493313,0.45735156536102295,0.591755747795105,-0.004576145205646753,0.6217067837715149,0.6291074752807617,-0.01823645457625389,0.5227625966072083,0.6258113384246826,-0.019185539335012436,0.4691418707370758,0.622711181640625,-0.017743242904543877,0.4344814419746399,0.6224427819252014,-0.01469664927572012,0.6166992783546448,0.6927257180213928,-0.022948993369936943,0.5737411975860596,0.6901810169219971,-0.018863078206777573,0.6001831889152527,0.6884451508522034,-0.010638397186994553,0.6271070241928101,0.6907033920288086,-0.0020782481878995895,0.6193011403083801,0.7519831657409668,-0.026875345036387444,0.5959934592247009,0.7341479659080505,-0.013727610930800438,0.6190917491912842,0.7322241067886353,0.002580422442406416,0.6417224407196045,0.7342578172683716,0.01638115383684635,H
0.8988176584243774,0.7714250683784485,3.80680489797669e-07,0.8624326586723328,0.6763414740562439,0.005859971046447754,0.7959071397781372,0.63068687915802,0.0025815400294959545,0.7360482215881348,0.6594173312187195,-0.0010705622844398022,0.705797016620636,0.7110199332237244,-0.005530382040888071,0.7575516700744629,0.6180808544158936,-0.026555180549621582,0.6531425714492798,0.622645378112793,-0.033166538923978806,0.6011226177215576,0.6290725469589233,-0.032311178743839264,0.559098482131958,0.6368716955184937,-0.029356785118579865,0.741885781288147,0.6845771074295044,-0.03252097964286804,0.6348744630813599,0.6790918707847595,-0.03667231649160385,0.5762109160423279,0.6751211285591125,-0.036660291254520416,0.5359848141670227,0.675896167755127,-0.03569130599498749,0.7357754707336426,0.7495101690292358,-0.034095242619514465,0.6782238483428955,0.7404913902282715,-0.03115171380341053,0.7072535753250122,0.7362597584724426,-0.020932387560606003,0.7371151447296143,0.7393187284469604,-0.01181977428495884,0.7368431091308594,0.8064185976982117,-0.03528209030628204,0.7029788494110107,0.7820589542388916,-0.023422639816999435,0.7261004447937012,0.7774990200996399,-0.006586892064660788,0.748616099357605,0.7813420295715332,0.006940648425370455,H
0.8156939744949341,0.8180359601974487,5.356180849958037e-07,0.7646114230155945,0.7221309542655945,0.014036547392606735,0.6955427527427673,0.6831886768341064,0.01360675971955061,0.6378804445266724,0.7138662338256836,0.010346886701881886,0.6085708737373352,0.7637386918067932,0.006208293605595827,0.6483646631240845,0.674429714679718,-0.017119405791163445,0.545383870601654,0.6668643355369568,-0.02372065559029579,0.49025940895080566,0.6692250967025757,-0.022609123960137367,0.44581887125968933,0.6760525107383728,-0.01910482347011566,0.6318942308425903,0.7461845874786377,-0.027742885053157806,0.5245038270950317,0.7298228740692139,-0.030698616057634354,0.4604503810405731,0.7231298089027405,-0.030820822343230247,0.4160297214984894,0.7229098677635193,-0.02929031290113926,0.6300866007804871,0.8171517848968506,-0.03350810334086418,0.5820519924163818,0.8011716604232788,-0.02659504860639572,0.6111006736755371,0.7929603457450867,-0.015601851977407932,0.6407341361045837,0.7951852083206177,-0.005906400736421347,0.6382493376731873,0.8779411911964417,-0.03872168809175491,0.6172311902046204,0.849927544593811,-0.020855799317359924,0.6386772990226746,0.8415459990501404,-0.001972808502614498,0.6597878336906433,0.8435796499252319,0.013185817748308182,H
0.9440352916717529,0.76186603307724,3.194741680090374e-07,0.9050862789154053,0.6827453970909119,0.007015162613242865,0.8432869911193848,0.6483029723167419,-0.00041825653170235455,0.7876681089401245,0.6728722453117371,-0.008969479240477085,0.7564535737037659,0.7185594439506531,-0.019006889313459396,0.8183891773223877,0.6261793375015259,-0.035711441189050674,0.7218084931373596,0.6314597725868225,-0.05025157332420349,0.671595573425293,0.6391167044639587,-0.05488127842545509,0.6303387880325317,0.6485130786895752,-0.056013382971286774,0.8093318343162537,0.6865394711494446,-0.046541642397642136,0.7060505151748657,0.6835423111915588,-0.05744810029864311,0.6484583616256714,0.6838760375976562,-0.05961931124329567,0.6069223880767822,0.6873199343681335,-0.061197035014629364,0.8071328401565552,0.7492242455482483,-0.05290306732058525,0.7349709272384644,0.7502098083496094,-0.058715056627988815,0.7626630663871765,0.748571515083313,-0.04672946035861969,0.7922013401985168,0.7499297857284546,-0.03610805422067642,0.8108847737312317,0.8073195815086365,-0.05851989611983299,0.765248715877533,0.7928888201713562,-0.057194821536540985,0.7858985662460327,0.7862436175346375,-0.04160868003964424,0.8069553375244141,0.7849406003952026,-0.028216347098350525,H
0.8501300811767578,0.5528008937835693,1.7857047396319103e-07,0.8060566782951355,0.4771104156970978,0.027112361043691635,0.7448439002037048,0.44831472635269165,0.029229426756501198,0.6881471872329712,0.4677037000656128,0.025528116151690483,0.6592401266098022,0.5094847679138184,0.02047623321413994,0.700110673904419,0.41343259811401367,-0.008128706365823746,0.6056327223777771,0.431591659784317,-0.013522397726774216,0.5584033131599426,0.4453067183494568,-0.015035959891974926,0.5209611654281616,0.4599333107471466,-0.01587025262415409,0.694534420967102,0.46771034598350525,-0.02643079310655594,0.5960590839385986,0.48087117075920105,-0.03195062279701233,0.5398488640785217,0.4882412552833557,-0.036588262766599655,0.5021901726722717,0.4966442883014679,-0.041420284658670425,0.697108268737793,0.5303290486335754,-0.03881421312689781,0.6409147381782532,0.5594853758811951,-0.029811374843120575,0.6734582185745239,0.5602253675460815,-0.015067902393639088,0.7007153630256653,0.5545477867126465,-0.0070006209425628185,0.7057179808616638,0.5897290706634521,-0.0500214509665966,0.6712849736213684,0.5996394753456116,-0.03403110429644585,0.6968552470207214,0.5979940295219421,-0.015485458076000214,0.718282163143158,0.5914477109909058,-0.0030080806463956833,H
0.878247857093811,0.6520731449127197,2.2345653860611492e-07,0.8286835551261902,0.5717418193817139,0.01913132704794407,0.7629266977310181,0.5463269948959351,0.015632405877113342,0.7103117108345032,0.5746299028396606,0.007901330478489399,0.682510495185852,0.6223276257514954,-0.0017455543857067823,0.723816990852356,0.5058249831199646,-0.02027781680226326,0.6266483664512634,0.5300477743148804,-0.030286259949207306,0.5783489346504211,0.544802188873291,-0.0352344773709774,0.5392979383468628,0.5560610890388489,-0.038026850670576096,0.7197966575622559,0.5687752962112427,-0.03661373630166054,0.6176598072052002,0.5844374299049377,-0.0421481728553772,0.5615376234054565,0.5922573208808899,-0.04665904492139816,0.5223454833030701,0.5977567434310913,-0.05196402966976166,0.7233783006668091,0.6364145278930664,-0.04767334461212158,0.6580514907836914,0.6587412357330322,-0.044099219143390656,0.6922036409378052,0.6581659913063049,-0.03240140527486801,0.7234964370727539,0.6532572507858276,-0.025455979630351067,0.7328658103942871,0.6996074914932251,-0.057732582092285156,0.6939355731010437,0.7037003040313721,-0.048500869423151016,0.7187897562980652,0.6990485787391663,-0.032479915767908096,0.7406443357467651,0.6921981573104858,-0.020911337807774544,H
0.8156654834747314,0.7922888994216919,5.643221925311082e-07,0.796510636806488,0.6911981701850891,0.007415450178086758,0.7463915348052979,0.6328604817390442,0.003568438347429037,0.6860315203666687,0.6460611820220947,-0.00236051925458014,0.6471219062805176,0.6768405437469482,-0.00940370000898838,0.712465763092041,0.6046720147132874,-0.019641095772385597,0.6276789307594299,0.5500583648681641,-0.030344903469085693,0.5789140462875366,0.5244350433349609,-0.033387284725904465,0.5400742292404175,0.5083858966827393,-0.03219221159815788,0.6842005848884583,0.6577574610710144,-0.027467114850878716,0.5989123582839966,0.5950336456298828,-0.03281223401427269,0.5461305379867554,0.555974006652832,-0.03511812910437584,0.5081454515457153,0.530666708946228,-0.03537740558385849,0.6654987335205078,0.716783881187439,-0.03161054104566574,0.6194096803665161,0.6911592483520508,-0.02851339988410473,0.6448370814323425,0.697530210018158,-0.018979057669639587,0.6702966094017029,0.7107345461845398,-0.010030311532318592,0.6566218137741089,0.7745351195335388,-0.03551901876926422,0.6346032023429871,0.7503231167793274,-0.02270655520260334,0.655013918876648,0.7533114552497864,-0.0052308267913758755,0.6741636991500854,0.763358473777771,0.009194053709506989,H
0.6964870095252991,0.7530068755149841,3.71893150941105e-07,0.6441144347190857,0.6620816588401794,0.012479528784751892,0.5749446749687195,0.6246607303619385,0.014689196832478046,0.5175567865371704,0.6453732848167419,0.01771305687725544,0.48512783646583557,0.6876044273376465,0.019207563251256943,0.52899169921875,0.6377845406532288,-0.02575702592730522,0.42748740315437317,0.6474994421005249,-0.02705226093530655,0.3768270015716553,0.6625354886054993,-0.02194041945040226,0.3417205810546875,0.6791104674339294,-0.015750769525766373,0.5211754441261292,0.7111798524856567,-0.03063501976430416,0.41909876465797424,0.7118479609489441,-0.025244222953915596,0.3712943494319916,0.7164357304573059,-0.0164662916213274,0.3428940176963806,0.7236238121986389,-0.010033258236944675,0.5244765281677246,0.7781319618225098,-0.03045215643942356,0.4563477039337158,0.7690341472625732,-0.015100935474038124,0.44106560945510864,0.7550575733184814,-0.004339074715971947,0.4415953755378723,0.7487421631813049,0.0001991040917346254,0.5353045463562012,0.8348584175109863,-0.029234228655695915,0.5016463398933411,0.8078059554100037,-0.010712912306189537,0.502543568611145,0.7867016792297363,0.004123331047594547,0.5132395029067993,0.7752526998519897,0.01454213447868824,H
0.7994920611381531,0.8101942539215088,5.110740630698274e-07,0.7583433985710144,0.7116361856460571,0.003961584530770779,0.6954435110092163,0.6549679040908813,-0.0023743498604744673,0.633060097694397,0.6701095104217529,-0.007991728372871876,0.5974478125572205,0.7196589112281799,-0.014078925363719463,0.6520937085151672,0.6608392596244812,-0.03817865997552872,0.5450577735900879,0.6646744608879089,-0.045643024146556854,0.4908990263938904,0.6706675291061401,-0.04367787018418312,0.4482177495956421,0.6762596964836121,-0.039440423250198364,0.6394900679588318,0.7334169745445251,-0.043610330671072006,0.5260995626449585,0.7270414233207703,-0.05020569637417793,0.4602245092391968,0.72062748670578,-0.048017315566539764,0.416500985622406,0.7168778777122498,-0.045084238052368164,0.6351772546768188,0.8055937886238098,-0.044027116149663925,0.5715056657791138,0.7916059494018555,-0.0416739396750927,0.5986617207527161,0.7865656018257141,-0.02652209810912609,0.6299636363983154,0.7897186279296875,-0.013601765967905521,0.6374651789665222,0.8692429661750793,-0.04425555840134621,0.5971026420593262,0.8410995006561279,-0.031221427023410797,0.619691789150238,0.834952712059021,-0.010611448436975479,0.6433008313179016,0.8391998410224915,0.005895338021218777,H
0.7933340072631836,0.7431129217147827,3.855241459405079e-07,0.7558738589286804,0.6406398415565491,0.003426778130233288,0.6966406106948853,0.566209614276886,0.0010375139536336064,0.6279065608978271,0.5612982511520386,-0.0007559927762486041,0.5896641612052917,0.602965235710144,-0.0029544965364038944,0.6373792886734009,0.5952244997024536,-0.02585570700466633,0.5328658819198608,0.6018424034118652,-0.032184842973947525,0.48071861267089844,0.6105518937110901,-0.030799908563494682,0.4408825933933258,0.619431734085083,-0.026947516947984695,0.6264103055000305,0.6639199256896973,-0.031131625175476074,0.5194557309150696,0.659349262714386,-0.03651367500424385,0.4581971764564514,0.657709002494812,-0.03588268905878067,0.4180930256843567,0.6608571410179138,-0.03344491869211197,0.627227246761322,0.7320791482925415,-0.03256279602646828,0.5699044466018677,0.738771915435791,-0.033243902027606964,0.5966260433197021,0.732511579990387,-0.022006582468748093,0.6279858350753784,0.7288070917129517,-0.010557107627391815,0.6361740231513977,0.7961918115615845,-0.033653855323791504,0.5915976166725159,0.7886620759963989,-0.02353961579501629,0.6150777339935303,0.7833300828933716,-0.00437916349619627,0.6415648460388184,0.7807288765907288,0.011828253045678139,H
0.8195788860321045,0.6832033395767212,3.611006889059354e-07,0.780362069606781,0.5779087543487549,0.0094533059746027,0.7193199396133423,0.4997566044330597,0.011362203396856785,0.6484224796295166,0.47992217540740967,0.013129334896802902,0.608452558517456,0.5161405205726624,0.014867528341710567,0.6489418148994446,0.534877598285675,-0.019198071211576462,0.5431622862815857,0.54856938123703,-0.021719610318541527,0.492234468460083,0.5616661310195923,-0.017854616045951843,0.4523458480834961,0.5728333592414856,-0.012903486378490925,0.6398048400878906,0.6054250597953796,-0.026458268985152245,0.5293207168579102,0.6090390682220459,-0.03274932876229286,0.4647933840751648,0.60772705078125,-0.032463207840919495,0.42176175117492676,0.6099137663841248,-0.03013867698609829,0.6438814401626587,0.6753838062286377,-0.028967857360839844,0.5830233693122864,0.6866267919540405,-0.030863523483276367,0.6112629771232605,0.6789454817771912,-0.01858547516167164,0.6446337699890137,0.674078106880188,-0.005806758534163237,0.6576470732688904,0.7408143877983093,-0.030477870255708694,0.6078815460205078,0.7351219654083252,-0.020761791616678238,0.6336205005645752,0.730133593082428,-3.101299444097094e-05,0.6632818579673767,0.725362241268158,0.01759198121726513,H
0.7948689460754395,0.7204224467277527,3.5986587931802205e-07,0.7479389905929565,0.6299659013748169,0.013514548540115356,0.680687427520752,0.5860332250595093,0.011158297769725323,0.6212913393974304,0.6052002310752869,0.005861898884177208,0.5880808234214783,0.6526826620101929,-0.0010723585728555918,0.6360354423522949,0.5727818012237549,-0.020352542400360107,0.532390296459198,0.5860252976417542,-0.02892986871302128,0.4812028408050537,0.5985634326934814,-0.029057860374450684,0.4412974715232849,0.6111525297164917,-0.026175329461693764,0.626656174659729,0.6375898718833923,-0.032956987619400024,0.5164338946342468,0.6407153010368347,-0.0393836684525013,0.45358604192733765,0.6411643624305725,-0.03978254273533821,0.4107847809791565,0.6444813013076782,-0.038606997579336166,0.627267599105835,0.7065443992614746,-0.041167307645082474,0.5655633211135864,0.726608157157898,-0.04230677708983421,0.5940589904785156,0.7246938943862915,-0.03277510032057762,0.6255946159362793,0.7217816114425659,-0.023030992597341537,0.6351092457771301,0.7727226614952087,-0.048227082937955856,0.5904529094696045,0.7737322449684143,-0.039704855531454086,0.6140602231025696,0.7698383927345276,-0.021897457540035248,0.6403070688247681,0.7670265436172485,-0.006825013551861048,H
0.8207768201828003,0.8193204998970032,5.796910045319237e-07,0.771832287311554,0.7170091271400452,0.0036375655326992273,0.7000028491020203,0.6679136753082275,-0.0007029215921647847,0.6392608284950256,0.6953564882278442,-0.004261058289557695,0.6088583469390869,0.7504202127456665,-0.007544237654656172,0.654076874256134,0.6789079904556274,-0.03518033027648926,0.5415886640548706,0.6768437027931213,-0.04433175176382065,0.48471561074256897,0.6841888427734375,-0.041553057730197906,0.4407447576522827,0.6963591575622559,-0.035238031297922134,0.6395476460456848,0.7586382627487183,-0.039131324738264084,0.5231680274009705,0.745959997177124,-0.04582588002085686,0.457694947719574,0.740905225276947,-0.04319455847144127,0.41352155804634094,0.7426778674125671,-0.03790607675909996,0.6350152492523193,0.8307152390480042,-0.038456082344055176,0.5849382281303406,0.8024241328239441,-0.03519221767783165,0.6108963489532471,0.788030207157135,-0.02385951206088066,0.6403825879096985,0.7879464626312256,-0.012139895930886269,0.6376316547393799,0.8893773555755615,-0.03780275583267212,0.6138984560966492,0.8479627370834351,-0.02103455550968647,0.633380115032196,0.8339848518371582,-0.0026550819166004658,0.6543750166893005,0.833899199962616,0.012797796167433262,H
0.8234623074531555,0.805965781211853,3.1189009064291895e-07,0.7802225351333618,0.7279465198516846,0.027258457615971565,0.7289888262748718,0.6914993524551392,0.03288889676332474,0.6801641583442688,0.7101345062255859,0.033675629645586014,0.6551395654678345,0.744784951210022,0.03337720409035683,0.6881948113441467,0.6824115514755249,-0.0049672601744532585,0.5993935465812683,0.6860925555229187,-0.009698300622403622,0.5519150495529175,0.6913470029830933,-0.008089938201010227,0.5169397592544556,0.6984530091285706,-0.003925653640180826,0.6761916279792786,0.7392587661743164,-0.01812122017145157,0.5843859910964966,0.7345278263092041,-0.020404139533638954,0.5302854180335999,0.7308889031410217,-0.01738693378865719,0.4953289031982422,0.732678234577179,-0.013249954208731651,0.6730896830558777,0.7965448498725891,-0.02577335201203823,0.6271390914916992,0.794998288154602,-0.013440013863146305,0.6468339562416077,0.787964940071106,0.0026842490769922733,0.6694391965866089,0.7890623807907104,0.01514326874166727,0.6796308755874634,0.8496830463409424,-0.032166488468647,0.6497937440872192,0.8338060975074768,-0.008754248730838299,0.6652253270149231,0.8267414569854736,0.013386757113039494,0.6853018403053284,0.8262929916381836,0.0304255373775959,H
0.8630942106246948,0.7027495503425598,2.8501958126980753e-07,0.8255059123039246,0.6255034804344177,0.021087361499667168,0.7765980958938599,0.5910803079605103,0.02287347801029682,0.7289450168609619,0.6052424907684326,0.020251264795660973,0.7024499773979187,0.640307605266571,0.016097545623779297,0.7416092753410339,0.5659149885177612,-0.0076620872132480145,0.6600199341773987,0.5639533996582031,-0.014163078740239143,0.6143849492073059,0.5652660131454468,-0.016072828322649002,0.5800984501838684,0.5682972073554993,-0.015144078060984612,0.7299014329910278,0.6175920367240906,-0.020370688289403915,0.6447023153305054,0.6091048717498779,-0.026066254824399948,0.5934232473373413,0.6012178659439087,-0.028511689975857735,0.5596421957015991,0.598726212978363,-0.028834085911512375,0.724867582321167,0.6727760434150696,-0.028085876256227493,0.6799116730690002,0.6841102242469788,-0.02220161072909832,0.7006171345710754,0.6819008588790894,-0.010403666645288467,0.722339391708374,0.6816713213920593,-0.0006206322577781975,0.7271811962127686,0.7268949747085571,-0.03467074781656265,0.6928859949111938,0.7221965193748474,-0.01877068355679512,0.7114747166633606,0.7209004163742065,0.0009589437977410853,0.7328657507896423,0.7211416959762573,0.016508592292666435,H
0.6659212112426758,0.6815094947814941,3.6899123756484187e-07,0.6372531652450562,0.5680342316627502,0.02527153678238392,0.5884446501731873,0.4988444447517395,0.037593062967061996,0.5318285822868347,0.4912559390068054,0.045328207314014435,0.49102675914764404,0.5159144997596741,0.051978375762701035,0.5223864912986755,0.4831570088863373,0.012059450149536133,0.4253078103065491,0.4510349631309509,0.01929009146988392,0.3730325400829315,0.4430878758430481,0.027475053444504738,0.33433330059051514,0.4418516457080841,0.036535754799842834,0.49299854040145874,0.5468921065330505,0.0016761365113779902,0.3970436751842499,0.5120667815208435,0.014641043730080128,0.34002792835235596,0.49261951446533203,0.020706333220005035,0.30226418375968933,0.48416200280189514,0.026009684428572655,0.4785190522670746,0.6172748804092407,-0.004412803333252668,0.44815683364868164,0.6104266047477722,0.013188459910452366,0.47412818670272827,0.6113013625144958,0.018767086789011955,0.49996018409729004,0.618939995765686,0.02381960116326809,0.47433167695999146,0.6879681348800659,-0.008756461553275585,0.4515826106071472,0.6771707534790039,0.01617029868066311,0.4724452793598175,0.6803761720657349,0.03348612040281296,0.49722540378570557,0.6880024075508118,0.04718601703643799,H
0.9059839248657227,0.8344232439994812,6.151460070213943e-07,0.8482329249382019,0.7294145822525024,-0.0021369708701968193,0.7632821202278137,0.6868707537651062,-0.010929396376013756,0.697444498538971,0.7322925329208374,-0.017168082296848297,0.6671870946884155,0.7971968650817871,-0.02383582480251789,0.7243447303771973,0.7006956934928894,-0.05221060663461685,0.6024236679077148,0.7114290595054626,-0.06349676102399826,0.5403186678886414,0.7220780849456787,-0.062257375568151474,0.4910394549369812,0.7329080104827881,-0.0580403171479702,0.719269871711731,0.7888374328613281,-0.056068986654281616,0.5907350778579712,0.7891923189163208,-0.06398620456457138,0.5162216424942017,0.7877930998802185,-0.06210245192050934,0.4641856551170349,0.7877430319786072,-0.05980619788169861,0.7225279211997986,0.8692829012870789,-0.05468714237213135,0.6469205617904663,0.8465823531150818,-0.053235508501529694,0.6768186092376709,0.8301706910133362,-0.03800493851304054,0.7113084197044373,0.8290186524391174,-0.025140585377812386,0.7313405871391296,0.9327012300491333,-0.05350646376609802,0.6818891167640686,0.8987724781036377,-0.03896191343665123,0.7030858993530273,0.8827575445175171,-0.01708691194653511,0.7275102734565735,0.8826773166656494,-0.0003423750458750874,H
0.9391276836395264,0.4095926582813263,1.6989741880024667e-07,0.8587964177131653,0.3533933162689209,0.018960902467370033,0.7741262912750244,0.3570684790611267,0.01536056213080883,0.7178962230682373,0.40872055292129517,0.00752584682777524,0.6955265998840332,0.4660864472389221,-0.003641740884631872,0.7273893356323242,0.36549443006515503,-0.03067474067211151,0.6322954893112183,0.4511685371398926,-0.047509513795375824,0.5837501287460327,0.5005452632904053,-0.055705856531858444,0.5454934239387512,0.538576602935791,-0.05945916101336479,0.7503138780593872,0.42924344539642334,-0.05040575936436653,0.6434371471405029,0.5194886922836304,-0.06345576792955399,0.5794642567634583,0.5681696534156799,-0.0694923922419548,0.5326365232467651,0.6029614210128784,-0.07484490424394608,0.7837310433387756,0.4906115233898163,-0.06420275568962097,0.7124693989753723,0.5681617259979248,-0.07034901529550552,0.7422097325325012,0.5463064908981323,-0.056248415261507034,0.7706025838851929,0.5194019079208374,-0.044691722840070724,0.8236310482025146,0.5446464419364929,-0.07625050842761993,0.7602559328079224,0.5957543849945068,-0.07369739562273026,0.7813848853111267,0.5741336345672607,-0.052171722054481506,0.8030950427055359,0.5497820973396301,-0.034714944660663605,H
0.9280531406402588,0.5951497554779053,3.4244669677718775e-07,0.8642545938491821,0.499493271112442,0.02961544692516327,0.7853913307189941,0.46392813324928284,0.02924382872879505,0.7206652760505676,0.4956611692905426,0.0242613535374403,0.6875797510147095,0.5539442300796509,0.016333863139152527,0.735100269317627,0.4539563059806824,-0.03165077790617943,0.6143447756767273,0.4913601279258728,-0.04491981863975525,0.552013635635376,0.5120413899421692,-0.04801793769001961,0.5031770467758179,0.5295072197914124,-0.04774652048945427,0.7342004179954529,0.5330567359924316,-0.051085591316223145,0.603863537311554,0.5606844425201416,-0.06393539905548096,0.5298957824707031,0.5740306377410889,-0.06604187190532684,0.4788936376571655,0.5856021642684937,-0.0670749843120575,0.7426400780677795,0.6139823198318481,-0.062193363904953,0.6587339043617249,0.6410942077636719,-0.05861753597855568,0.696246325969696,0.6320680975914001,-0.035989467054605484,0.7312399744987488,0.6230989098548889,-0.019148563966155052,0.7605413198471069,0.6867481470108032,-0.07104627043008804,0.6943619251251221,0.6886046528816223,-0.05363169685006142,0.7225149273872375,0.6780889630317688,-0.02379431575536728,0.7501416206359863,0.668386697769165,-0.001124987262301147,H
0.8676322102546692,0.7371051907539368,5.193277843318356e-07,0.8279829621315002,0.620218813419342,0.008729079738259315,0.7526366114616394,0.5615435242652893,0.010975915938615799,0.6863800883293152,0.5891498327255249,0.012524396181106567,0.6514136791229248,0.6447556614875793,0.01378194335848093,0.6911870837211609,0.5592443943023682,-0.014899235218763351,0.5750131607055664,0.5572211742401123,-0.015588996931910515,0.5183058977127075,0.5607201457023621,-0.009733842685818672,0.47468116879463196,0.5651385188102722,-0.0023225988261401653,0.6691620945930481,0.6394741535186768,-0.0199165940284729,0.5506992340087891,0.6235926151275635,-0.0173492468893528,0.4883815050125122,0.6091206073760986,-0.013262638822197914,0.4487079977989197,0.6009770631790161,-0.007888070307672024,0.6621221303939819,0.7146910429000854,-0.02081465721130371,0.6158190965652466,0.6920773983001709,-0.01243915781378746,0.6481897830963135,0.6839516162872314,-0.003235516371205449,0.6809539794921875,0.6877760887145996,0.006214503664523363,0.6649460792541504,0.7785651683807373,-0.02122717909514904,0.6406040787696838,0.7446140050888062,-0.002021615393459797,0.668332576751709,0.7397940754890442,0.017323775216937065,0.6946041584014893,0.7454875707626343,0.033121801912784576,H
0.9232887029647827,0.7540469765663147,3.223290434561932e-07,0.8676416277885437,0.6580387949943542,0.021662147715687752,0.7935735583305359,0.6085952520370483,0.015284650959074497,0.726184070110321,0.6209590435028076,0.004695652984082699,0.6860527396202087,0.6669831871986389,-0.009080352261662483,0.7502700090408325,0.5870461463928223,-0.04167265072464943,0.6296694278717041,0.5989980697631836,-0.06115487962961197,0.5666828751564026,0.6071189641952515,-0.0677480697631836,0.516698956489563,0.6153343915939331,-0.06957975029945374,0.7491432428359985,0.6605897545814514,-0.06300648301839828,0.6140604615211487,0.6646393537521362,-0.07922981679439545,0.5406622886657715,0.6634414196014404,-0.08185233175754547,0.48909592628479004,0.6636444330215454,-0.08394739776849747,0.7546168565750122,0.7395458817481995,-0.07748883962631226,0.6526893377304077,0.7524123787879944,-0.08558519929647446,0.6852872371673584,0.7514210343360901,-0.06642355769872665,0.7221567630767822,0.7491567134857178,-0.05039750784635544,0.7665191888809204,0.8151900172233582,-0.08992362022399902,0.6864509582519531,0.8112716674804688,-0.08745221793651581,0.7106961011886597,0.8008649349212646,-0.0633101537823677,0.7396091818809509,0.7930240631103516,-0.04332461953163147,H
0.8455638885498047,0.7883771657943726,4.72583053579001e-07,0.7867533564567566,0.6725436449050903,0.018593348562717438,0.7097120881080627,0.6200915575027466,0.028919890522956848,0.6465907096862793,0.6437473297119141,0.03936920687556267,0.6168164014816284,0.6984901428222656,0.05011116713285446,0.6463271975517273,0.6404252052307129,-0.005542812868952751,0.5399218797683716,0.6384841203689575,0.01023265440016985,0.4898410439491272,0.6475502848625183,0.029535014182329178,0.45099422335624695,0.6642367839813232,0.045541878789663315,0.6267411708831787,0.7249447703361511,-0.007930275052785873,0.5203555822372437,0.7060184478759766,0.013308493420481682,0.46765002608299255,0.7045292854309082,0.0278001856058836,0.435751736164093,0.7144039869308472,0.03904008865356445,0.6255872845649719,0.8009954690933228,-0.004556045401841402,0.6016563773155212,0.7692817449569702,0.024014562368392944,0.6347578167915344,0.7537002563476562,0.03147250786423683,0.6644160747528076,0.7522165179252625,0.03503277152776718,0.6340245604515076,0.8651148676872253,0.00010544424731051549,0.6338334679603577,0.8181437253952026,0.033140357583761215,0.6594259738922119,0.8043377995491028,0.04749397560954094,0.6809988021850586,0.8026589155197144,0.05703810602426529,H
0.834370493888855,0.8022856712341309,5.276353931549238e-07,0.7743312120437622,0.6849904656410217,0.021756405010819435,0.7003616690635681,0.6366074085235596,0.03183678165078163,0.6423156261444092,0.6611890196800232,0.03958270326256752,0.614605724811554,0.7166661024093628,0.046943724155426025,0.6356689929962158,0.6461233496665955,0.0008326324750669301,0.5341411232948303,0.6425207257270813,0.011895854957401752,0.48582860827445984,0.6527419686317444,0.026560408994555473,0.44978761672973633,0.6693384647369385,0.03987039253115654,0.6134983897209167,0.7275397181510925,-0.005890540778636932,0.5103082656860352,0.7100487351417542,0.011586125940084457,0.45691782236099243,0.706364095211029,0.022718386724591255,0.4261299669742584,0.7118313312530518,0.03235252946615219,0.6119689345359802,0.8058986663818359,-0.007221368607133627,0.5972577333450317,0.7881909608840942,0.018953951075673103,0.6300771832466125,0.7767394185066223,0.026648111641407013,0.659855306148529,0.7753360867500305,0.031101161614060402,0.6231189370155334,0.8740304112434387,-0.0074325744062662125,0.6325318217277527,0.8446550965309143,0.02499268390238285,0.6594762802124023,0.8339557647705078,0.041454605758190155,0.682009220123291,0.831333339214325,0.05304621905088425,H
0.9251850247383118,0.7826796174049377,6.137752848189848e-07,0.8632663488388062,0.678345799446106,0.022227073088288307,0.7824678421020508,0.6317134499549866,0.021278442814946175,0.7142616510391235,0.6708630919456482,0.017642220482230186,0.6791216731071472,0.7298067808151245,0.013369247317314148,0.7201923131942749,0.6394533514976501,-0.030520912259817123,0.6002289056777954,0.6507496237754822,-0.03894563019275665,0.5354655385017395,0.6610685586929321,-0.03585142642259598,0.4844781756401062,0.6717125773429871,-0.030439892783761024,0.712574303150177,0.7224242091178894,-0.044147927314043045,0.5805861949920654,0.7224332690238953,-0.05858409404754639,0.5003197193145752,0.7194233536720276,-0.06027506664395332,0.4459392726421356,0.7185372114181519,-0.05827568471431732,0.7176330089569092,0.8039476871490479,-0.04936852306127548,0.6496444940567017,0.7948031425476074,-0.044323358684778214,0.6837646961212158,0.7818874716758728,-0.020092111080884933,0.7178800106048584,0.7802691459655762,0.00022042241471353918,0.7340843081474304,0.8727803230285645,-0.05313177779316902,0.6818320751190186,0.8510492444038391,-0.028106965124607086,0.7093380689620972,0.8371703624725342,0.005926558282226324,0.7387130856513977,0.8354854583740234,0.032201915979385376,H
0.9459165334701538,0.7784222960472107,4.5077558752382174e-07,0.8843578100204468,0.6661901473999023,0.045435816049575806,0.8110888600349426,0.6136237382888794,0.0461050383746624,0.745557427406311,0.640252947807312,0.04400002956390381,0.6993330717086792,0.6853930354118347,0.04188815504312515,0.7577740550041199,0.5980557799339294,-0.0500379279255867,0.6391822099685669,0.6048471331596375,-0.05584891512989998,0.5756957530975342,0.6050260663032532,-0.05211172252893448,0.5246261358261108,0.6081559062004089,-0.049166567623615265,0.7532184720039368,0.6782940626144409,-0.06915456801652908,0.6216545701026917,0.6713175773620605,-0.08172986656427383,0.5462767481803894,0.6604329347610474,-0.07857246696949005,0.4968222677707672,0.6560280323028564,-0.07837263494729996,0.7508161067962646,0.7623210549354553,-0.0744243636727333,0.6677964329719543,0.7550635933876038,-0.04687873274087906,0.7069122195243835,0.7533335089683533,-0.003586763981729746,0.7408082485198975,0.7533543109893799,0.01975705288350582,0.7549219727516174,0.832180917263031,-0.0773218423128128,0.6952579021453857,0.8106427192687988,-0.03300214558839798,0.7237905263900757,0.8043939471244812,0.010458937846124172,0.7498288750648499,0.8017004728317261,0.03762652724981308,H
0.7298914194107056,0.8283277153968811,-4.0054732153294026e-07,0.6711461544036865,0.8150721192359924,-0.021793873980641365,0.6209313869476318,0.7623278498649597,-0.03467857092618942,0.6322647333145142,0.70343017578125,-0.04819183796644211,0.6760759353637695,0.6950185894966125,-0.05673595890402794,0.6406010389328003,0.6658464074134827,-0.01573951728641987,0.6388559341430664,0.6245807409286499,-0.04512176662683487,0.6553087830543518,0.6817885041236877,-0.0593409389257431,0.662172257900238,0.7126774191856384,-0.06477078795433044,0.6803994178771973,0.648051917552948,-0.01686924882233143,0.681531548500061,0.6157687306404114,-0.0514163114130497,0.6934326887130737,0.6904879808425903,-0.05885846167802811,0.693705677986145,0.7253161072731018,-0.055815741419792175,0.7185788154602051,0.6407045125961304,-0.023044908419251442,0.7227551341056824,0.6037432551383972,-0.05656246095895767,0.7254209518432617,0.6747637987136841,-0.053225744515657425,0.7208454012870789,0.7220118045806885,-0.040239665657281876,0.7542955279350281,0.641284704208374,-0.0312676839530468,0.7569534778594971,0.5728986859321594,-0.05032336711883545,0.7582952976226807,0.5317749381065369,-0.05246296525001526,0.7566050887107849,0.48996084928512573,-0.04884082451462746,I
0.7372298836708069,0.8155210614204407,-4.218905758079927e-07,0.6816784143447876,0.798346757888794,-0.01966054178774357,0.6323583126068115,0.7417915463447571,-0.03151756525039673,0.6385183334350586,0.6823673844337463,-0.044331297278404236,0.6806537508964539,0.674081563949585,-0.05225108936429024,0.6509756445884705,0.6420895457267761,-0.012207345105707645,0.6511010527610779,0.6032957434654236,-0.03710247948765755,0.6654053926467896,0.6633195877075195,-0.04886380583047867,0.669980525970459,0.6942559480667114,-0.0537785105407238,0.6895948052406311,0.6273984909057617,-0.01378767378628254,0.6907347440719604,0.5949057936668396,-0.04443671181797981,0.7011476755142212,0.6701442003250122,-0.05148793011903763,0.6999105215072632,0.7044330835342407,-0.04905683919787407,0.7279427647590637,0.6227012872695923,-0.019650263711810112,0.733115553855896,0.5809885859489441,-0.04953620210289955,0.7345445156097412,0.6538479924201965,-0.04503170773386955,0.728062093257904,0.7016789317131042,-0.03233333304524422,0.7641653418540955,0.6267318725585938,-0.027395475655794144,0.7662128210067749,0.5586020946502686,-0.04403754323720932,0.7687222361564636,0.5184468030929565,-0.04466864839196205,0.7676959037780762,0.4758700132369995,-0.04045676440000534,I
0.7341505289077759,0.8224140405654907,-3.39853784225852e-07,0.6851308345794678,0.8019707202911377,-0.02315935492515564,0.6427192687988281,0.7485277056694031,-0.038351111114025116,0.6540610790252686,0.6910603046417236,-0.053231559693813324,0.6954275369644165,0.6735076904296875,-0.06357402354478836,0.6560824513435364,0.654635488986969,-0.022579744458198547,0.6566662788391113,0.6204915642738342,-0.05088387429714203,0.6735738515853882,0.6742827892303467,-0.06486261636018753,0.6818504333496094,0.7129775285720825,-0.07016367465257645,0.6958611607551575,0.6400845646858215,-0.02200310304760933,0.6999338269233704,0.6145404577255249,-0.05424515902996063,0.7084161043167114,0.690718412399292,-0.06069284677505493,0.7077192664146423,0.732582688331604,-0.058118339627981186,0.7347866892814636,0.6370493173599243,-0.02598101645708084,0.7415592074394226,0.5993633270263672,-0.05710991099476814,0.7404236197471619,0.6634685397148132,-0.05492178350687027,0.734247624874115,0.7114139199256897,-0.0444512777030468,0.7709200382232666,0.6435669660568237,-0.031846508383750916,0.7831287384033203,0.5761356353759766,-0.05167806148529053,0.7897685170173645,0.5326938033103943,-0.055766765028238297,0.7921226024627686,0.4893738329410553,-0.054265331476926804,I
0.7477874755859375,0.8338003158569336,-4.3070636479569657e-07,0.6923120021820068,0.8093921542167664,-0.01703041046857834,0.6427103877067566,0.7507137656211853,-0.02932487614452839,0.6374412178993225,0.6917944550514221,-0.04270317032933235,0.678974449634552,0.6818526387214661,-0.05156150832772255,0.6697819232940674,0.6438296437263489,-0.011572367511689663,0.6610391139984131,0.6196618676185608,-0.03587234392762184,0.6709785461425781,0.680946409702301,-0.04714208468794823,0.6810120940208435,0.7174723148345947,-0.05111883580684662,0.7098175883293152,0.6367560625076294,-0.013549752533435822,0.7001060843467712,0.6182593107223511,-0.04426933079957962,0.7049993872642517,0.6954681277275085,-0.04954303056001663,0.7120410203933716,0.7391321659088135,-0.04573359712958336,0.7498567700386047,0.6402698755264282,-0.019762732088565826,0.7429648041725159,0.6141648292541504,-0.051218949258327484,0.7380706667900085,0.6831490397453308,-0.04882580414414406,0.7380276918411255,0.7320305705070496,-0.03721323236823082,0.7888767719268799,0.6513217091560364,-0.027214737609028816,0.7993271350860596,0.5799799561500549,-0.04537457600235939,0.8047205805778503,0.5322780013084412,-0.04903772100806236,0.8090901970863342,0.48624110221862793,-0.047283221036195755,I
0.7476023435592651,0.8170638084411621,-3.8094285059742106e-07,0.6939988136291504,0.8010089993476868,-0.020073357969522476,0.6497637629508972,0.7508630752563477,-0.03322354331612587,0.6609243154525757,0.6961561441421509,-0.046727027744054794,0.7008170485496521,0.6792200207710266,-0.056065090000629425,0.6646292805671692,0.6501805782318115,-0.01771221123635769,0.6642173528671265,0.6208568811416626,-0.0442669540643692,0.6812381148338318,0.6745027899742126,-0.05755411833524704,0.6901764273643494,0.7126865983009338,-0.0625472143292427,0.7038728594779968,0.6351501941680908,-0.01862412877380848,0.704460620880127,0.6113369464874268,-0.05100787803530693,0.7144133448600769,0.6874920129776001,-0.058717891573905945,0.7159810662269592,0.7321367263793945,-0.05658954754471779,0.7427685260772705,0.6312777996063232,-0.023700617253780365,0.7454451322555542,0.5949755311012268,-0.054935272783041,0.7455386519432068,0.6632201671600342,-0.05307336524128914,0.7414446473121643,0.7138623595237732,-0.04219253361225128,0.7795208692550659,0.6365097761154175,-0.03034934401512146,0.7855278253555298,0.5686662197113037,-0.04991385340690613,0.7885475158691406,0.5254616737365723,-0.053683243691921234,0.7878240942955017,0.48155122995376587,-0.051654964685440063,I
0.7484027147293091,0.8419731855392456,-3.797017313900142e-07,0.6948118209838867,0.8219567537307739,-0.023569095879793167,0.6556007862091064,0.7610344886779785,-0.037995997816324234,0.6767135262489319,0.7088281512260437,-0.05125562846660614,0.7203958034515381,0.7114865183830261,-0.05931548401713371,0.6728670597076416,0.6622363924980164,-0.028030309826135635,0.6748685240745544,0.620582640171051,-0.05220646783709526,0.6864063143730164,0.6819032430648804,-0.059764716774225235,0.6911448240280151,0.7157859802246094,-0.06219615787267685,0.714225709438324,0.654215931892395,-0.027408448979258537,0.7168956398963928,0.6221624612808228,-0.05731837451457977,0.7211020588874817,0.6986544728279114,-0.05942043662071228,0.718715488910675,0.7319744825363159,-0.05501040443778038,0.7525724172592163,0.6573097705841064,-0.03094734624028206,0.7594233751296997,0.6233916282653809,-0.060789354145526886,0.753479540348053,0.6915677785873413,-0.056356318295001984,0.7442832589149475,0.7356931567192078,-0.04545176029205322,0.7880278825759888,0.6672203540802002,-0.03638247027993202,0.8015896677970886,0.5972785353660583,-0.05663266405463219,0.811017632484436,0.5527606010437012,-0.061853278428316116,0.8163387775421143,0.5063151717185974,-0.061982039362192154,I
0.7518693804740906,0.840417742729187,-4.2347545559096034e-07,0.7023075222969055,0.8191096782684326,-0.02346167154610157,0.6680029630661011,0.7455040216445923,-0.03274690359830856,0.6587363481521606,0.6769638061523438,-0.04158291220664978,0.6422456502914429,0.6217074990272522,-0.04517383873462677,0.684023916721344,0.6606457233428955,-0.013380641117691994,0.6869845986366272,0.6183661222457886,-0.03997674956917763,0.698901891708374,0.674622118473053,-0.050118133425712585,0.7065953612327576,0.7237998843193054,-0.05058491975069046,0.7214587330818176,0.6547064185142517,-0.010971013456583023,0.7229131460189819,0.6191912889480591,-0.04331900179386139,0.7272465825080872,0.6946979761123657,-0.05070214718580246,0.7294674515724182,0.7433152794837952,-0.04732118174433708,0.759297251701355,0.658354640007019,-0.013556133024394512,0.764818012714386,0.6137248277664185,-0.046069297939538956,0.7579737901687622,0.6797202825546265,-0.043217360973358154,0.750584602355957,0.7292166352272034,-0.03112219087779522,0.7938895225524902,0.6685830354690552,-0.01778487302362919,0.8060965538024902,0.5983183979988098,-0.037745095789432526,0.8131769895553589,0.5541059970855713,-0.04124655947089195,0.8164097666740417,0.5100420713424683,-0.038651369512081146,I
0.7384272217750549,0.832774817943573,-4.549256971131399e-07,0.6889953017234802,0.8149533867835999,-0.015188274905085564,0.6539372801780701,0.741341769695282,-0.021091587841510773,0.6429982781410217,0.6758944988250732,-0.02845352329313755,0.6225900650024414,0.6318780183792114,-0.03184374421834946,0.6696617007255554,0.6623665690422058,-0.004711929243057966,0.6665348410606384,0.6219399571418762,-0.029835380613803864,0.6805381774902344,0.6744040250778198,-0.04125560075044632,0.690029501914978,0.721297562122345,-0.04291289299726486,0.705055832862854,0.652587354183197,-0.005796127486974001,0.7020304799079895,0.618984580039978,-0.03541949763894081,0.7100092172622681,0.6913782954216003,-0.04300978034734726,0.7137802839279175,0.7374687194824219,-0.04038706794381142,0.7422558069229126,0.6518163084983826,-0.01128310151398182,0.7439088225364685,0.6054147481918335,-0.04076649993658066,0.7408836483955383,0.6701256036758423,-0.03720032051205635,0.736609160900116,0.7196781635284424,-0.02542850561439991,0.7771000862121582,0.6573049426078796,-0.01789666898548603,0.7870356440544128,0.5875003933906555,-0.03592448681592941,0.7930372953414917,0.5442292094230652,-0.03818685561418533,0.7950285077095032,0.5008689165115356,-0.03513416275382042,I
0.7266461253166199,0.7682744860649109,-4.835093250221689e-07,0.673688530921936,0.7488918304443359,-0.01803951896727085,0.6387417316436768,0.6701854467391968,-0.024015162140130997,0.6330633163452148,0.5987370610237122,-0.03075045347213745,0.6194285154342651,0.5446056723594666,-0.03296612203121185,0.6593597531318665,0.5890440940856934,-0.009659720584750175,0.663271963596344,0.5468669533729553,-0.03509062901139259,0.6754142045974731,0.6055974364280701,-0.04518101364374161,0.6818119287490845,0.6560899019241333,-0.04602254927158356,0.6984474658966064,0.5816348195075989,-0.009822778403759003,0.7019167542457581,0.5473514795303345,-0.04031616076827049,0.7066580653190613,0.6239818334579468,-0.04703078418970108,0.7063884735107422,0.67218017578125,-0.043775591999292374,0.7378426790237427,0.5849573016166687,-0.014594393782317638,0.7451374530792236,0.5420681238174438,-0.04573741555213928,0.7383151054382324,0.6097762584686279,-0.04243830218911171,0.7292841672897339,0.6603606343269348,-0.030583126470446587,0.773859977722168,0.5943639278411865,-0.02061779610812664,0.7859248518943787,0.523648202419281,-0.04084888845682144,0.7932778596878052,0.47874915599823,-0.04447465389966965,0.7967302799224854,0.4340495765209198,-0.042096249759197235,I
0.7022325396537781,0.6584682464599609,-4.4907454821441206e-07,0.6445357799530029,0.6402623653411865,-0.019597990438342094,0.5983293056488037,0.5694812536239624,-0.030691953375935555,0.6142579913139343,0.505365788936615,-0.04249756783246994,0.6587876677513123,0.4993337392807007,-0.04849029704928398,0.6144908666610718,0.4734392762184143,-0.01746685430407524,0.60748690366745,0.41541483998298645,-0.045215245336294174,0.6236409544944763,0.4802294373512268,-0.05565980076789856,0.6345668435096741,0.5173799395561218,-0.05886175483465195,0.6578916311264038,0.4622642397880554,-0.019447026774287224,0.653488278388977,0.4102674126625061,-0.05415375903248787,0.6614052653312683,0.4901885986328125,-0.05802623927593231,0.6638484597206116,0.5295205116271973,-0.052109360694885254,0.6988421082496643,0.46190395951271057,-0.026247289031744003,0.6999474167823792,0.40980473160743713,-0.05753323808312416,0.6961533427238464,0.4810197353363037,-0.05129581317305565,0.6902197003364563,0.5287373661994934,-0.03757419064640999,0.7375791072845459,0.4674355983734131,-0.03514167666435242,0.7484970092773438,0.3915324807167053,-0.05482151359319687,0.7552034854888916,0.34514060616493225,-0.05892922729253769,0.7577310800552368,0.29623568058013916,-0.05747317522764206,I
0.6045897603034973,0.6126816272735596,-3.9831257936384645e-07,0.547230064868927,0.5864980220794678,-0.01879579946398735,0.5084124207496643,0.5082052946090698,-0.02626953274011612,0.4955642819404602,0.43772169947624207,-0.03450826182961464,0.47608548402786255,0.38309037685394287,-0.038112565875053406,0.5285234451293945,0.42128580808639526,-0.0037625625263899565,0.52366042137146,0.37764081358909607,-0.03260057047009468,0.53615802526474,0.43403467535972595,-0.04834086075425148,0.5470160841941833,0.4834924340248108,-0.053155701607465744,0.5677477717399597,0.41419366002082825,-0.0044558485969901085,0.5610712170600891,0.36717164516448975,-0.038993947207927704,0.5650041103363037,0.4416695833206177,-0.05096328258514404,0.5716134905815125,0.4941091537475586,-0.05050348863005638,0.6084709763526917,0.4187484681606293,-0.0103510906919837,0.607341468334198,0.36579471826553345,-0.043410949409008026,0.596587598323822,0.4313465654850006,-0.04276105761528015,0.5908148884773254,0.48300546407699585,-0.032221585512161255,0.6475163102149963,0.43148180842399597,-0.017747221514582634,0.6616748571395874,0.3566319942474365,-0.03884023800492287,0.6680669188499451,0.3084573447704315,-0.04416952282190323,0.6716745495796204,0.26140838861465454,-0.04307834431529045,I
0.4718521237373352,0.6038931608200073,-4.2747910811158363e-07,0.40889039635658264,0.5890802145004272,-0.017204416915774345,0.35516583919525146,0.5165702104568481,-0.025526762008666992,0.35776084661483765,0.4449111521244049,-0.035546425729990005,0.40192416310310364,0.4385640025138855,-0.03978121280670166,0.3797907829284668,0.4083976447582245,-0.002940873149782419,0.3676104247570038,0.35577112436294556,-0.02827449142932892,0.3787209987640381,0.4227948784828186,-0.03956684470176697,0.39099377393722534,0.46357497572898865,-0.04378147050738335,0.42149603366851807,0.3951837122440338,-0.00505326222628355,0.4072648286819458,0.3441025912761688,-0.03880581632256508,0.41351667046546936,0.42469432950019836,-0.043532419949769974,0.42322877049446106,0.47151026129722595,-0.037447135895490646,0.464438796043396,0.39378848671913147,-0.012609375640749931,0.4532601535320282,0.3377898335456848,-0.04476315528154373,0.4470599591732025,0.4123615622520447,-0.03942125290632248,0.4471547305583954,0.46654537320137024,-0.025554675608873367,0.5079764723777771,0.4006364643573761,-0.022086283192038536,0.5235000848770142,0.3232366442680359,-0.042682815343141556,0.5315133929252625,0.27223631739616394,-0.04852200299501419,0.5357263088226318,0.21736393868923187,-0.04825407639145851,I
0.4091027081012726,0.4680482745170593,-4.5248131641528744e-07,0.3439118266105652,0.4377965033054352,-0.015337797813117504,0.3008567690849304,0.3460165858268738,-0.02012386918067932,0.2772843837738037,0.27289313077926636,-0.028250062838196754,0.2465684860944748,0.22894775867462158,-0.03156430274248123,0.3271506726741791,0.2643933892250061,0.006859384011477232,0.3112622797489166,0.21163754165172577,-0.02337024360895157,0.3241114020347595,0.273466020822525,-0.03858064487576485,0.3390956223011017,0.3233577013015747,-0.04215923696756363,0.36728715896606445,0.25496789813041687,0.003666160861030221,0.3491969406604767,0.2000885307788849,-0.03622801601886749,0.35357803106307983,0.28161123394966125,-0.048324860632419586,0.365588515996933,0.3357137143611908,-0.04539879038929939,0.4101473391056061,0.2565220296382904,-0.0055287373252213,0.3965834081172943,0.19452929496765137,-0.04406312480568886,0.38499876856803894,0.2713659405708313,-0.042138151824474335,0.38378089666366577,0.33026471734046936,-0.028053568676114082,0.4515571594238281,0.26460951566696167,-0.016067277640104294,0.46943122148513794,0.18226265907287598,-0.03894473984837532,0.4751417338848114,0.12887302041053772,-0.04424012079834938,0.4778202474117279,0.0749407410621643,-0.04229636490345001,I
0.30757567286491394,0.54358971118927,-4.315691910505848e-07,0.24439439177513123,0.5268913507461548,-0.016449924558401108,0.19013144075870514,0.45274609327316284,-0.02486938238143921,0.18599388003349304,0.3786510229110718,-0.035867176949977875,0.2268185168504715,0.3583429157733917,-0.041058413684368134,0.21799516677856445,0.340358704328537,0.0015268714632838964,0.20193345844745636,0.2806388735771179,-0.025943242013454437,0.21072670817375183,0.3471795916557312,-0.03892951086163521,0.22399921715259552,0.39280059933662415,-0.043174758553504944,0.25990575551986694,0.3264528214931488,-0.0017943407874554396,0.24158495664596558,0.2662065625190735,-0.03939938172698021,0.24437011778354645,0.35012108087539673,-0.04723165184259415,0.2553367018699646,0.4025871753692627,-0.041482534259557724,0.3041199743747711,0.324821412563324,-0.01088652852922678,0.2897999584674835,0.2589517831802368,-0.04643724858760834,0.27835947275161743,0.335088312625885,-0.043439459055662155,0.2770311236381531,0.3920501172542572,-0.02944154478609562,0.3490239381790161,0.33272212743759155,-0.02163786254823208,0.36729684472084045,0.2513163089752197,-0.042784690856933594,0.3741896152496338,0.199171781539917,-0.04895726591348648,0.37791505455970764,0.1434837430715561,-0.0482853539288044,I
0.4548490345478058,0.6943225860595703,-4.823914991902711e-07,0.395463228225708,0.6597931385040283,-0.019348695874214172,0.35539621114730835,0.5654556155204773,-0.026681233197450638,0.3341744542121887,0.4907125234603882,-0.03622526675462723,0.3038268983364105,0.4444993734359741,-0.0400598868727684,0.37829506397247314,0.47812196612358093,0.000991819310002029,0.361813485622406,0.4229646623134613,-0.031955085694789886,0.3691372573375702,0.4908081591129303,-0.048221852630376816,0.381420373916626,0.5414684414863586,-0.05220470950007439,0.4183085560798645,0.4728597104549408,-0.0005183469038456678,0.4019630551338196,0.42048943042755127,-0.043458372354507446,0.40071821212768555,0.5053901672363281,-0.05503884702920914,0.4098208248615265,0.5610873699188232,-0.0511869452893734,0.46127849817276,0.4791695773601532,-0.008439507335424423,0.4498848021030426,0.41510677337646484,-0.047516562044620514,0.43330997228622437,0.49103230237960815,-0.04451699182391167,0.42832210659980774,0.549225926399231,-0.029899030923843384,0.502312421798706,0.49207544326782227,-0.01823139190673828,0.5236887335777283,0.4127991795539856,-0.04154509678483009,0.5327043533325195,0.3606317639350891,-0.04760768637061119,0.5388315916061401,0.3052164912223816,-0.046141766011714935,I
0.5911586284637451,0.7388626933097839,-3.686625689169887e-07,0.5328771471977234,0.7152544260025024,-0.019528105854988098,0.4946027100086212,0.6423221826553345,-0.03318534791469574,0.5092710256576538,0.5727910995483398,-0.04875972494482994,0.5468703508377075,0.5557428598403931,-0.060087114572525024,0.4927891790866852,0.5462208986282349,-0.008277303539216518,0.4826703667640686,0.4810123145580292,-0.03823602944612503,0.503203809261322,0.530758261680603,-0.05802370235323906,0.5175524950027466,0.5736469626426697,-0.06729242950677872,0.5339303612709045,0.5302578806877136,-0.011194698512554169,0.5344070792198181,0.46971994638442993,-0.04522295668721199,0.5490334630012512,0.5292998552322388,-0.060282155871391296,0.5542781949043274,0.5728688836097717,-0.06303182244300842,0.5761398673057556,0.5249356627464294,-0.01861737295985222,0.5799635052680969,0.4553786516189575,-0.04639773070812225,0.5824003219604492,0.5044057965278625,-0.04741595312952995,0.5798376798629761,0.547886848449707,-0.04047192633152008,0.6156087517738342,0.5309049487113953,-0.0283636637032032,0.6224316954612732,0.4599633514881134,-0.043761223554611206,0.6253935098648071,0.4158652424812317,-0.04701777920126915,0.6252173781394958,0.37182968854904175,-0.045838743448257446,I
0.8070898056030273,0.8978003263473511,-3.970877742176526e-07,0.7616377472877502,0.8714221119880676,-0.027224671095609665,0.7344349026679993,0.795924961566925,-0.04036806523799896,0.7336763143539429,0.7268486022949219,-0.0516783632338047,0.720606803894043,0.6720036268234253,-0.05771603435277939,0.7507836818695068,0.6966423988342285,-0.021634768694639206,0.7653729319572449,0.6578819155693054,-0.04960944503545761,0.7744058966636658,0.7129918336868286,-0.06015709042549133,0.774926483631134,0.7660136818885803,-0.060449834913015366,0.7918069958686829,0.6963229179382324,-0.01802702620625496,0.8015162944793701,0.6578779220581055,-0.053132474422454834,0.8015182614326477,0.740318775177002,-0.059786539524793625,0.7966559529304504,0.7942249774932861,-0.05460599809885025,0.8320719003677368,0.7056390047073364,-0.01926725171506405,0.8474828600883484,0.6553560495376587,-0.0535774864256382,0.8410523533821106,0.7154121398925781,-0.050768956542015076,0.8307333588600159,0.7613946795463562,-0.038220781832933426,0.8678080439567566,0.7227709889411926,-0.022044183686375618,0.885797917842865,0.650821328163147,-0.04228952154517174,0.89766925573349,0.6076061129570007,-0.04477778449654579,0.9045013785362244,0.562279462814331,-0.04119706526398659,I
0.7262080907821655,0.7900367975234985,-3.97235254467887e-07,0.6715527772903442,0.7695983648300171,-0.024435600265860558,0.6297128200531006,0.6911976337432861,-0.037483539432287216,0.6542790532112122,0.6294786930084229,-0.04963020607829094,0.704376757144928,0.6354288458824158,-0.055056843906641006,0.6429811120033264,0.5891180634498596,-0.018939772620797157,0.6379076242446899,0.5411936640739441,-0.04416826739907265,0.6505700945854187,0.6102555990219116,-0.05538558587431908,0.6582716107368469,0.6343072056770325,-0.06211599335074425,0.6852102875709534,0.5754714012145996,-0.018159976229071617,0.6826173663139343,0.5348634719848633,-0.04435192048549652,0.6868038177490234,0.6137158870697021,-0.04335750639438629,0.6865988969802856,0.6308735013008118,-0.03836197033524513,0.725864827632904,0.5778427124023438,-0.022876888513565063,0.7307753562927246,0.5208223462104797,-0.04608539119362831,0.7236752510070801,0.5863223075866699,-0.03475817292928696,0.7151346206665039,0.622653067111969,-0.022145364433526993,0.7632551193237305,0.5885694622993469,-0.030808813869953156,0.7749336957931519,0.5168377161026001,-0.047666650265455246,0.7788662910461426,0.4732457399368286,-0.05009489506483078,0.7795743942260742,0.422646701335907,-0.049301836639642715,I
0.804461658000946,0.8776530027389526,-3.316343679671263e-07,0.7537158131599426,0.8520455360412598,-0.026291318237781525,0.7254747748374939,0.789660632610321,-0.04441946744918823,0.7567339539527893,0.7421156764030457,-0.06198262795805931,0.8010545372962952,0.7372709512710571,-0.07441776990890503,0.7372475862503052,0.6942741274833679,-0.02984342724084854,0.741153359413147,0.6388148069381714,-0.05986406281590462,0.7501189112663269,0.6984367966651917,-0.07175333052873611,0.755070686340332,0.7370153665542603,-0.07521304488182068,0.7793877124786377,0.6868396997451782,-0.029210727661848068,0.7874197363853455,0.6438273191452026,-0.0628727376461029,0.7914754748344421,0.7171018123626709,-0.0673326924443245,0.7892438173294067,0.7495284676551819,-0.06327831000089645,0.8187968134880066,0.6886287331581116,-0.033292047679424286,0.8316665887832642,0.6354559063911438,-0.06452566385269165,0.8296131491661072,0.6967291235923767,-0.059570662677288055,0.8223021030426025,0.7367010116577148,-0.04785366728901863,0.8535931706428528,0.6972379684448242,-0.03969091549515724,0.8686083555221558,0.627814769744873,-0.058123525232076645,0.8792436122894287,0.5865534543991089,-0.060256846249103546,0.8857317566871643,0.5412981510162354,-0.05789388343691826,I
0.7360453605651855,0.8664439916610718,-4.5021349137641664e-07,0.677282452583313,0.8416344523429871,-0.018919548019766808,0.6344981789588928,0.766227126121521,-0.029462208971381187,0.6523329019546509,0.7064862251281738,-0.0404084175825119,0.696873128414154,0.7161327004432678,-0.04521472379565239,0.6634215712547302,0.6659970283508301,-0.013910078443586826,0.6629181504249573,0.6130746006965637,-0.03766637668013573,0.6705531477928162,0.6812596321105957,-0.04712245613336563,0.6751708984375,0.7127929329872131,-0.051350582391023636,0.7061765789985657,0.6594446897506714,-0.015267286449670792,0.7069608569145203,0.6146553754806519,-0.04438110813498497,0.7066240906715393,0.6943758130073547,-0.04707629606127739,0.7028399109840393,0.7250562906265259,-0.04238623008131981,0.7463105916976929,0.6629346013069153,-0.02106313779950142,0.7536278367042542,0.6075369119644165,-0.04752764105796814,0.7452141642570496,0.6767743229866028,-0.03978123888373375,0.734677255153656,0.719077467918396,-0.02692539058625698,0.7832443118095398,0.6745092868804932,-0.028952227905392647,0.7993138432502747,0.605460524559021,-0.04482495039701462,0.8088847398757935,0.5651647448539734,-0.046565499156713486,0.8140243291854858,0.5174598693847656,-0.044271934777498245,I
0.7634684443473816,0.807408332824707,-3.2990163845170173e-07,0.7056227326393127,0.7927068471908569,-0.02244158647954464,0.6609374284744263,0.7359402179718018,-0.03733076900243759,0.6741461753845215,0.6793199181556702,-0.05258145555853844,0.7169491648674011,0.6762795448303223,-0.06296238303184509,0.6779441237449646,0.6376733183860779,-0.020963989198207855,0.6751208305358887,0.5764055848121643,-0.04731086269021034,0.687943696975708,0.6315505504608154,-0.058449890464544296,0.6955795288085938,0.6719579696655273,-0.0625377967953682,0.7193698883056641,0.6243385076522827,-0.02218577079474926,0.7186147570610046,0.5713013410568237,-0.05707819014787674,0.7259594798088074,0.6429241299629211,-0.06518074125051498,0.7263658046722412,0.6869117021560669,-0.06255120038986206,0.7582451701164246,0.620894193649292,-0.02772529236972332,0.7625131011009216,0.5645826458930969,-0.0586218498647213,0.760284960269928,0.6259343028068542,-0.057328734546899796,0.7537800073623657,0.674203097820282,-0.047462984919548035,0.7938050627708435,0.6262490749359131,-0.03533235192298889,0.8055856227874756,0.5558285713195801,-0.05498300865292549,0.8132674098014832,0.5119036436080933,-0.06104385107755661,0.816500186920166,0.4682003855705261,-0.061247341334819794,I
0.766815721988678,0.8349277377128601,-4.0208496443483455e-07,0.7136096954345703,0.8124902248382568,-0.022740887477993965,0.6762937903404236,0.7495517730712891,-0.0375080332159996,0.7018172740936279,0.693889319896698,-0.05229845643043518,0.7481176853179932,0.688471257686615,-0.061821337789297104,0.6912029385566711,0.6523179411888123,-0.01993449777364731,0.691740870475769,0.6014983057975769,-0.04870479926466942,0.7018678784370422,0.6650293469429016,-0.061982568353414536,0.7059774398803711,0.6946571469306946,-0.06741621345281601,0.7309005260467529,0.6444185376167297,-0.02059745043516159,0.7321344614028931,0.5990384817123413,-0.053012922406196594,0.7373670935630798,0.6736457943916321,-0.05784846097230911,0.7370554208755493,0.7021203637123108,-0.05383465439081192,0.7682079076766968,0.64702969789505,-0.026010684669017792,0.7739749550819397,0.6070913672447205,-0.056007713079452515,0.7702322006225586,0.6767617464065552,-0.04953376203775406,0.7629455924034119,0.717505693435669,-0.03581998869776726,0.803778350353241,0.6552354693412781,-0.033765364438295364,0.8073172569274902,0.5842603445053101,-0.050313401967287064,0.8085082769393921,0.5403258800506592,-0.05082481727004051,0.806969940662384,0.4936484098434448,-0.04688068479299545,I
0.7678558826446533,0.855315089225769,-4.271409466127807e-07,0.70982426404953,0.8372650742530823,-0.024252325296401978,0.6708816885948181,0.7714691758155823,-0.04024450108408928,0.6977589726448059,0.7191212177276611,-0.05641257390379906,0.7456098794937134,0.7264315485954285,-0.06754255294799805,0.6889085173606873,0.6614714860916138,-0.022515656426548958,0.6882753372192383,0.5872986316680908,-0.05377175286412239,0.698307454586029,0.6464092135429382,-0.0685495138168335,0.7027941346168518,0.6901609301567078,-0.07349960505962372,0.7322012782096863,0.6534621715545654,-0.023114100098609924,0.7368606328964233,0.5886508226394653,-0.05952424556016922,0.7408267259597778,0.6645660400390625,-0.0673540011048317,0.7362182140350342,0.7065873742103577,-0.06342348456382751,0.7720260620117188,0.6578283905982971,-0.028428765013813972,0.7814087867736816,0.6045018434524536,-0.05969352275133133,0.7749953866004944,0.6713131666183472,-0.05656643956899643,0.7624296545982361,0.7164978384971619,-0.044199779629707336,0.8090079426765442,0.6678890585899353,-0.036209385842084885,0.8141856789588928,0.593091607093811,-0.05349397286772728,0.815208911895752,0.5487831830978394,-0.055835478007793427,0.8116387128829956,0.5036942958831787,-0.0527106449007988,I
0.763129472732544,0.6791282296180725,-4.0663456957190647e-07,0.7026669979095459,0.6586663722991943,-0.0248158797621727,0.6593875885009766,0.5757086873054504,-0.03744048997759819,0.6861379742622375,0.5106554627418518,-0.05014246329665184,0.7383077144622803,0.5176950097084045,-0.05702032148838043,0.6776756644248962,0.4784277379512787,-0.015504284761846066,0.6737273931503296,0.41320911049842834,-0.04546079412102699,0.6906741857528687,0.4775931239128113,-0.06015004962682724,0.6997369527816772,0.517802894115448,-0.06561783701181412,0.7232886552810669,0.46757227182388306,-0.015121015720069408,0.7244887948036194,0.4016196131706238,-0.05031050369143486,0.7326292991638184,0.4774334728717804,-0.05652696266770363,0.7326270341873169,0.5191594958305359,-0.050932325422763824,0.7651869058609009,0.4710550010204315,-0.020207852125167847,0.7717248201370239,0.4168606698513031,-0.049431391060352325,0.7669547200202942,0.48671722412109375,-0.04361853376030922,0.7573913931846619,0.5341731905937195,-0.029490428045392036,0.8034362196922302,0.48169228434562683,-0.028286520391702652,0.8108118176460266,0.40830445289611816,-0.04301593825221062,0.8143666982650757,0.36318784952163696,-0.04428489878773689,0.8141957521438599,0.3162715435028076,-0.04089135676622391,I
0.7771399617195129,0.8695496916770935,-3.814272986346623e-07,0.7180522084236145,0.8477791547775269,-0.02657674439251423,0.6826600432395935,0.7754325866699219,-0.04416053742170334,0.7146092653274536,0.7285962700843811,-0.061765167862176895,0.761473536491394,0.7355908751487732,-0.07474752515554428,0.6967790126800537,0.6644372344017029,-0.02453741803765297,0.6962458491325378,0.5859909653663635,-0.05899334326386452,0.7085626125335693,0.6402238607406616,-0.07693055272102356,0.7152727246284485,0.6925759315490723,-0.08343997597694397,0.7453917860984802,0.6558680534362793,-0.025188930332660675,0.7539137005805969,0.5784071683883667,-0.0657164603471756,0.7599875330924988,0.6585069894790649,-0.07520963996648788,0.7565523386001587,0.714503288269043,-0.0701102688908577,0.7887462973594666,0.6637982130050659,-0.03087562508881092,0.8010775446891785,0.60150146484375,-0.06533939391374588,0.7953411936759949,0.6733014583587646,-0.06259341537952423,0.782620370388031,0.7252023816108704,-0.049002088606357574,0.8277693390846252,0.6819484829902649,-0.039003886282444,0.8329806327819824,0.6192540526390076,-0.058344680815935135,0.8356490135192871,0.5914248824119568,-0.05938973277807236,0.8337632417678833,0.561040461063385,-0.05414664372801781,I
0.7723268270492554,0.84950190782547,-3.5716280422093405e-07,0.7152910232543945,0.8307173252105713,-0.026266973465681076,0.6775325536727905,0.7584198117256165,-0.04291896894574165,0.7058340907096863,0.708011269569397,-0.059364695101976395,0.7534777522087097,0.715455174446106,-0.07108761370182037,0.6875278949737549,0.6496278047561646,-0.02541130967438221,0.6826298236846924,0.5741773247718811,-0.05671084299683571,0.6955704092979431,0.6281777620315552,-0.07143271714448929,0.7039840221405029,0.6768279075622559,-0.0761810839176178,0.7337681651115417,0.6381270289421082,-0.025421854108572006,0.7372087240219116,0.5652532577514648,-0.06395287066698074,0.7441021203994751,0.6425240635871887,-0.07264604419469833,0.7424154281616211,0.693459689617157,-0.06812182813882828,0.776953399181366,0.6419485807418823,-0.030226821079850197,0.7868402600288391,0.5830196738243103,-0.064173124730587,0.7802902460098267,0.6531222462654114,-0.06306864321231842,0.7675131559371948,0.7042361497879028,-0.051103778183460236,0.815703272819519,0.653428852558136,-0.03738689422607422,0.8266656398773193,0.5777297019958496,-0.056765101850032806,0.8330773115158081,0.5321422219276428,-0.06106206774711609,0.8338715434074402,0.4848167300224304,-0.05912495777010918,I
0.7840281128883362,0.8565829992294312,-3.512674311423325e-07,0.7300949096679688,0.8397948741912842,-0.024602141231298447,0.6975929737091064,0.7784731388092041,-0.04069645702838898,0.7274479269981384,0.733881950378418,-0.05656314268708229,0.768454909324646,0.7332450747489929,-0.06828444451093674,0.705542266368866,0.6684106588363647,-0.025067277252674103,0.7021118998527527,0.5997220873832703,-0.05579058825969696,0.7166646122932434,0.6469225287437439,-0.07020574063062668,0.7256555557250977,0.695766806602478,-0.07402798533439636,0.7506194114685059,0.6580825448036194,-0.025220699608325958,0.7558838129043579,0.5923751592636108,-0.06396634131669998,0.7655107378959656,0.666972279548645,-0.07364524900913239,0.7659817337989807,0.7196143269538879,-0.06921981275081635,0.7917609214782715,0.6621273756027222,-0.029782405123114586,0.8014064431190491,0.6129977107048035,-0.0645446926355362,0.7975465655326843,0.6811875104904175,-0.06471184641122818,0.7874442934989929,0.7308847904205322,-0.05291680991649628,0.8285010457038879,0.6733877062797546,-0.036236491054296494,0.8388158679008484,0.6024002432823181,-0.05665580555796623,0.8456951379776001,0.5596988797187805,-0.06097683683037758,0.8467188477516174,0.5148409605026245,-0.05841425433754921,I
0.8286596536636353,0.928662896156311,-2.9240669618957327e-07,0.7781144976615906,0.9091272354125977,-0.023322338238358498,0.7528623342514038,0.8512492775917053,-0.03866914287209511,0.7853387594223022,0.8139075636863708,-0.053810711950063705,0.822628915309906,0.8152099251747131,-0.0651213601231575,0.7601220011711121,0.7502828240394592,-0.023456601426005363,0.7614374160766602,0.6856429576873779,-0.05222936347126961,0.7777948975563049,0.7294871211051941,-0.06563936173915863,0.7874908447265625,0.7751820087432861,-0.06868762522935867,0.8032110333442688,0.741070568561554,-0.023413972929120064,0.8129391074180603,0.6805301308631897,-0.05875730514526367,0.8224682807922363,0.7512049674987793,-0.06824687123298645,0.8207645416259766,0.8018345832824707,-0.06452761590480804,0.8412426114082336,0.7447974681854248,-0.02741914987564087,0.8540539145469666,0.6959127187728882,-0.058564502745866776,0.8525530099868774,0.7570701837539673,-0.059557076543569565,0.8431883454322815,0.8030276894569397,-0.04915283992886543,0.8738763928413391,0.7560998797416687,-0.033183030784130096,0.8849442005157471,0.687334418296814,-0.0498775914311409,0.8927599787712097,0.6476302146911621,-0.052989695221185684,0.8944127559661865,0.6072838306427002,-0.05010407418012619,I
0.7976284027099609,0.9029287099838257,-2.9457373784680385e-07,0.7455976009368896,0.882612943649292,-0.026992784813046455,0.7055796980857849,0.8201049566268921,-0.04309922084212303,0.7242539525032043,0.7659204006195068,-0.05845744535326958,0.7706596255302429,0.7580598592758179,-0.06780239194631577,0.7171333432197571,0.718336284160614,-0.02167218178510666,0.7172729969024658,0.6623108983039856,-0.05067354813218117,0.7323582172393799,0.7205873131752014,-0.06359093636274338,0.7397149205207825,0.7589199542999268,-0.06778628379106522,0.7592766284942627,0.7062942385673523,-0.02064283937215805,0.7594636678695679,0.6476266980171204,-0.0556209459900856,0.7691033482551575,0.7170628905296326,-0.06331884860992432,0.7704775929450989,0.7573365569114685,-0.0593942254781723,0.7989158034324646,0.7073051929473877,-0.0245223231613636,0.8055893778800964,0.6610943675041199,-0.05669904872775078,0.8043530583381653,0.7287958860397339,-0.053765177726745605,0.7967181205749512,0.7755365371704102,-0.04096158966422081,0.8349766731262207,0.7174406051635742,-0.030905432999134064,0.8448569774627686,0.6476206183433533,-0.048624247312545776,0.8521941900253296,0.6044105291366577,-0.051329560577869415,0.8540842533111572,0.5593143701553345,-0.04835942015051842,I
0.7666742205619812,0.728029727935791,-4.368523605080554e-07,0.7097346186637878,0.7087575793266296,-0.023195182904601097,0.6646926403045654,0.6396983861923218,-0.03481331840157509,0.6815798282623291,0.5713308453559875,-0.046535640954971313,0.727265477180481,0.5515549182891846,-0.05287110432982445,0.6861158609390259,0.5453409552574158,-0.015936337411403656,0.6867705583572388,0.49895042181015015,-0.04462946951389313,0.6996610760688782,0.559536874294281,-0.05690379813313484,0.7041357159614563,0.596467137336731,-0.061040304601192474,0.7267271876335144,0.5308265089988708,-0.016185520216822624,0.7270929217338562,0.4815993309020996,-0.050619903951883316,0.736383855342865,0.5641921758651733,-0.055967286229133606,0.7360897064208984,0.6039302349090576,-0.05064999312162399,0.7666223645210266,0.5305745601654053,-0.021619955077767372,0.772695779800415,0.4865959584712982,-0.055507149547338486,0.7708433866500854,0.5634084343910217,-0.04957815259695053,0.763568639755249,0.6123772263526917,-0.03463378921151161,0.8063596487045288,0.5392889380455017,-0.02923307567834854,0.8140239119529724,0.46548956632614136,-0.04987408593297005,0.8184000253677368,0.4220521152019501,-0.05182429775595665,0.817625105381012,0.37470945715904236,-0.04799497127532959,I
0.7711620330810547,0.6016818881034851,-3.9834520748627256e-07,0.7112417817115784,0.5758517980575562,-0.023488737642765045,0.6656950116157532,0.5039398670196533,-0.03555538132786751,0.6783336997032166,0.43116503953933716,-0.04872972145676613,0.7199258804321289,0.40102431178092957,-0.05763775482773781,0.6910790801048279,0.4145018756389618,-0.009664216078817844,0.6974204182624817,0.36387330293655396,-0.04059624299407005,0.7083848714828491,0.4214444160461426,-0.058341048657894135,0.7117010354995728,0.4703325927257538,-0.06510017067193985,0.7328024506568909,0.4017883241176605,-0.01024133712053299,0.738307535648346,0.3429532051086426,-0.0486256405711174,0.7446986436843872,0.42330145835876465,-0.06165425851941109,0.7443640828132629,0.48029759526252747,-0.05983026325702667,0.7735469937324524,0.40119343996047974,-0.016031378880143166,0.7841609120368958,0.34723275899887085,-0.05220182612538338,0.7798739671707153,0.4202263653278351,-0.052171990275382996,0.7709916234016418,0.4773692786693573,-0.03956155851483345,0.8132595419883728,0.4109104573726654,-0.023897424340248108,0.8225910663604736,0.33694469928741455,-0.0441264808177948,0.8292126059532166,0.29302090406417847,-0.04686873406171799,0.8311349153518677,0.24968920648097992,-0.04293956607580185,I
0.7581209540367126,0.8253695964813232,-3.384021454166941e-07,0.6994472146034241,0.8026331663131714,-0.022842682898044586,0.6559830904006958,0.7366647720336914,-0.03592868894338608,0.674574613571167,0.6773800849914551,-0.04860768839716911,0.7194697260856628,0.6765122413635254,-0.056565795093774796,0.6824089288711548,0.6424503922462463,-0.02188732475042343,0.6861593723297119,0.6001641154289246,-0.048147883266210556,0.6966065168380737,0.6569277048110962,-0.05968694016337395,0.6989298462867737,0.691230058670044,-0.06469322741031647,0.7240508794784546,0.6305614113807678,-0.02311220020055771,0.7256684899330139,0.5843299627304077,-0.05541495978832245,0.7316957116127014,0.6566706895828247,-0.06230573728680611,0.7302872538566589,0.6924548745155334,-0.059680722653865814,0.7642710208892822,0.6321388483047485,-0.028503719717264175,0.773945152759552,0.5958921313285828,-0.060602787882089615,0.7696866393089294,0.6684419512748718,-0.057044144719839096,0.7598446607589722,0.7159086465835571,-0.04492175951600075,0.8023078441619873,0.6434471011161804,-0.03593325987458229,0.8171557188034058,0.5709065794944763,-0.05594705045223236,0.8277634978294373,0.5268025398254395,-0.05870344117283821,0.8334052562713623,0.4814692735671997,-0.05627541244029999,I
0.7871126532554626,0.8890249729156494,-6.752040917490376e-07,0.703508734703064,0.8551850914955139,-0.05156148225069046,0.6220912337303162,0.7523895502090454,-0.07916940748691559,0.6158371567726135,0.6444672346115112,-0.10484527796506882,0.6832237839698792,0.6140972375869751,-0.12076906114816666,0.6651468873023987,0.581609845161438,-0.038229309022426605,0.6670485734939575,0.5187373161315918,-0.0844782292842865,0.6854387521743774,0.6256480813026428,-0.10206127911806107,0.6907455921173096,0.6915735006332397,-0.10698463022708893,0.7368138432502747,0.5603017807006836,-0.03393931686878204,0.7349792122840881,0.49368542432785034,-0.09535765647888184,0.7440998554229736,0.637578547000885,-0.10674118995666504,0.7419301271438599,0.7147354483604431,-0.0985821858048439,0.8065810203552246,0.5610848665237427,-0.038695983588695526,0.8175309896469116,0.4903562068939209,-0.1020965576171875,0.8086387515068054,0.6172755360603333,-0.09845929592847824,0.7909572720527649,0.7056207656860352,-0.07542454451322556,0.8713710308074951,0.5755835771560669,-0.04723195359110832,0.8892673254013062,0.45182257890701294,-0.08549425005912781,0.9047072529792786,0.3747284710407257,-0.09300641715526581,0.9112425446510315,0.2975253462791443,-0.08866239339113235,I
0.6910600662231445,0.8590725660324097,-7.247818984978949e-07,0.600143551826477,0.8186404705047607,-0.04525461047887802,0.5191974639892578,0.7100197076797485,-0.06938184797763824,0.4982302188873291,0.5996153950691223,-0.09267386794090271,0.5545995831489563,0.5661404728889465,-0.10701842606067657,0.5723369717597961,0.5429942607879639,-0.03418513387441635,0.5722947716712952,0.49161067605018616,-0.07285954803228378,0.5883067846298218,0.5952432751655579,-0.0829882025718689,0.594523549079895,0.6673248410224915,-0.08371569961309433,0.6436514258384705,0.5231147408485413,-0.03157966956496239,0.6392230987548828,0.4678143858909607,-0.08957232534885406,0.6431364417076111,0.6047279834747314,-0.10069327801465988,0.6414844989776611,0.6851240396499634,-0.0940597653388977,0.7160274386405945,0.5251450538635254,-0.036508768796920776,0.7206124067306519,0.44635963439941406,-0.0992155447602272,0.7065006494522095,0.5687204599380493,-0.09798654168844223,0.6884247660636902,0.6574926376342773,-0.07801124453544617,0.782208263874054,0.544055163860321,-0.044064976274967194,0.8051556348800659,0.4195712208747864,-0.08244077116250992,0.8196278214454651,0.3443930149078369,-0.09152379631996155,0.8240123987197876,0.2668370008468628,-0.08956331014633179,I
0.7665070295333862,0.8912584781646729,-5.997326866236108e-07,0.6969360113143921,0.8693747520446777,-0.03604278713464737,0.6534595489501953,0.7703444361686707,-0.04856700822710991,0.645093560218811,0.6773727536201477,-0.05996420606970787,0.624523937702179,0.6075977683067322,-0.06458064913749695,0.6830587387084961,0.660285472869873,-0.019011443480849266,0.6900523900985718,0.6157964468002319,-0.05481838062405586,0.701690673828125,0.6945958733558655,-0.06746785342693329,0.7067511677742004,0.7537630200386047,-0.06766010820865631,0.7329274415969849,0.6463324427604675,-0.014460708014667034,0.7394137382507324,0.6052009463310242,-0.05869368463754654,0.7411786913871765,0.7070508599281311,-0.0688428208231926,0.7384442687034607,0.7606551051139832,-0.06415769457817078,0.7831125855445862,0.6485528945922852,-0.017054159194231033,0.7971563339233398,0.5933712720870972,-0.062099020928144455,0.7860435247421265,0.6830552816390991,-0.058110740035772324,0.7721107602119446,0.7428857088088989,-0.041186340153217316,0.8284907341003418,0.6613771319389343,-0.022330570966005325,0.8407251238822937,0.5706604719161987,-0.049654897302389145,0.8470773100852966,0.5174463987350464,-0.05301210656762123,0.8493166565895081,0.4609457552433014,-0.04789566248655319,I
0.7602235674858093,0.8719719648361206,-5.062416903456324e-07,0.6952332854270935,0.8486925363540649,-0.03629801794886589,0.6378323435783386,0.7675226330757141,-0.05538440868258476,0.6543247103691101,0.6926679611206055,-0.07272731512784958,0.7125332951545715,0.6813881397247314,-0.08254368603229523,0.6692964434623718,0.6348095536231995,-0.028459984809160233,0.6735071539878845,0.5928990244865417,-0.058807577937841415,0.6854162216186523,0.6723352074623108,-0.07032804936170578,0.6862038373947144,0.7078053951263428,-0.07542666792869568,0.7210951447486877,0.618134081363678,-0.025940844789147377,0.7230330109596252,0.571643590927124,-0.0654955804347992,0.7282530069351196,0.6743945479393005,-0.07093970477581024,0.7230982184410095,0.7163285613059998,-0.06534963101148605,0.7721933126449585,0.6187479496002197,-0.029612701386213303,0.7854520678520203,0.5615768432617188,-0.06928030401468277,0.7781386971473694,0.6538419127464294,-0.06298049539327621,0.7624563574790955,0.7108226418495178,-0.04667181149125099,0.8199619054794312,0.6321233510971069,-0.03652525320649147,0.8314599990844727,0.5440315008163452,-0.061495039612054825,0.8394451141357422,0.4913947582244873,-0.06521797180175781,0.8418347835540771,0.43288150429725647,-0.061929021030664444,I
0.7970370650291443,0.918360710144043,-4.0897026565289707e-07,0.7364647388458252,0.90468430519104,-0.026132097467780113,0.6829322576522827,0.8474239110946655,-0.04096115380525589,0.6918063163757324,0.7875548005104065,-0.05511084944009781,0.7389193773269653,0.7811884880065918,-0.06358370184898376,0.7018914818763733,0.7331733107566833,-0.023869436234235764,0.7025368213653564,0.6956769227981567,-0.0466192290186882,0.7195827960968018,0.757189929485321,-0.05304748937487602,0.7251462340354919,0.7933529019355774,-0.05461927875876427,0.7459080219268799,0.7143619060516357,-0.023264095187187195,0.7454581260681152,0.6796783804893494,-0.05447806417942047,0.758935809135437,0.7608327269554138,-0.0585019551217556,0.7595371603965759,0.8007820248603821,-0.05390005186200142,0.789326548576355,0.7073680758476257,-0.026912210509181023,0.7929116487503052,0.659520149230957,-0.0585065521299839,0.7951078414916992,0.7330232858657837,-0.05434859171509743,0.7881184220314026,0.7836573123931885,-0.04190526902675629,0.8293653726577759,0.7111506462097168,-0.032662589102983475,0.8346359133720398,0.6357434988021851,-0.05204850807785988,0.8392560482025146,0.5903632640838623,-0.05505747348070145,0.8383406400680542,0.542588472366333,-0.05260549485683441,I
0.80228590965271,0.9137172102928162,-3.9053128375599044e-07,0.7442193627357483,0.9037228226661682,-0.031050223857164383,0.6894422769546509,0.8545350432395935,-0.04973558336496353,0.6951783895492554,0.7955688238143921,-0.06652045249938965,0.7408469319343567,0.7811253070831299,-0.07714278995990753,0.7045207023620605,0.730960488319397,-0.0330921933054924,0.7054035067558289,0.6968849897384644,-0.057636454701423645,0.7256376147270203,0.7596096396446228,-0.06326880306005478,0.7328288555145264,0.7967226505279541,-0.06400439888238907,0.7492329478263855,0.7102794647216797,-0.03067791275680065,0.7489598989486694,0.6779728531837463,-0.06344164907932281,0.7649821043014526,0.7616662383079529,-0.0661829486489296,0.7664138078689575,0.8002010583877563,-0.06081489473581314,0.7933521270751953,0.7026355266571045,-0.032645441591739655,0.7979739904403687,0.6583811044692993,-0.06644542515277863,0.8019575476646423,0.7348339557647705,-0.06088585406541824,0.7954922318458557,0.7855852246284485,-0.0473206602036953,0.8341232538223267,0.706812858581543,-0.036965057253837585,0.8380677700042725,0.6303778290748596,-0.05891064926981926,0.8420926928520203,0.5843071937561035,-0.06204966828227043,0.8400729894638062,0.5352627038955688,-0.05929449945688248,I
0.6379279494285583,0.9160802364349365,-4.543854856819962e-07,0.5752415657043457,0.897811770439148,-0.026736784726381302,0.5176482200622559,0.8420391082763672,-0.041920993477106094,0.49962306022644043,0.7759035229682922,-0.05703974887728691,0.5385615825653076,0.7550609707832336,-0.06555105745792389,0.5472888350486755,0.7173357605934143,-0.015376408584415913,0.5375014543533325,0.6847890019416809,-0.03885183483362198,0.5499134659767151,0.7530997395515442,-0.044747669249773026,0.5605936050415039,0.7907285690307617,-0.04555495083332062,0.5907548666000366,0.7003621459007263,-0.014460493810474873,0.5823468565940857,0.6681371331214905,-0.04948004335165024,0.5878255367279053,0.7517189979553223,-0.0544254444539547,0.5927115082740784,0.7937531471252441,-0.049505915492773056,0.6360948085784912,0.6968672275543213,-0.018779048696160316,0.6328211426734924,0.6440005302429199,-0.055940721184015274,0.6263933181762695,0.7197840809822083,-0.052516210824251175,0.6204062700271606,0.7722625136375427,-0.039169494062662125,0.6798421740531921,0.705409049987793,-0.025048548355698586,0.6916545629501343,0.6266605257987976,-0.04784631356596947,0.6971896886825562,0.5799610614776611,-0.05281338095664978,0.6979629397392273,0.5296952128410339,-0.05122992396354675,I
0.6508336663246155,0.9060623645782471,-4.59076659353741e-07,0.5883240699768066,0.8862172961235046,-0.024883337318897247,0.531120777130127,0.8292284607887268,-0.03955715522170067,0.5152233839035034,0.7630413770675659,-0.05450655519962311,0.5567958950996399,0.7433189153671265,-0.06340301036834717,0.5602031946182251,0.7059290409088135,-0.013728354126214981,0.5529612302780151,0.6744245290756226,-0.03767343610525131,0.564826488494873,0.7428213357925415,-0.04531870409846306,0.5723891258239746,0.7752394080162048,-0.04784102365374565,0.6035041213035583,0.6881338357925415,-0.013923277147114277,0.5973327159881592,0.6562275290489197,-0.04685915634036064,0.6029301881790161,0.739946186542511,-0.05128144845366478,0.6046063303947449,0.7766405344009399,-0.046989310532808304,0.6491966843605042,0.6845055818557739,-0.019321423023939133,0.6484780311584473,0.6315336227416992,-0.05598977580666542,0.642524003982544,0.7095236778259277,-0.05199342593550682,0.6341063380241394,0.7599507570266724,-0.03867510333657265,0.6932244300842285,0.6933810114860535,-0.026393074542284012,0.7048332691192627,0.613963782787323,-0.049073684960603714,0.711054801940918,0.5670015811920166,-0.053077809512615204,0.7114483118057251,0.5145178437232971,-0.05092279240489006,I
0.7941994667053223,0.8625493049621582,-4.429633975178149e-07,0.7330310940742493,0.8548005819320679,-0.026840005069971085,0.6746500730514526,0.8078840970993042,-0.042816367000341415,0.6768003106117249,0.7475064992904663,-0.058048542588949203,0.7223342061042786,0.7325038909912109,-0.06737561523914337,0.6900103092193604,0.6912112236022949,-0.02475128322839737,0.6854899525642395,0.6557044982910156,-0.046926021575927734,0.7079755067825317,0.7178497910499573,-0.0525326132774353,0.7160210013389587,0.7519863843917847,-0.05371180549263954,0.7323891520500183,0.6654324531555176,-0.023548496887087822,0.729398787021637,0.6336332559585571,-0.054125335067510605,0.7484933137893677,0.7141767144203186,-0.05829760432243347,0.7509356141090393,0.7550266981124878,-0.054287053644657135,0.7749139666557312,0.6514810919761658,-0.026430752128362656,0.7737960815429688,0.5995075702667236,-0.05730222910642624,0.7811726927757263,0.6720259189605713,-0.053002338856458664,0.7771260738372803,0.7234312295913696,-0.040948785841464996,0.8147655129432678,0.6502170562744141,-0.03136100620031357,0.8143140077590942,0.5754045248031616,-0.0495617538690567,0.8159517645835876,0.5321139693260193,-0.051708269864320755,0.8110011219978333,0.48658984899520874,-0.048913631588220596,I
0.8371561765670776,0.7490963935852051,-3.8969324123172555e-07,0.7670862674713135,0.7194295525550842,-0.03767744079232216,0.7135903239250183,0.6478222012519836,-0.06006462499499321,0.7314431667327881,0.5769776105880737,-0.08069493621587753,0.7859132885932922,0.5670629739761353,-0.09535761177539825,0.7451882362365723,0.5380821824073792,-0.03508305922150612,0.7510656714439392,0.4914481043815613,-0.0679297223687172,0.7653292417526245,0.5597755908966064,-0.08210025727748871,0.7630996704101562,0.6009020805358887,-0.08758700639009476,0.79593825340271,0.5189844369888306,-0.031791046261787415,0.8022301197052002,0.47154033184051514,-0.0732852891087532,0.8110560774803162,0.562820553779602,-0.08449146896600723,0.8015115261077881,0.6086493730545044,-0.08318562060594559,0.8435972332954407,0.5126665234565735,-0.033730871975421906,0.8540342450141907,0.4455719292163849,-0.07221795618534088,0.8531713485717773,0.5235741138458252,-0.07012155652046204,0.8381050825119019,0.5803805589675903,-0.05750245973467827,0.8838740587234497,0.5204492211341858,-0.03871243819594383,0.893325686454773,0.4365848898887634,-0.060115963220596313,0.9015926718711853,0.3873867988586426,-0.0626472756266594,0.9023303985595703,0.3367927670478821,-0.05923725292086601,I
0.7804034948348999,0.7685075402259827,-3.1907936204333964e-07,0.7349551320075989,0.7508050203323364,-0.017245175316929817,0.6983432173728943,0.7072949409484863,-0.02820231020450592,0.7077665328979492,0.6643308997154236,-0.039236925542354584,0.7413489818572998,0.6634027361869812,-0.046417903155088425,0.7208056449890137,0.6234710216522217,-0.017245948314666748,0.7234860062599182,0.596861720085144,-0.033736467361450195,0.7319667339324951,0.6438982486724854,-0.038556549698114395,0.7344048619270325,0.6703717708587646,-0.039895378053188324,0.7548428177833557,0.6136173009872437,-0.017850501462817192,0.7585443258285522,0.5928123593330383,-0.04016803205013275,0.7617645859718323,0.6517654061317444,-0.043839726597070694,0.7591175436973572,0.679844319820404,-0.041617825627326965,0.787720799446106,0.6121622920036316,-0.021142499521374702,0.7952694296836853,0.5787920951843262,-0.04448036849498749,0.7922309041023254,0.6329444050788879,-0.041744593530893326,0.7847574353218079,0.6692520380020142,-0.03301375359296799,0.8171336054801941,0.6193482279777527,-0.025733141228556633,0.8274930119514465,0.5639532208442688,-0.0400366447865963,0.8334740400314331,0.5310766100883484,-0.04165345057845116,0.836524486541748,0.4960872530937195,-0.039379753172397614,I
0.7889713048934937,0.7760428786277771,-2.9110628929629456e-07,0.7420881390571594,0.7610275745391846,-0.019350193440914154,0.7031536102294922,0.7180872559547424,-0.03250587359070778,0.713895857334137,0.6723682284355164,-0.045620396733284,0.7497502565383911,0.6671587228775024,-0.05470686033368111,0.7181749939918518,0.6338403224945068,-0.01939275488257408,0.7228359580039978,0.6043512225151062,-0.0405331514775753,0.7347338795661926,0.6512848734855652,-0.05021900311112404,0.7351763844490051,0.6774236559867859,-0.05452512204647064,0.7529240846633911,0.620877206325531,-0.020256364718079567,0.758681058883667,0.5937044024467468,-0.046514544636011124,0.7662208080291748,0.6529397368431091,-0.053785983473062515,0.7610313296318054,0.6820420026779175,-0.05349582061171532,0.786509096622467,0.6158407926559448,-0.02405598945915699,0.794217050075531,0.5741521716117859,-0.049024030566215515,0.7953693270683289,0.6299009919166565,-0.04655010625720024,0.7869792580604553,0.6694542169570923,-0.03771107271313667,0.8163628578186035,0.6202088594436646,-0.02948717400431633,0.8221502304077148,0.5624841451644897,-0.0440300777554512,0.8264069557189941,0.5278777480125427,-0.0451822429895401,0.8267439603805542,0.491775780916214,-0.042397335171699524,I
0.7647804021835327,0.810455858707428,-3.26170550124516e-07,0.7128952741622925,0.7993934750556946,-0.02373601123690605,0.6666402220726013,0.749073326587677,-0.038266103714704514,0.6696484684944153,0.6897357702255249,-0.05266560614109039,0.7092891931533813,0.6707505583763123,-0.060952819883823395,0.6660404801368713,0.6491962671279907,-0.015186373144388199,0.656847357749939,0.5999154448509216,-0.04194236174225807,0.6767265796661377,0.6537508368492126,-0.053839754313230515,0.6862718462944031,0.6819451451301575,-0.05790764093399048,0.7024617195129395,0.6313540935516357,-0.014365081675350666,0.6965336203575134,0.5871358513832092,-0.0463857464492321,0.7117059826850891,0.6516830325126648,-0.05232212692499161,0.7149618864059448,0.6820589900016785,-0.048529766499996185,0.7384193539619446,0.6243234276771545,-0.01848619431257248,0.7365605235099792,0.5865001678466797,-0.04838639497756958,0.7415430545806885,0.6538689136505127,-0.04383685439825058,0.7402380704879761,0.6985098123550415,-0.03110000304877758,0.7722432017326355,0.6242647767066956,-0.024960186332464218,0.772185206413269,0.559324324131012,-0.04082100838422775,0.7730143070220947,0.5173687934875488,-0.04258960485458374,0.7693060636520386,0.47419100999832153,-0.03959939628839493,I
0.7679426074028015,0.8116620182991028,-3.2609850109110994e-07,0.7180400490760803,0.7953366041183472,-0.022624516859650612,0.6762231588363647,0.740609884262085,-0.03572358936071396,0.6851591467857361,0.6831488609313965,-0.0481407605111599,0.7279753088951111,0.6741570830345154,-0.05468423292040825,0.6838117837905884,0.6480855941772461,-0.016612444072961807,0.6781406402587891,0.6019156575202942,-0.04040345549583435,0.6939107775688171,0.6555166840553284,-0.050192490220069885,0.7004777193069458,0.6819911599159241,-0.05374711751937866,0.7200421690940857,0.634128749370575,-0.015246274881064892,0.7169578075408936,0.5932066440582275,-0.043448273092508316,0.7276426553726196,0.6568347215652466,-0.047116007655858994,0.7281662225723267,0.6828201413154602,-0.04315941035747528,0.7546477317810059,0.6309930682182312,-0.018413947895169258,0.7552199363708496,0.5961735844612122,-0.045099712908267975,0.7560915350914001,0.6602732539176941,-0.039816226810216904,0.7528006434440613,0.7021991014480591,-0.02801509201526642,0.786707878112793,0.6336106657981873,-0.023850206285715103,0.7915403842926025,0.5692618489265442,-0.038690466433763504,0.79558265209198,0.5284723043441772,-0.040451500564813614,0.7953025698661804,0.48704689741134644,-0.03816363587975502,I
0.7490816116333008,0.8252803683280945,-2.902415587868745e-07,0.7001049518585205,0.8154175877571106,-0.026560291647911072,0.652765154838562,0.7681636810302734,-0.04217278212308884,0.6528453826904297,0.7093479037284851,-0.05714314803481102,0.6919176578521729,0.6835305094718933,-0.06671521812677383,0.6571940183639526,0.6679084897041321,-0.016972223296761513,0.6547802686691284,0.624293327331543,-0.04392369091510773,0.6721600890159607,0.6758415102958679,-0.05682629346847534,0.6816365122795105,0.7088377475738525,-0.061552952975034714,0.6939532160758972,0.6477373838424683,-0.015248902142047882,0.6901571750640869,0.5992351174354553,-0.049600500613451004,0.7044579386711121,0.6672857999801636,-0.05824974924325943,0.7101718783378601,0.7073742747306824,-0.05503818765282631,0.7307349443435669,0.6395857930183411,-0.018427139148116112,0.7325188517570496,0.5952757000923157,-0.05152564123272896,0.7364312410354614,0.6632209420204163,-0.04978742450475693,0.7347219586372375,0.7119958996772766,-0.037527840584516525,0.7663779854774475,0.6412601470947266,-0.02386905625462532,0.7686880230903625,0.5742190480232239,-0.0423426516354084,0.7720931768417358,0.5327505469322205,-0.04545333608984947,0.7713972330093384,0.49089014530181885,-0.04268791899085045,I
0.7505935430526733,0.8255404233932495,-3.3844875702016e-07,0.6983983516693115,0.8158531188964844,-0.029053909704089165,0.6486689448356628,0.7642272710800171,-0.04489070549607277,0.6488490700721741,0.7062513828277588,-0.05981151759624481,0.6894359588623047,0.6929618716239929,-0.06903519481420517,0.6661059260368347,0.6604794859886169,-0.016964146867394447,0.6629645824432373,0.6254934072494507,-0.04372456669807434,0.6778598427772522,0.6825407147407532,-0.055678337812423706,0.6873480081558228,0.7111894488334656,-0.06018238514661789,0.7034295797348022,0.6418792605400085,-0.014457665383815765,0.6991717219352722,0.6017763018608093,-0.0500456765294075,0.7096913456916809,0.6734651923179626,-0.05816208943724632,0.7143382430076599,0.7117735147476196,-0.054044753313064575,0.7404283285140991,0.6359714269638062,-0.017220092937350273,0.7417063117027283,0.5912677049636841,-0.05052709951996803,0.7435254454612732,0.6599452495574951,-0.04690415412187576,0.741113543510437,0.707814633846283,-0.033015016466379166,0.7756686210632324,0.6409375071525574,-0.022712787613272667,0.7761452794075012,0.575981616973877,-0.04051752761006355,0.7766246199607849,0.5370401740074158,-0.04227452725172043,0.7745044231414795,0.49651533365249634,-0.038285914808511734,I
0.75275057554245,0.8319514989852905,-3.3610791660976247e-07,0.6996753811836243,0.8211706280708313,-0.027112139388918877,0.649085521697998,0.7653781175613403,-0.04135846346616745,0.648993194103241,0.705448567867279,-0.055288467556238174,0.6901771426200867,0.6953750252723694,-0.06379493325948715,0.6676588654518127,0.665479302406311,-0.01094771083444357,0.6638162732124329,0.6293601989746094,-0.037584640085697174,0.6782230734825134,0.6851173043251038,-0.051353681832551956,0.6873891949653625,0.7143548130989075,-0.05690312385559082,0.7043614983558655,0.6474582552909851,-0.008978818543255329,0.6993496417999268,0.6058897376060486,-0.044142283499240875,0.7107482552528381,0.6752482056617737,-0.0532819889485836,0.7169747948646545,0.7145566344261169,-0.04942675679922104,0.740312933921814,0.6417815089225769,-0.012515069916844368,0.7425758242607117,0.5970886945724487,-0.04514697194099426,0.7444066405296326,0.6643697619438171,-0.042383864521980286,0.7424600720405579,0.7132933139801025,-0.028738709166646004,0.774634838104248,0.6464601755142212,-0.01872866041958332,0.7758553624153137,0.5822781324386597,-0.03507250174880028,0.7768813967704773,0.543208122253418,-0.036295823752880096,0.775443434715271,0.5038991570472717,-0.03192519769072533,I
0.7507848143577576,0.8354835510253906,-3.420130951781175e-07,0.7030682563781738,0.8254780173301697,-0.02980366349220276,0.6534649133682251,0.7708927392959595,-0.04565995931625366,0.6424559354782104,0.7089900374412537,-0.06043504178524017,0.6764457821846008,0.6867373585700989,-0.07010756433010101,0.6667917370796204,0.6724569797515869,-0.01594783551990986,0.6657174825668335,0.6434180736541748,-0.0436820313334465,0.6804574728012085,0.6961183547973633,-0.056965477764606476,0.688633143901825,0.7337440252304077,-0.060961853712797165,0.7028096318244934,0.6541289687156677,-0.01220323983579874,0.7005536556243896,0.6199765801429749,-0.04768259823322296,0.7125412821769714,0.6923093199729919,-0.057229626923799515,0.7161606550216675,0.737197995185852,-0.053626786917448044,0.7410878539085388,0.6485406756401062,-0.013781610876321793,0.7431104183197021,0.6040529012680054,-0.048277709633111954,0.7462482452392578,0.6708264946937561,-0.04696217551827431,0.743685245513916,0.7225789427757263,-0.03389058634638786,0.7768832445144653,0.6536627411842346,-0.01765989325940609,0.7767687439918518,0.5867609977722168,-0.03623829782009125,0.7777726054191589,0.5454193353652954,-0.03872852399945259,0.7755290865898132,0.5052566528320312,-0.03467825800180435,I
0.7539508938789368,0.826327919960022,-2.8439646371225535e-07,0.7080523371696472,0.8179650902748108,-0.033661503344774246,0.6616067290306091,0.7711968421936035,-0.05361412838101387,0.6569361686706543,0.7138506770133972,-0.07150799036026001,0.6966038942337036,0.6935908198356628,-0.08330881595611572,0.6722163558006287,0.6612023711204529,-0.02510189078748226,0.6698682904243469,0.6275816559791565,-0.053903158754110336,0.6848510503768921,0.6834646463394165,-0.06661242991685867,0.6942707896232605,0.7135826349258423,-0.0714031457901001,0.7103027701377869,0.6428065299987793,-0.02088666893541813,0.707726001739502,0.6022266149520874,-0.05708478391170502,0.7192943692207336,0.673099160194397,-0.06435071676969528,0.7244545817375183,0.7096003890037537,-0.06008608266711235,0.7484947443008423,0.6382760405540466,-0.022130029276013374,0.75391685962677,0.5923121571540833,-0.056688569486141205,0.7557727694511414,0.6601777672767639,-0.052568983286619186,0.7523371577262878,0.7072935700416565,-0.03874589502811432,0.784704864025116,0.6453055739402771,-0.026322688907384872,0.7903152108192444,0.5806269645690918,-0.045977216213941574,0.7941318154335022,0.5413684248924255,-0.04835466668009758,0.7943131923675537,0.5009812712669373,-0.044738851487636566,I
0.7443514466285706,0.830219030380249,-3.5281104260320717e-07,0.6877200603485107,0.8161109089851379,-0.01967693492770195,0.6397081613540649,0.7786818146705627,-0.032931290566921234,0.6147622466087341,0.7353862524032593,-0.04629003629088402,0.633949875831604,0.7111510634422302,-0.05417817085981369,0.6591184735298157,0.6734981536865234,-0.015804007649421692,0.6451408863067627,0.6459700465202332,-0.03928084298968315,0.6560116410255432,0.6978922486305237,-0.047224145382642746,0.6665164232254028,0.728036105632782,-0.04985922947525978,0.6932898759841919,0.6568613052368164,-0.017203262075781822,0.6779245734214783,0.6223058104515076,-0.05057326704263687,0.681806206703186,0.6906480193138123,-0.05675830692052841,0.6881436705589294,0.7263728380203247,-0.053739145398139954,0.7306853532791138,0.6521715521812439,-0.022532472386956215,0.7220157980918884,0.6090508699417114,-0.05681053176522255,0.7150062918663025,0.6752914190292358,-0.05449852719902992,0.7115597724914551,0.7201707363128662,-0.04349939897656441,0.7668227553367615,0.6584859490394592,-0.029230697080492973,0.7793928384780884,0.5922763347625732,-0.05301210284233093,0.7849161624908447,0.5514987111091614,-0.05967339873313904,0.7866289615631104,0.5063381791114807,-0.05960005149245262,I
0.766964852809906,0.8280274271965027,-2.772255527361267e-07,0.7167115211486816,0.8112192749977112,-0.02413121797144413,0.6762898564338684,0.7555786371231079,-0.03760424628853798,0.6869749426841736,0.6980264186859131,-0.05110703036189079,0.7269867062568665,0.6794025897979736,-0.059340182691812515,0.6856242418289185,0.6662726402282715,-0.013047638349235058,0.6836485266685486,0.6242513060569763,-0.0382901094853878,0.6964877247810364,0.6738322973251343,-0.0500674694776535,0.7019277215003967,0.698432207107544,-0.05513504147529602,0.7214427590370178,0.6477987170219421,-0.01237431075423956,0.7212814688682556,0.6037527918815613,-0.04364454373717308,0.729616641998291,0.6650354266166687,-0.05079757794737816,0.7295804023742676,0.6926506757736206,-0.04845555126667023,0.7566563487052917,0.6418332457542419,-0.016661865636706352,0.7619252800941467,0.5951591730117798,-0.04711122438311577,0.7624052166938782,0.6588165163993835,-0.04365195333957672,0.7565114498138428,0.7010020613670349,-0.03206019103527069,0.7899436354637146,0.6455514430999756,-0.02337915636599064,0.7974764108657837,0.5845638513565063,-0.041331347078084946,0.8025967478752136,0.5478537678718567,-0.04399729520082474,0.80296391248703,0.5078873634338379,-0.041493408381938934,I
0.7499241828918457,0.8446282744407654,-3.3125149911938934e-07,0.700319230556488,0.8248428106307983,-0.021280808374285698,0.6625329852104187,0.7609622478485107,-0.032278601080179214,0.670045018196106,0.6992027163505554,-0.043556567281484604,0.7072044610977173,0.6864232420921326,-0.05076984688639641,0.689651608467102,0.6731493473052979,-0.01133766956627369,0.6914477348327637,0.6360776424407959,-0.03311585634946823,0.6999154090881348,0.6846383810043335,-0.043069079518318176,0.7031980752944946,0.7226327657699585,-0.04625316709280014,0.7264417409896851,0.6611647605895996,-0.011082655750215054,0.7301997542381287,0.619096040725708,-0.04063863307237625,0.7348395586013794,0.6864998936653137,-0.04898397997021675,0.7330425381660461,0.7292065024375916,-0.04645572975277901,0.7627074122428894,0.6609506011009216,-0.014842966571450233,0.7741354703903198,0.6104914546012878,-0.04402875155210495,0.7708030343055725,0.670602560043335,-0.04301559180021286,0.7617109417915344,0.7179768085479736,-0.03271714225411415,0.7962454557418823,0.6719532012939453,-0.02036789059638977,0.8082339763641357,0.6106285452842712,-0.038049809634685516,0.8164393901824951,0.5738886594772339,-0.041258398443460464,0.8203983306884766,0.53681480884552,-0.0388779379427433,I
0.5891744494438171,0.7974357008934021,-4.4736785298482573e-07,0.5172061324119568,0.7681339979171753,-0.040453217923641205,0.45537376403808594,0.6975635290145874,-0.06772547960281372,0.4282899498939514,0.6137147545814514,-0.09547588974237442,0.47147220373153687,0.5784834623336792,-0.11615385115146637,0.4815217852592468,0.5477896928787231,-0.012778227217495441,0.4757225215435028,0.5024474859237671,-0.056701336055994034,0.48546433448791504,0.5819645524024963,-0.08054628223180771,0.4971986413002014,0.6411941051483154,-0.09059277921915054,0.5361936688423157,0.5227693915367126,-0.011765892617404461,0.5248157382011414,0.45533961057662964,-0.06811154633760452,0.5253002643585205,0.5679025053977966,-0.0851428359746933,0.5327538847923279,0.6378159523010254,-0.082191102206707,0.595198392868042,0.5183571577072144,-0.01971137523651123,0.5976506471633911,0.43542903661727905,-0.07518987357616425,0.5796605944633484,0.5317867994308472,-0.07793255895376205,0.5670426487922668,0.6063451170921326,-0.06222526356577873,0.6527163982391357,0.5321264266967773,-0.030717508867383003,0.6701332926750183,0.43333327770233154,-0.062492843717336655,0.681174635887146,0.3728397488594055,-0.07166309654712677,0.6873611807823181,0.3107858896255493,-0.07054632157087326,I
0.736232578754425,0.87142014503479,-3.565081101442047e-07,0.6752356886863708,0.8555779457092285,-0.026006551459431648,0.6250446438789368,0.7922139763832092,-0.040034081786870956,0.6392845511436462,0.7287209033966064,-0.053102098405361176,0.6896928548812866,0.7239859104156494,-0.05998993292450905,0.6491008400917053,0.686825156211853,-0.021925397217273712,0.6400911211967468,0.6470563411712646,-0.049885451793670654,0.656084418296814,0.709937572479248,-0.0614478662610054,0.6649504899978638,0.7349429130554199,-0.06715201586484909,0.6903164386749268,0.6706188321113586,-0.021128347143530846,0.6839861869812012,0.6339576840400696,-0.054886624217033386,0.693361222743988,0.7115083932876587,-0.058591172099113464,0.6950698494911194,0.7392332553863525,-0.05472296476364136,0.7303357720375061,0.668465793132782,-0.025927525013685226,0.7321886420249939,0.6266139149665833,-0.060766227543354034,0.7286569476127625,0.7012437582015991,-0.05625390633940697,0.7224662899971008,0.7473686933517456,-0.0440785251557827,0.768757164478302,0.6739187240600586,-0.03311990946531296,0.7840958833694458,0.5998425483703613,-0.057573650032281876,0.7949841022491455,0.5521998405456543,-0.06481713056564331,0.8013935089111328,0.500677764415741,-0.06572208553552628,I
0.7815879583358765,0.8808863162994385,-4.73101295028755e-07,0.7219780683517456,0.8707317113876343,-0.02598665840923786,0.6639789342880249,0.8178045153617859,-0.04102597013115883,0.6584393978118896,0.7480047345161438,-0.056622907519340515,0.6987346410751343,0.7270781993865967,-0.06723621487617493,0.6740655303001404,0.7175819873809814,-0.014855748042464256,0.6658516526222229,0.6753990650177002,-0.04502255842089653,0.6893184185028076,0.7299038767814636,-0.05975895747542381,0.7023327350616455,0.7707602381706238,-0.06386614590883255,0.7121618390083313,0.6929512023925781,-0.013766822405159473,0.708404541015625,0.6574195027351379,-0.05275804549455643,0.7284815311431885,0.7356358170509338,-0.06448104977607727,0.7348314523696899,0.7857986688613892,-0.06166955456137657,0.7510551810264587,0.6781352758407593,-0.017675453796982765,0.7476316690444946,0.6321168541908264,-0.05418700352311134,0.757345974445343,0.706220269203186,-0.05378216877579689,0.7598546147346497,0.7646273374557495,-0.04033350944519043,0.7879273891448975,0.6720037460327148,-0.023660115897655487,0.7764943242073059,0.596237301826477,-0.0411122590303421,0.7683432102203369,0.5502296090126038,-0.04274391382932663,0.7584514021873474,0.5075742602348328,-0.03803279250860214,I
0.8061302900314331,0.9619285464286804,-4.285004706616746e-07,0.744441032409668,0.9461582899093628,-0.03003041259944439,0.695543110370636,0.8872395753860474,-0.04636133834719658,0.7092254161834717,0.8299296498298645,-0.05985230207443237,0.7548536658287048,0.8266829252243042,-0.06658997386693954,0.711620569229126,0.7762038111686707,-0.03309604153037071,0.7117307186126709,0.7404441833496094,-0.056781038641929626,0.7297599911689758,0.8047699332237244,-0.0628412663936615,0.7329248189926147,0.838847279548645,-0.0645587295293808,0.7545254230499268,0.760360836982727,-0.028923820704221725,0.7563284635543823,0.7337357401847839,-0.05775772035121918,0.7689341902732849,0.8172798156738281,-0.05891413986682892,0.7626701593399048,0.848646879196167,-0.0542631670832634,0.7964351773262024,0.7570788860321045,-0.02902289293706417,0.8017820119857788,0.718038022518158,-0.05829071253538132,0.8043642640113831,0.7939556837081909,-0.05067551136016846,0.7972182035446167,0.8421849608421326,-0.03774913772940636,0.8345288038253784,0.7621145248413086,-0.031576961278915405,0.8427337408065796,0.6879968643188477,-0.05240452662110329,0.8498994708061218,0.642063319683075,-0.056004948914051056,0.8513119220733643,0.5929297208786011,-0.054311126470565796,I
0.7376994490623474,0.6955336332321167,-3.922672817679995e-07,0.6749631762504578,0.6895577311515808,-0.02209964394569397,0.6189995408058167,0.6319959759712219,-0.03405535966157913,0.621759295463562,0.5641533732414246,-0.047085098922252655,0.6661823987960815,0.5507928729057312,-0.05564618855714798,0.6316534280776978,0.5359581112861633,-0.00753128482028842,0.6252148151397705,0.4964735209941864,-0.03433242067694664,0.6481143236160278,0.5483601093292236,-0.049227025359869,0.6623300313949585,0.5913069248199463,-0.05434449762105942,0.6700836420059204,0.5115085244178772,-0.00767655111849308,0.6646877527236938,0.4733480215072632,-0.04181148484349251,0.6847333312034607,0.5481374263763428,-0.0526546947658062,0.6934521198272705,0.6006557941436768,-0.0501774400472641,0.7097911834716797,0.4979928135871887,-0.012753765098750591,0.7058902978897095,0.4451509714126587,-0.04433459788560867,0.7155252695083618,0.5128527283668518,-0.04386308789253235,0.7191110849380493,0.5706250071525574,-0.0320705771446228,0.7483701705932617,0.49434804916381836,-0.01986972987651825,0.7448468804359436,0.42290401458740234,-0.03568708151578903,0.7437829375267029,0.3775341510772705,-0.03772462159395218,0.7405229806900024,0.3353443741798401,-0.03405655547976494,I
0.735572874546051,0.7291582822799683,-4.0916253851719375e-07,0.6715689301490784,0.7219202518463135,-0.01780669577419758,0.6149678230285645,0.6607095003128052,-0.026808029040694237,0.617173969745636,0.5947404503822327,-0.03728443384170532,0.6596100926399231,0.5843357443809509,-0.04386773705482483,0.6306349039077759,0.5637383460998535,-0.008005407638847828,0.6248239278793335,0.5224511623382568,-0.030392048880457878,0.6465471386909485,0.5688080191612244,-0.04091449826955795,0.6597825884819031,0.6100810766220093,-0.04391036182641983,0.669367790222168,0.5388079881668091,-0.010018839500844479,0.6653687953948975,0.49917346239089966,-0.041761614382267,0.6837153434753418,0.5730866193771362,-0.051031388342380524,0.6902297139167786,0.62574303150177,-0.04819508269429207,0.7090978026390076,0.5259722471237183,-0.015951761975884438,0.7072356343269348,0.47217971086502075,-0.046412061899900436,0.7160083055496216,0.539142906665802,-0.04652651771903038,0.7177504301071167,0.5968881845474243,-0.03586878255009651,0.747063398361206,0.5235317945480347,-0.023350492119789124,0.7464708685874939,0.44883623719215393,-0.04017528519034386,0.7461355328559875,0.40202754735946655,-0.04327631741762161,0.7426578998565674,0.35858654975891113,-0.04068617895245552,I
0.6134325265884399,0.8339864015579224,-4.45475706101206e-07,0.5565115213394165,0.8030023574829102,-0.02911929041147232,0.5086149573326111,0.7276439666748047,-0.04512989893555641,0.5012139678001404,0.6562594771385193,-0.060368385165929794,0.5416414737701416,0.6447222828865051,-0.06932954490184784,0.5496129989624023,0.6108326315879822,-0.01934969238936901,0.5427674651145935,0.576990008354187,-0.04561072960495949,0.5467753410339355,0.6432731747627258,-0.05452093482017517,0.5522390604019165,0.6825133562088013,-0.05713116005063057,0.595446765422821,0.6061123013496399,-0.017666494473814964,0.5885842442512512,0.5753070116043091,-0.05680273845791817,0.5809094309806824,0.663986325263977,-0.06382820755243301,0.5796462893486023,0.7136639356613159,-0.05928419157862663,0.6410925984382629,0.6162769794464111,-0.021418826654553413,0.6425390243530273,0.5719714760780334,-0.06282997131347656,0.624311089515686,0.6511535048484802,-0.06109015271067619,0.6125563979148865,0.7075394988059998,-0.04756965488195419,0.6833502054214478,0.6368021965026855,-0.0270934347063303,0.708916187286377,0.5604426860809326,-0.05370348319411278,0.7252888679504395,0.5107603669166565,-0.061161406338214874,0.7385573387145996,0.4583982527256012,-0.06077948212623596,I
0.8323692083358765,0.8723289966583252,-4.771105182044266e-07,0.7686827182769775,0.8795381784439087,-0.0313507616519928,0.6999870538711548,0.8342975378036499,-0.04932938516139984,0.7019646763801575,0.7652875781059265,-0.06641361117362976,0.7545856833457947,0.7398945689201355,-0.07676061242818832,0.6861913204193115,0.7210097312927246,-0.025403449311852455,0.6714954376220703,0.6843650937080383,-0.05409255251288414,0.7065740823745728,0.7442948818206787,-0.06614971905946732,0.7184053659439087,0.7607747316360474,-0.07214951515197754,0.7214752435684204,0.6835483312606812,-0.023406563326716423,0.7092222571372986,0.6431096792221069,-0.057913489639759064,0.7437769174575806,0.7203132510185242,-0.06114732846617699,0.7499076128005981,0.7434007525444031,-0.055616896599531174,0.7612489461898804,0.6582505702972412,-0.026993626728653908,0.7463733553886414,0.5992013216018677,-0.057958006858825684,0.7695295810699463,0.6681365966796875,-0.04964395985007286,0.7785149216651917,0.7094781398773193,-0.03477195277810097,0.8013187646865845,0.6427902579307556,-0.03397704288363457,0.7764316201210022,0.5649711489677429,-0.05090993642807007,0.7599783539772034,0.5196055769920349,-0.051767125725746155,0.7405600547790527,0.47030484676361084,-0.04818996042013168,I
0.818028450012207,0.8724852204322815,-4.6741124037907866e-07,0.7533454895019531,0.8424220681190491,-0.006569263059645891,0.7094993591308594,0.7853339314460754,-0.014475318603217602,0.6859138607978821,0.738029956817627,-0.028048986569046974,0.6866553425788879,0.7083652019500732,-0.03683656081557274,0.7264622449874878,0.6774594187736511,0.013051174581050873,0.6929736733436584,0.652882993221283,-0.015956342220306396,0.7088212966918945,0.7117984890937805,-0.03189684823155403,0.7318384647369385,0.7491869926452637,-0.03604991361498833,0.7522655725479126,0.6635106205940247,0.004064967855811119,0.7115229368209839,0.6305211782455444,-0.034135282039642334,0.7269840240478516,0.7072977423667908,-0.04565855860710144,0.7512792944908142,0.750663697719574,-0.042258281260728836,0.7863194346427917,0.6540935039520264,-0.009710910730063915,0.7468442320823669,0.6155560612678528,-0.045534443110227585,0.7481695413589478,0.688900887966156,-0.04419123753905296,0.7637782692909241,0.7383769750595093,-0.030014274641871452,0.8226655125617981,0.6506712436676025,-0.024560507386922836,0.8240543603897095,0.5661294460296631,-0.043074142187833786,0.819111704826355,0.5127204656600952,-0.04610675945878029,0.8149649500846863,0.4642903208732605,-0.04221533611416817,I
0.8324369788169861,0.8706498742103577,-3.6648944501394e-07,0.7696582674980164,0.8448799848556519,-0.04095897078514099,0.7265207767486572,0.7683119773864746,-0.06348387897014618,0.7531376481056213,0.6942770481109619,-0.08209410309791565,0.8045932650566101,0.690250039100647,-0.09311525523662567,0.723425567150116,0.6672459244728088,-0.03695911541581154,0.7355531454086304,0.6199736595153809,-0.06848329305648804,0.758772075176239,0.6841555237770081,-0.08241285383701324,0.7651035189628601,0.7218343019485474,-0.08863997459411621,0.7698354125022888,0.6409276723861694,-0.028864901512861252,0.7809736132621765,0.5900620222091675,-0.06432448327541351,0.8019987344741821,0.6732114553451538,-0.0701637864112854,0.7998756170272827,0.7080681920051575,-0.06707625091075897,0.8155826926231384,0.6293244361877441,-0.026226866990327835,0.8271360397338867,0.5611791610717773,-0.05693906918168068,0.8390017151832581,0.6357347965240479,-0.048518817871809006,0.835491418838501,0.6906673908233643,-0.03454231098294258,0.8573166131973267,0.6317200660705566,-0.02768160216510296,0.8596687316894531,0.5534398555755615,-0.04425962641835213,0.8631858825683594,0.5091602802276611,-0.044257085770368576,0.8602522015571594,0.46270930767059326,-0.04043670371174812,I
0.8029986619949341,0.847472608089447,-3.426766852498986e-07,0.7405521273612976,0.819957435131073,-0.02981603518128395,0.698837161064148,0.7447627782821655,-0.045963387936353683,0.7248580455780029,0.6806668639183044,-0.06032773107290268,0.772473931312561,0.6813662648200989,-0.06883594393730164,0.7160195112228394,0.6444142460823059,-0.027217645198106766,0.7206769585609436,0.604155421257019,-0.0534190908074379,0.7358189225196838,0.6655943393707275,-0.0637635663151741,0.743381917476654,0.7030069828033447,-0.06827948242425919,0.7628908753395081,0.6281588673591614,-0.024901680648326874,0.768232524394989,0.5827611684799194,-0.05925174802541733,0.7763639688491821,0.663923442363739,-0.06597201526165009,0.7752561569213867,0.7033077478408813,-0.06324957311153412,0.8080915808677673,0.6262823343276978,-0.02727411314845085,0.8190428018569946,0.5646674633026123,-0.05847513675689697,0.8166449666023254,0.6353999376296997,-0.054308969527482986,0.8079873323440552,0.6864399909973145,-0.04310239106416702,0.8493310213088989,0.6359743475914001,-0.03252539783716202,0.8631063103675842,0.5605470538139343,-0.05291634052991867,0.8722522258758545,0.5151697397232056,-0.057612333446741104,0.8767350912094116,0.46524468064308167,-0.056963156908750534,I
0.7904732823371887,0.7497143745422363,-3.095908027717087e-07,0.7297343611717224,0.7264235019683838,-0.029076319187879562,0.6853654980659485,0.6605116128921509,-0.04444305598735809,0.7029467821121216,0.5987734198570251,-0.05804067850112915,0.7490661144256592,0.5942186117172241,-0.06578744202852249,0.7032120823860168,0.5582700371742249,-0.024621358141303062,0.7051385045051575,0.5202786922454834,-0.04780636727809906,0.7198688983917236,0.5788576006889343,-0.0565556138753891,0.7271575331687927,0.6143995523452759,-0.06041794270277023,0.7468469738960266,0.5405542850494385,-0.021991955116391182,0.7501972913742065,0.5006707310676575,-0.053235091269016266,0.7580902576446533,0.579595148563385,-0.059513431042432785,0.7569153904914856,0.6176066994667053,-0.05718599632382393,0.7903470396995544,0.5367473363876343,-0.023877756670117378,0.7989121675491333,0.48127609491348267,-0.05349615588784218,0.7958264946937561,0.5507010817527771,-0.04993889108300209,0.787534236907959,0.6007587313652039,-0.03954863175749779,0.8308596014976501,0.5443800687789917,-0.028436172753572464,0.8449829816818237,0.47156161069869995,-0.04863688349723816,0.8545199632644653,0.4274178147315979,-0.05357882380485535,0.8588987588882446,0.37946921586990356,-0.05311828851699829,I
0.7906496524810791,0.7151498794555664,-4.29297273285556e-07,0.7307544946670532,0.6901516318321228,-0.03677891567349434,0.6852007508277893,0.6178281903266907,-0.05551012232899666,0.7078897356987,0.5560705065727234,-0.06953639537096024,0.7573825120925903,0.5648530721664429,-0.07529488205909729,0.7109341025352478,0.49818477034568787,-0.04049381613731384,0.7158982157707214,0.4707143008708954,-0.0653272420167923,0.7251381874084473,0.5422238111495972,-0.0717090368270874,0.7211020588874817,0.5665416717529297,-0.07580941915512085,0.7562441825866699,0.48462218046188354,-0.034105006605386734,0.7620710730552673,0.4637010097503662,-0.06009330600500107,0.7636047601699829,0.5508528351783752,-0.05654595047235489,0.7527464628219604,0.5607319474220276,-0.05213165283203125,0.801016628742218,0.4883565306663513,-0.033190563321113586,0.8135427832603455,0.4436519145965576,-0.061045918613672256,0.8045335412025452,0.5200453996658325,-0.05003286525607109,0.7896799445152283,0.5622345209121704,-0.038269005715847015,0.8413728475570679,0.5017784237861633,-0.03593941405415535,0.8614259362220764,0.4249570369720459,-0.06104934215545654,0.8725594282150269,0.3774389922618866,-0.06801596283912659,0.878359854221344,0.3233056664466858,-0.07014402747154236,I
0.7870429158210754,0.7037602663040161,-3.754050510451634e-07,0.7219545245170593,0.6784453392028809,-0.022626817226409912,0.6717038750648499,0.6054357290267944,-0.03592630475759506,0.687309741973877,0.5375564098358154,-0.04945944994688034,0.7378839254379272,0.5390443801879883,-0.05749441683292389,0.6956438422203064,0.5061109066009521,-0.013966154307126999,0.691037654876709,0.46689844131469727,-0.03851215913891792,0.7081247568130493,0.5268942713737488,-0.049889713525772095,0.7153952717781067,0.5607690215110779,-0.05511239543557167,0.7375126481056213,0.48722583055496216,-0.014752458781003952,0.7326179146766663,0.4439798891544342,-0.04695002734661102,0.7454131841659546,0.5209479331970215,-0.05412522703409195,0.7471532225608826,0.5623352527618408,-0.05163969099521637,0.7793459892272949,0.4813014566898346,-0.020155325531959534,0.7784126996994019,0.42060038447380066,-0.04983411729335785,0.7792345285415649,0.488101601600647,-0.046548664569854736,0.7735067009925842,0.5411516427993774,-0.03576747700572014,0.8188989758491516,0.4871867895126343,-0.027861639857292175,0.8302322626113892,0.4115496277809143,-0.045705072581768036,0.8386252522468567,0.3648141622543335,-0.04961318150162697,0.8402218818664551,0.31654003262519836,-0.048773281276226044,I
0.8444518446922302,0.9040561318397522,-4.5779830770698027e-07,0.7774398922920227,0.8775734901428223,-0.019309381023049355,0.7240199446678162,0.8020670413970947,-0.030054260045289993,0.7301069498062134,0.7262453436851501,-0.043440066277980804,0.7740522027015686,0.7131530046463013,-0.05201617255806923,0.7399611473083496,0.7102235555648804,0.0024482128210365772,0.7331370711326599,0.664233922958374,-0.026046408340334892,0.7511281371116638,0.7218849658966064,-0.04187672212719917,0.760987401008606,0.7569499015808105,-0.046959951519966125,0.7808259129524231,0.6927420496940613,0.0007374084671027958,0.77558434009552,0.6445081830024719,-0.03602398559451103,0.7901569604873657,0.723167359828949,-0.04759415611624718,0.7952548861503601,0.7703048586845398,-0.04374254494905472,0.8218586444854736,0.6838806867599487,-0.0062529826536774635,0.816900372505188,0.6242602467536926,-0.03881531208753586,0.8225470185279846,0.6979788541793823,-0.036127060651779175,0.8243172764778137,0.7554783225059509,-0.021166082471609116,0.8609700798988342,0.6831046342849731,-0.015272602438926697,0.8512808680534363,0.6087646484375,-0.02718217857182026,0.8431675434112549,0.5644996762275696,-0.025254959240555763,0.8346723318099976,0.5218003988265991,-0.01822763867676258,I
0.8450325727462769,0.9085209369659424,-4.6522725938302756e-07,0.779830276966095,0.8848732709884644,-0.020606838166713715,0.7283709049224854,0.8052777051925659,-0.031668711453676224,0.7424685955047607,0.7312440276145935,-0.044026393443346024,0.7890995740890503,0.7258018255233765,-0.051618121564388275,0.7441520094871521,0.7146952152252197,-0.007660862058401108,0.7408997416496277,0.6724042892456055,-0.03479515761137009,0.7596994042396545,0.7309004068374634,-0.04903736338019371,0.7690482139587402,0.7652455568313599,-0.05387762561440468,0.7860625386238098,0.6975420713424683,-0.008236721158027649,0.7845188975334167,0.6524718999862671,-0.04313212260603905,0.7983658313751221,0.7332295179367065,-0.05304567515850067,0.8007175922393799,0.7794535160064697,-0.04933379590511322,0.8277759552001953,0.6897926330566406,-0.01325678825378418,0.8274750709533691,0.6322523355484009,-0.04391983523964882,0.8315444588661194,0.7100170254707336,-0.040345001965761185,0.8297691941261292,0.76863032579422,-0.02603217214345932,0.8668993711471558,0.690315842628479,-0.020338894799351692,0.8588235974311829,0.6150568127632141,-0.03302286937832832,0.8534369468688965,0.5693235993385315,-0.03186213597655296,0.8474743962287903,0.5231225490570068,-0.02579249069094658,I
0.8260037302970886,0.8599493503570557,-3.917290882782254e-07,0.7658394575119019,0.8381108045578003,-0.03503565490245819,0.7177022695541382,0.7733358144760132,-0.055521391332149506,0.7334750890731812,0.7178025245666504,-0.07303030788898468,0.7810360193252563,0.7180554866790771,-0.08339183777570724,0.7416793704032898,0.6600745916366577,-0.03984523192048073,0.7420310378074646,0.6280055642127991,-0.06708019226789474,0.7565034627914429,0.6950299143791199,-0.07376628369092941,0.7577438950538635,0.7249317765235901,-0.07525507360696793,0.7860975861549377,0.6468155384063721,-0.03571555018424988,0.7892283201217651,0.6240027546882629,-0.06760254502296448,0.7955915927886963,0.7102831602096558,-0.06923887878656387,0.7873838543891907,0.733522891998291,-0.06456106901168823,0.8302431702613831,0.6480826139450073,-0.03639652952551842,0.8397035598754883,0.6126283407211304,-0.07024376839399338,0.8352964520454407,0.6930641531944275,-0.06338930875062943,0.8227924108505249,0.7376614809036255,-0.04971110820770264,0.8699554204940796,0.6573721766471863,-0.039853040128946304,0.8764960169792175,0.5809787511825562,-0.06262405961751938,0.8804761171340942,0.5323342084884644,-0.06591948121786118,0.8811972737312317,0.47775912284851074,-0.06332208961248398,I
0.8211736083030701,0.7966398596763611,-4.110324596240389e-07,0.7610384821891785,0.7749859690666199,-0.0376148596405983,0.7124838829040527,0.7097397446632385,-0.05915262550115585,0.7319208383560181,0.6521944999694824,-0.07706954330205917,0.7803145051002502,0.6519444584846497,-0.08749742060899734,0.7337436079978943,0.5967252850532532,-0.04477717727422714,0.7360555529594421,0.563212513923645,-0.07267589867115021,0.7522492408752441,0.6307700872421265,-0.07875709980726242,0.7526987791061401,0.6599839925765991,-0.08037232607603073,0.7793685793876648,0.5809760093688965,-0.03984927386045456,0.7848303914070129,0.5562839508056641,-0.07307890802621841,0.7936235666275024,0.6450923681259155,-0.07460904121398926,0.7834321856498718,0.6663852334022522,-0.07021162658929825,0.8247989416122437,0.57967209815979,-0.03980245441198349,0.8362968564033508,0.5390945076942444,-0.0739755928516388,0.8337826132774353,0.6193104386329651,-0.06671223789453506,0.8204891681671143,0.6641858816146851,-0.053634364157915115,0.8659144043922424,0.5866240859031677,-0.04285936802625656,0.8723623752593994,0.5085282921791077,-0.06718666851520538,0.8763364553451538,0.4589216709136963,-0.07194389402866364,0.8759682774543762,0.4032802879810333,-0.07083478569984436,I
0.8220778703689575,0.7974633574485779,-2.5969853822971345e-07,0.7712902426719666,0.7685216069221497,-0.050915420055389404,0.7494763731956482,0.6881603002548218,-0.07641761004924774,0.7863675355911255,0.6191863417625427,-0.09421898424625397,0.8398208022117615,0.6037521958351135,-0.10361173748970032,0.7245969772338867,0.5879458785057068,-0.04449472203850746,0.750200092792511,0.5377525091171265,-0.07666430622339249,0.7755371928215027,0.5887860059738159,-0.0907035693526268,0.7848517894744873,0.6242697238922119,-0.09519194066524506,0.7711260914802551,0.5656393766403198,-0.03073146939277649,0.8016670942306519,0.5124953985214233,-0.06852411478757858,0.8176969885826111,0.5856952667236328,-0.07914979010820389,0.8097293972969055,0.6203433275222778,-0.07649462670087814,0.8159943222999573,0.5599229335784912,-0.022514434531331062,0.8418360948562622,0.4998496174812317,-0.05235215649008751,0.8494192957878113,0.5465379953384399,-0.0524824894964695,0.8391237258911133,0.5761022567749023,-0.043790459632873535,0.8539602160453796,0.5665959715843201,-0.01847551390528679,0.8627674579620361,0.4941878318786621,-0.03355827182531357,0.8726695775985718,0.45231181383132935,-0.035576362162828445,0.8738195896148682,0.4069364070892334,-0.03261232748627663,I
0.8276811838150024,0.7865613698959351,-2.028639585205383e-07,0.7745476365089417,0.7601197957992554,-0.057526636868715286,0.7490909099578857,0.6794930100440979,-0.08668757975101471,0.7880389094352722,0.6111357808113098,-0.10723527520895004,0.840258002281189,0.6031688451766968,-0.11967246234416962,0.7411899566650391,0.5774157643318176,-0.05263529717922211,0.7711828351020813,0.5417171120643616,-0.09174322336912155,0.7922620177268982,0.6031646728515625,-0.11275703459978104,0.8003549575805664,0.6393053531646729,-0.12234017252922058,0.7892540097236633,0.5580477714538574,-0.03733528032898903,0.8183095455169678,0.5153729319572449,-0.07903730124235153,0.8319854140281677,0.587993860244751,-0.0928320437669754,0.8274504542350769,0.6168508529663086,-0.09373240172863007,0.8338403105735779,0.5569211840629578,-0.028637127950787544,0.8594495058059692,0.5059506893157959,-0.062125444412231445,0.8670892715454102,0.5534177422523499,-0.06324804574251175,0.8604281544685364,0.5812792181968689,-0.05565357580780983,0.8707740902900696,0.566590428352356,-0.02498990297317505,0.8829365372657776,0.4960445165634155,-0.04210348054766655,0.8939177393913269,0.45521605014801025,-0.045011572539806366,0.8977369666099548,0.40982747077941895,-0.043257519602775574,I
0.8150519132614136,0.787621021270752,-3.351538850893121e-07,0.7591959834098816,0.759117841720581,-0.04715309664607048,0.7245917320251465,0.6773086190223694,-0.07148314267396927,0.7562630772590637,0.6099267601966858,-0.08987578004598618,0.808570146560669,0.6056546568870544,-0.10004428029060364,0.7377699017524719,0.5761781334877014,-0.04826299101114273,0.7498496770858765,0.5409194231033325,-0.07906914502382278,0.761875331401825,0.6086950302124023,-0.09075119346380234,0.762764036655426,0.639667809009552,-0.0966966301202774,0.7838508486747742,0.5590949654579163,-0.03779623657464981,0.7980234622955322,0.5206104516983032,-0.07177833467721939,0.8037439584732056,0.6048348546028137,-0.07551812380552292,0.7952560186386108,0.6265748143196106,-0.07271362096071243,0.8278840184211731,0.5581613779067993,-0.03298811614513397,0.8466994166374207,0.5018571019172668,-0.06271492689847946,0.8448004722595215,0.5712630152702332,-0.05392760783433914,0.8323560953140259,0.6136692762374878,-0.04194261506199837,0.8659810423851013,0.5695692896842957,-0.032884951680898666,0.880154013633728,0.4961847960948944,-0.052788108587265015,0.8902573585510254,0.45359987020492554,-0.055588431656360626,0.8947227001190186,0.4049757122993469,-0.054438479244709015,I
0.8101391196250916,0.7906647324562073,-3.7729412838416465e-07,0.752042829990387,0.759341835975647,-0.03843348100781441,0.715241014957428,0.6764636635780334,-0.058590393513441086,0.7480435967445374,0.6095981597900391,-0.07518092542886734,0.8011428117752075,0.6057263612747192,-0.08442290872335434,0.7348816394805908,0.5760520696640015,-0.034980617463588715,0.7444822192192078,0.5413444638252258,-0.06622499227523804,0.7540366053581238,0.6074345707893372,-0.0805305689573288,0.7549586296081543,0.6369568109512329,-0.08806563913822174,0.779991626739502,0.5621851086616516,-0.028716085478663445,0.7912423610687256,0.5233936905860901,-0.06386856734752655,0.7942808270454407,0.6064039468765259,-0.06934523582458496,0.7868505120277405,0.6311362385749817,-0.06720028072595596,0.8233487606048584,0.5622464418411255,-0.028235934674739838,0.8410623669624329,0.5034597516059875,-0.059865180402994156,0.8354917764663696,0.5748422741889954,-0.05225592106580734,0.822353720664978,0.6191750168800354,-0.040028780698776245,0.8620268702507019,0.5736139416694641,-0.031743038445711136,0.8777847290039062,0.4994218945503235,-0.05202975869178772,0.8881258964538574,0.455233097076416,-0.05489778146147728,0.8937137126922607,0.40371692180633545,-0.05345791205763817,I
0.7883116006851196,0.7504093050956726,-2.690074154543254e-07,0.7368184924125671,0.741905689239502,-0.022469565272331238,0.6910662651062012,0.6979475617408752,-0.034028083086013794,0.6898521184921265,0.6405997276306152,-0.045753322541713715,0.7224133014678955,0.6124361157417297,-0.05325024202466011,0.6970030069351196,0.6159977316856384,-0.011843804270029068,0.6959437727928162,0.5791639089584351,-0.03505055233836174,0.7138031125068665,0.6203069686889648,-0.0455205999314785,0.7240617871284485,0.6581076383590698,-0.0481429249048233,0.729897141456604,0.5946276187896729,-0.010823771357536316,0.7290834784507751,0.5571891069412231,-0.04216178134083748,0.7462711334228516,0.6204162836074829,-0.051917582750320435,0.752710223197937,0.6651286482810974,-0.04990927502512932,0.7632916569709778,0.5834944248199463,-0.014164669439196587,0.765204131603241,0.543576717376709,-0.04566196724772453,0.7745565176010132,0.6033782362937927,-0.04708274081349373,0.7772257328033447,0.6531919240951538,-0.037292324006557465,0.795621931552887,0.5825048685073853,-0.019187867641448975,0.7989532351493835,0.5197926759719849,-0.037628285586833954,0.8028655648231506,0.48015105724334717,-0.041930343955755234,0.8027019500732422,0.44340118765830994,-0.03988241031765938,I
0.7910327911376953,0.7669156789779663,-2.481697833900398e-07,0.7387141585350037,0.7441086173057556,-0.020788822323083878,0.7029430270195007,0.6751139163970947,-0.030710943043231964,0.7227550148963928,0.6190037131309509,-0.04064531996846199,0.7636570334434509,0.6229615807533264,-0.04635573923587799,0.7221233248710632,0.6015328168869019,-0.01244442444294691,0.7277694940567017,0.5636545419692993,-0.033230025321245193,0.7371880412101746,0.6088178157806396,-0.04295707494020462,0.7386269569396973,0.6373961567878723,-0.04760878160595894,0.7583107948303223,0.5894201397895813,-0.012825866229832172,0.7644516229629517,0.5446801781654358,-0.04129793122410774,0.7709428071975708,0.601553201675415,-0.049561720341444016,0.769707441329956,0.6343078017234802,-0.04864584654569626,0.792780339717865,0.5898027420043945,-0.0172282587736845,0.8029080033302307,0.5447893142700195,-0.04535536840558052,0.8013097643852234,0.6029583215713501,-0.045876167714595795,0.7939111590385437,0.6467586159706116,-0.03797795996069908,0.8246756792068481,0.5997312068939209,-0.023624159395694733,0.8410745859146118,0.5423436164855957,-0.04206246882677078,0.8528968095779419,0.5067939758300781,-0.04809514060616493,0.8599638938903809,0.46976417303085327,-0.0488063283264637,I
0.8299811482429504,0.7368338704109192,-2.3468739129839378e-07,0.7708381414413452,0.723118782043457,-0.01870202086865902,0.7297223806381226,0.6737530827522278,-0.029680119827389717,0.7396182417869568,0.6241282820701599,-0.04113577678799629,0.7754205465316772,0.6097847819328308,-0.04862024635076523,0.7429009079933167,0.5929259061813354,-0.013732759281992912,0.741170346736908,0.5606858134269714,-0.03547627478837967,0.758222222328186,0.6026822328567505,-0.0451616570353508,0.7657448649406433,0.6320788860321045,-0.0492216981947422,0.7775125503540039,0.572232186794281,-0.015354961156845093,0.7754911780357361,0.5360190272331238,-0.04419451579451561,0.7886624932289124,0.5914438366889954,-0.052561674267053604,0.7910858988761902,0.6232304573059082,-0.052140187472105026,0.812750518321991,0.5641450881958008,-0.020563840866088867,0.8145195841789246,0.5222983956336975,-0.05009131878614426,0.8193733096122742,0.583335280418396,-0.04897841066122055,0.8165482878684998,0.6281365752220154,-0.0397537536919117,0.8460385799407959,0.5669993162155151,-0.027300449088215828,0.8556762337684631,0.5051385164260864,-0.047065626829862595,0.8631166219711304,0.4658205509185791,-0.051176901906728745,0.8647345900535583,0.42550528049468994,-0.04991767182946205,I
0.8098695278167725,0.7826980948448181,-1.9129116424210224e-07,0.7580272555351257,0.7648695111274719,-0.02171930857002735,0.7210775017738342,0.707341194152832,-0.033183395862579346,0.7373806238174438,0.6536719799041748,-0.044460948556661606,0.7740318775177002,0.6503432393074036,-0.05182081460952759,0.732852041721344,0.6352522969245911,-0.01457759365439415,0.7366840839385986,0.6008326411247253,-0.03680390492081642,0.7512991428375244,0.6395915150642395,-0.04724646359682083,0.7563197612762451,0.6717811226844788,-0.051030147820711136,0.7671450972557068,0.6188666224479675,-0.014112653210759163,0.7714067101478577,0.5792091488838196,-0.0433683842420578,0.7836342453956604,0.6326791644096375,-0.05265369638800621,0.7846205830574036,0.6675310134887695,-0.05191422998905182,0.8004447817802429,0.614111065864563,-0.017547260969877243,0.8073805570602417,0.5704249143600464,-0.04569491371512413,0.812496542930603,0.6256852746009827,-0.04614945128560066,0.8094513416290283,0.6703680157661438,-0.03767015412449837,0.8309715986251831,0.6192392706871033,-0.022923758253455162,0.8416767716407776,0.5613625049591064,-0.03966346010565758,0.8495290875434875,0.5252512693405151,-0.04361258074641228,0.8524578213691711,0.48894697427749634,-0.04243050888180733,I
